OrderID,OrderDate,CustomerID,CustomerName,City,ProductID,ProductName,Category,Quantity,UnitPrice,DiscountPercentage,DiscountAmount,PaymentMethod,TotalSales
ORD01611,2025-01-01,C0039,Sahan Samarasinghe,Negombo,P007,Office Desk,Furniture,4,55000,0,0.0,Cash,220000.0
ORD01773,2025-01-01,C0156,Nethmi Gunawardena,Batticaloa,P006,Office Chair,Furniture,1,35000,10,3500.0,Credit Card,31500.0
ORD01966,2025-01-01,C0219,Dilini Jayasinghe,Anuradhapura,P018,Blender,Home Appliances,2,14000,0,0.0,Cash,28000.0
ORD01792,2025-01-01,C0458,Hiruni Fernando,Anuradhapura,P005,Smart Watch,Electronics,4,25000,5,5000.0,Credit Card,95000.0
ORD01451,2025-01-01,C0166,Kasun Perera,Galle,P017,Electric Kettle,Home Appliances,3,8500,10,2550.0,Online Payment,22950.0
ORD01876,2025-01-01,C0034,Chamod Perera,Negombo,P024,File Folder,Stationery,1,650,0,0.0,Credit Card,650.0
ORD01188,2025-01-02,C0468,Ravindu Perera,Jaffna,P014,Sneakers,Clothing,1,15000,10,1500.0,Debit Card,13500.0
ORD00399,2025-01-02,C0486,Hasini Gunawardena,Batticaloa,P002,Smartphone,Electronics,1,95000,10,9500.0,Credit Card,85500.0
ORD00372,2025-01-02,C0389,Sachini Wijesinghe,Kandy,P007,Office Desk,Furniture,2,55000,5,5500.0,Online Payment,104500.0
ORD00969,2025-01-02,C0417,Nethmi Karunaratne,Negombo,P021,Notebook,Stationery,5,800,0,0.0,Cash,4000.0
ORD02258,2025-01-02,C0414,Nethmi Samarasinghe,Kurunegala,P004,Wireless Headphones,Electronics,1,18000,5,900.0,Online Payment,17100.0
ORD01956,2025-01-02,C0247,Isuru Silva,Kandy,P024,File Folder,Stationery,1,650,10,65.0,Debit Card,585.0
ORD02381,2025-01-02,C0148,Dilini Rathnayake,Jaffna,P012,Jeans,Clothing,1,7500,5,375.0,Online Payment,7125.0
ORD00458,2025-01-03,C0007,Kasun Fernando,Batticaloa,P022,Pen Set,Stationery,1,1200,0,0.0,Cash,1200.0
ORD02623,2025-01-03,C0032,Amal Perera,Ratnapura,P017,Electric Kettle,Home Appliances,1,8500,5,425.0,Online Payment,8075.0
ORD02038,2025-01-04,C0460,Dilini Gunawardena,Kandy,P005,Smart Watch,Electronics,4,25000,10,10000.0,Debit Card,90000.0
ORD00664,2025-01-04,C0319,Sahan Perera,Anuradhapura,P016,Coffee Maker,Home Appliances,3,22000,0,0.0,Online Payment,66000.0
ORD02746,2025-01-05,C0293,Hasini Silva,Ratnapura,P009,Dining Table,Furniture,1,85000,0,0.0,Debit Card,85000.0
ORD00447,2025-01-05,C0020,Piumi Bandara,Kurunegala,P001,Laptop,Electronics,3,180000,5,27000.0,Cash,513000.0
ORD00448,2025-01-05,C0321,Ravindu Bandara,Kurunegala,P010,Computer Table,Furniture,1,42000,10,4200.0,Debit Card,37800.0
ORD01672,2025-01-05,C0464,Ravindu Jayasinghe,Galle,P013,Jacket,Clothing,3,12000,10,3600.0,Online Payment,32400.0
ORD00975,2025-01-05,C0462,Amal Silva,Matara,P018,Blender,Home Appliances,3,14000,15,6300.0,Online Payment,35700.0
ORD00986,2025-01-06,C0201,Isuru Jayasinghe,Kandy,P019,Rice Cooker,Home Appliances,3,18000,5,2700.0,Online Payment,51300.0
ORD02857,2025-01-06,C0355,Ayesha Gunawardena,Kurunegala,P003,Tablet,Electronics,3,65000,0,0.0,Online Payment,195000.0
ORD01444,2025-01-06,C0160,Isuru Bandara,Kandy,P018,Blender,Home Appliances,1,14000,0,0.0,Cash,14000.0
ORD00371,2025-01-07,C0478,Tharushi Perera,Jaffna,P018,Blender,Home Appliances,1,14000,0,0.0,Debit Card,14000.0
ORD00285,2025-01-07,C0212,Tharindu Bandara,Kandy,P023,Calculator,Stationery,1,2500,5,125.0,Online Payment,2375.0
ORD01322,2025-01-07,C0237,Hiruni Rathnayake,Colombo,P003,Tablet,Electronics,1,65000,0,0.0,Debit Card,65000.0
ORD01144,2025-01-07,C0316,Nethmi Jayasinghe,Negombo,P012,Jeans,Clothing,1,7500,10,750.0,Credit Card,6750.0
ORD02737,2025-01-08,C0416,Piumi Perera,Kurunegala,P019,Rice Cooker,Home Appliances,2,18000,5,1800.0,Cash,34200.0
ORD00756,2025-01-08,C0092,Kasun Karunaratne,Negombo,P014,Sneakers,Clothing,2,15000,15,4500.0,Credit Card,25500.0
ORD01585,2025-01-08,C0195,Tharushi Gunawardena,Kandy,P012,Jeans,Clothing,1,7500,5,375.0,Cash,7125.0
ORD02410,2025-01-08,C0365,Nimal Perera,Galle,P014,Sneakers,Clothing,4,15000,15,9000.0,Online Payment,51000.0
ORD00022,2025-01-08,C0037,Nimal Bandara,Kandy,P002,Smartphone,Electronics,3,95000,0,0.0,Credit Card,285000.0
ORD02478,2025-01-09,C0054,Hasini Fernando,Ratnapura,P011,T-Shirt,Clothing,1,4500,0,0.0,Online Payment,4500.0
ORD02759,2025-01-09,C0387,Dinesh Samarasinghe,Galle,P012,Jeans,Clothing,2,7500,10,1500.0,Credit Card,13500.0
ORD00868,2025-01-09,C0466,Sachini Wijesinghe,Negombo,P003,Tablet,Electronics,4,65000,5,13000.0,Debit Card,247000.0
ORD00591,2025-01-09,C0120,Kasun Silva,Colombo,P016,Coffee Maker,Home Appliances,1,22000,10,2200.0,Debit Card,19800.0
ORD02142,2025-01-09,C0296,Sanduni Silva,Galle,P020,Microwave Oven,Home Appliances,1,48000,0,0.0,Cash,48000.0
ORD01856,2025-01-09,C0167,Chamod Wijesinghe,Ratnapura,P001,Laptop,Electronics,2,180000,0,0.0,Online Payment,360000.0
ORD01026,2025-01-10,C0256,Dilini Jayasinghe,Jaffna,P014,Sneakers,Clothing,1,15000,10,1500.0,Debit Card,13500.0
ORD02683,2025-01-10,C0112,Isuru Jayasinghe,Colombo,P021,Notebook,Stationery,2,800,5,80.0,Credit Card,1520.0
ORD00585,2025-01-10,C0393,Tharushi Wijesinghe,Batticaloa,P008,Bookshelf,Furniture,3,28000,10,8400.0,Credit Card,75600.0
ORD00347,2025-01-10,C0005,Sanduni Fernando,Matara,P023,Calculator,Stationery,1,2500,0,0.0,Credit Card,2500.0
ORD00291,2025-01-10,C0360,Chamod Fernando,Anuradhapura,P014,Sneakers,Clothing,2,15000,10,3000.0,Cash,27000.0
ORD02299,2025-01-11,C0081,Tharushi Perera,Kandy,P011,T-Shirt,Clothing,1,4500,5,225.0,Credit Card,4275.0
ORD01468,2025-01-11,C0112,Dilini Rathnayake,Kandy,P024,File Folder,Stationery,4,650,5,130.0,Credit Card,2470.0
ORD00993,2025-01-11,C0233,Sachini Rathnayake,Matara,P020,Microwave Oven,Home Appliances,2,48000,10,9600.0,Cash,86400.0
ORD02601,2025-01-11,C0174,Nethmi Rathnayake,Batticaloa,P011,T-Shirt,Clothing,1,4500,0,0.0,Online Payment,4500.0
ORD02748,2025-01-11,C0163,Dinesh Wijesinghe,Jaffna,P024,File Folder,Stationery,3,650,0,0.0,Cash,1950.0
ORD01129,2025-01-11,C0051,Sachini Bandara,Matara,P004,Wireless Headphones,Electronics,3,18000,0,0.0,Credit Card,54000.0
ORD01137,2025-01-11,C0493,Tharushi Samarasinghe,Galle,P016,Coffee Maker,Home Appliances,1,22000,0,0.0,Online Payment,22000.0
ORD01750,2025-01-12,C0153,Sahan Bandara,Galle,P010,Computer Table,Furniture,1,42000,10,4200.0,Cash,37800.0
ORD01113,2025-01-12,C0062,Dinesh Fernando,Kandy,P016,Coffee Maker,Home Appliances,2,22000,5,2200.0,Cash,41800.0
ORD01494,2025-01-12,C0249,Sachini Gunawardena,Colombo,P010,Computer Table,Furniture,1,42000,0,0.0,Online Payment,42000.0
ORD00303,2025-01-13,C0150,Tharushi Gunawardena,Kandy,P024,File Folder,Stationery,4,650,5,130.0,Credit Card,2470.0
ORD00087,2025-01-13,C0294,Kavindu Rathnayake,Anuradhapura,P015,Backpack,Clothing,1,6500,0,0.0,Debit Card,6500.0
ORD02237,2025-01-13,C0019,Dinesh Samarasinghe,Kandy,P023,Calculator,Stationery,3,2500,15,1125.0,Online Payment,6375.0
ORD00287,2025-01-13,C0009,Hiruni Wijesinghe,Ratnapura,P010,Computer Table,Furniture,1,42000,10,4200.0,Credit Card,37800.0
ORD00361,2025-01-13,C0363,Tharindu Perera,Galle,P016,Coffee Maker,Home Appliances,4,22000,5,4400.0,Credit Card,83600.0
ORD00594,2025-01-13,C0063,Ravindu Gunawardena,Anuradhapura,P008,Bookshelf,Furniture,2,28000,0,0.0,Credit Card,56000.0
ORD02304,2025-01-13,C0105,Hasini Fernando,Colombo,P009,Dining Table,Furniture,1,85000,0,0.0,Credit Card,85000.0
ORD01300,2025-01-14,C0342,Ayesha Gunawardena,Kurunegala,P001,Laptop,Electronics,1,180000,5,9000.0,Cash,171000.0
ORD02335,2025-01-14,C0066,Nimal Bandara,Colombo,P009,Dining Table,Furniture,4,85000,0,0.0,Credit Card,340000.0
ORD01720,2025-01-14,C0378,Sanduni Karunaratne,Kandy,P005,Smart Watch,Electronics,2,25000,15,7500.0,Debit Card,42500.0
ORD00488,2025-01-14,C0381,Sahan Bandara,Batticaloa,P025,Desk Organizer,Stationery,3,1800,15,810.0,Credit Card,4590.0
ORD02761,2025-01-14,C0047,Chamod Silva,Jaffna,P009,Dining Table,Furniture,1,85000,0,0.0,Cash,85000.0
ORD02762,2025-01-14,C0311,Tharushi Gunawardena,Galle,P023,Calculator,Stationery,1,2500,0,0.0,Online Payment,2500.0
ORD02224,2025-01-14,C0477,Sahan Rathnayake,Galle,P023,Calculator,Stationery,1,2500,5,125.0,Credit Card,2375.0
ORD01286,2025-01-14,C0344,Isuru Rathnayake,Matara,P007,Office Desk,Furniture,1,55000,10,5500.0,Credit Card,49500.0
ORD02517,2025-01-14,C0025,Amal Bandara,Colombo,P022,Pen Set,Stationery,1,1200,10,120.0,Online Payment,1080.0
ORD01621,2025-01-14,C0052,Ayesha Bandara,Batticaloa,P016,Coffee Maker,Home Appliances,1,22000,10,2200.0,Debit Card,19800.0
ORD00250,2025-01-15,C0378,Sanduni Wijesinghe,Batticaloa,P022,Pen Set,Stationery,3,1200,0,0.0,Online Payment,3600.0
ORD02926,2025-01-15,C0444,Kavindu Karunaratne,Jaffna,P005,Smart Watch,Electronics,3,25000,10,7500.0,Debit Card,67500.0
ORD01138,2025-01-15,C0316,Isuru Perera,Matara,P023,Calculator,Stationery,2,2500,10,500.0,Credit Card,4500.0
ORD00635,2025-01-15,C0176,Dinesh Wijesinghe,Anuradhapura,P016,Coffee Maker,Home Appliances,1,22000,5,1100.0,Credit Card,20900.0
ORD01446,2025-01-15,C0476,Isuru Wijesinghe,Negombo,P014,Sneakers,Clothing,2,15000,5,1500.0,Debit Card,28500.0
ORD01945,2025-01-15,C0212,Dinesh Jayasinghe,Jaffna,P015,Backpack,Clothing,1,6500,0,0.0,Debit Card,6500.0
ORD01219,2025-01-16,C0074,Kavindu Samarasinghe,Kandy,P016,Coffee Maker,Home Appliances,1,22000,10,2200.0,Credit Card,19800.0
ORD02041,2025-01-16,C0288,Ayesha Gunawardena,Kandy,P022,Pen Set,Stationery,3,1200,0,0.0,Credit Card,3600.0
ORD01052,2025-01-16,C0206,Sanduni Perera,Matara,P007,Office Desk,Furniture,1,55000,0,0.0,Debit Card,55000.0
ORD02282,2025-01-16,C0003,Ayesha Wijesinghe,Kandy,P017,Electric Kettle,Home Appliances,2,8500,5,850.0,Debit Card,16150.0
ORD00277,2025-01-16,C0109,Isuru Fernando,Anuradhapura,P008,Bookshelf,Furniture,2,28000,5,2800.0,Online Payment,53200.0
ORD02175,2025-01-16,C0035,Sahan Silva,Matara,P022,Pen Set,Stationery,1,1200,5,60.0,Online Payment,1140.0
ORD01587,2025-01-17,C0488,Sahan Jayasinghe,Colombo,P005,Smart Watch,Electronics,3,25000,0,0.0,Cash,75000.0
ORD01243,2025-01-17,C0316,Tharushi Fernando,Anuradhapura,P024,File Folder,Stationery,3,650,0,0.0,Online Payment,1950.0
ORD02796,2025-01-17,C0395,Hiruni Rathnayake,Ratnapura,P021,Notebook,Stationery,2,800,10,160.0,Credit Card,1440.0
ORD00913,2025-01-17,C0357,Isuru Perera,Jaffna,P016,Coffee Maker,Home Appliances,2,22000,5,2200.0,Online Payment,41800.0
ORD00139,2025-01-17,C0090,Sahan Perera,Galle,P024,File Folder,Stationery,1,650,0,0.0,Cash,650.0
ORD02249,2025-01-17,C0033,Hiruni Gunawardena,Anuradhapura,P014,Sneakers,Clothing,1,15000,0,0.0,Cash,15000.0
ORD01177,2025-01-17,C0276,Hasini Fernando,Matara,P021,Notebook,Stationery,1,800,5,40.0,Online Payment,760.0
ORD00294,2025-01-17,C0493,Isuru Karunaratne,Galle,P025,Desk Organizer,Stationery,3,1800,10,540.0,Cash,4860.0
ORD01854,2025-01-18,C0414,Isuru Karunaratne,Kandy,P003,Tablet,Electronics,3,65000,5,9750.0,Credit Card,185250.0
ORD02820,2025-01-18,C0123,Dinithi Fernando,Anuradhapura,P002,Smartphone,Electronics,2,95000,0,0.0,Online Payment,190000.0
ORD02469,2025-01-18,C0215,Kasun Gunawardena,Kurunegala,P018,Blender,Home Appliances,1,14000,0,0.0,Cash,14000.0
ORD02920,2025-01-19,C0346,Tharushi Rathnayake,Kurunegala,P017,Electric Kettle,Home Appliances,1,8500,15,1275.0,Online Payment,7225.0
ORD01355,2025-01-19,C0283,Ayesha Perera,Matara,P025,Desk Organizer,Stationery,1,1800,0,0.0,Online Payment,1800.0
ORD02874,2025-01-19,C0161,Ravindu Karunaratne,Anuradhapura,P022,Pen Set,Stationery,1,1200,15,180.0,Debit Card,1020.0
ORD00925,2025-01-19,C0184,Sahan Jayasinghe,Galle,P006,Office Chair,Furniture,3,35000,0,0.0,Cash,105000.0
ORD02367,2025-01-19,C0016,Piumi Fernando,Anuradhapura,P017,Electric Kettle,Home Appliances,3,8500,0,0.0,Credit Card,25500.0
ORD00235,2025-01-20,C0226,Sanduni Gunawardena,Galle,P014,Sneakers,Clothing,2,15000,10,3000.0,Online Payment,27000.0
ORD02051,2025-01-20,C0285,Kasun Rathnayake,Anuradhapura,P013,Jacket,Clothing,4,12000,0,0.0,Cash,48000.0
ORD00639,2025-01-20,C0150,Sachini Bandara,Matara,P017,Electric Kettle,Home Appliances,5,8500,0,0.0,Debit Card,42500.0
ORD00606,2025-01-20,C0318,Dilini Karunaratne,Jaffna,P011,T-Shirt,Clothing,2,4500,10,900.0,Credit Card,8100.0
ORD00819,2025-01-20,C0397,Ayesha Gunawardena,Colombo,P007,Office Desk,Furniture,1,55000,0,0.0,Online Payment,55000.0
ORD00740,2025-01-20,C0460,Ayesha Silva,Colombo,P002,Smartphone,Electronics,2,95000,5,9500.0,Credit Card,180500.0
ORD02296,2025-01-20,C0073,Sanduni Wijesinghe,Anuradhapura,P022,Pen Set,Stationery,1,1200,0,0.0,Credit Card,1200.0
ORD02954,2025-01-20,C0455,Sanduni Karunaratne,Ratnapura,P002,Smartphone,Electronics,1,95000,10,9500.0,Cash,85500.0
ORD00423,2025-01-21,C0173,Kavindu Wijesinghe,Negombo,P016,Coffee Maker,Home Appliances,3,22000,0,0.0,Credit Card,66000.0
ORD01954,2025-01-21,C0033,Hasini Fernando,Jaffna,P010,Computer Table,Furniture,1,42000,5,2100.0,Credit Card,39900.0
ORD02256,2025-01-21,C0463,Nimal Gunawardena,Matara,P022,Pen Set,Stationery,1,1200,5,60.0,Cash,1140.0
ORD00453,2025-01-21,C0025,Dinesh Gunawardena,Anuradhapura,P013,Jacket,Clothing,1,12000,5,600.0,Online Payment,11400.0
ORD01181,2025-01-22,C0159,Chamod Silva,Matara,P022,Pen Set,Stationery,2,1200,0,0.0,Credit Card,2400.0
ORD01366,2025-01-22,C0256,Nimal Wijesinghe,Negombo,P019,Rice Cooker,Home Appliances,1,18000,0,0.0,Cash,18000.0
ORD01844,2025-01-22,C0256,Hiruni Karunaratne,Matara,P015,Backpack,Clothing,2,6500,10,1300.0,Credit Card,11700.0
ORD01702,2025-01-22,C0005,Nimal Jayasinghe,Kandy,P011,T-Shirt,Clothing,4,4500,10,1800.0,Credit Card,16200.0
ORD02312,2025-01-22,C0002,Sachini Rathnayake,Anuradhapura,P013,Jacket,Clothing,3,12000,0,0.0,Debit Card,36000.0
ORD00866,2025-01-22,C0331,Dinithi Perera,Colombo,P023,Calculator,Stationery,4,2500,5,500.0,Debit Card,9500.0
ORD00602,2025-01-22,C0353,Sachini Jayasinghe,Galle,P009,Dining Table,Furniture,3,85000,15,38250.0,Online Payment,216750.0
ORD01187,2025-01-22,C0423,Nimal Fernando,Ratnapura,P010,Computer Table,Furniture,1,42000,10,4200.0,Credit Card,37800.0
ORD02195,2025-01-23,C0320,Kasun Fernando,Negombo,P003,Tablet,Electronics,1,65000,0,0.0,Credit Card,65000.0
ORD02264,2025-01-23,C0483,Kasun Silva,Matara,P023,Calculator,Stationery,3,2500,10,750.0,Online Payment,6750.0
ORD01880,2025-01-23,C0223,Ayesha Wijesinghe,Kurunegala,P017,Electric Kettle,Home Appliances,1,8500,10,850.0,Cash,7650.0
ORD02035,2025-01-24,C0286,Ayesha Silva,Matara,P021,Notebook,Stationery,1,800,10,80.0,Cash,720.0
ORD01523,2025-01-24,C0381,Dinithi Gunawardena,Ratnapura,P017,Electric Kettle,Home Appliances,3,8500,0,0.0,Online Payment,25500.0
ORD01522,2025-01-24,C0167,Dinithi Bandara,Galle,P019,Rice Cooker,Home Appliances,2,18000,0,0.0,Debit Card,36000.0
ORD01569,2025-01-24,C0072,Dinesh Gunawardena,Matara,P013,Jacket,Clothing,3,12000,0,0.0,Cash,36000.0
ORD00876,2025-01-24,C0473,Piumi Karunaratne,Jaffna,P003,Tablet,Electronics,5,65000,5,16250.0,Debit Card,308750.0
ORD00983,2025-01-24,C0497,Piumi Karunaratne,Negombo,P022,Pen Set,Stationery,2,1200,15,360.0,Cash,2040.0
ORD02560,2025-01-24,C0378,Dinithi Karunaratne,Galle,P004,Wireless Headphones,Electronics,1,18000,0,0.0,Debit Card,18000.0
ORD01982,2025-01-25,C0442,Amal Fernando,Kurunegala,P006,Office Chair,Furniture,3,35000,0,0.0,Cash,105000.0
ORD01060,2025-01-25,C0118,Sanduni Jayasinghe,Jaffna,P007,Office Desk,Furniture,2,55000,5,5500.0,Credit Card,104500.0
ORD01762,2025-01-25,C0343,Tharushi Samarasinghe,Kandy,P002,Smartphone,Electronics,1,95000,0,0.0,Credit Card,95000.0
ORD00046,2025-01-25,C0338,Isuru Gunawardena,Kurunegala,P009,Dining Table,Furniture,3,85000,5,12750.0,Debit Card,242250.0
ORD02297,2025-01-25,C0208,Dinithi Jayasinghe,Jaffna,P011,T-Shirt,Clothing,3,4500,5,675.0,Cash,12825.0
ORD01811,2025-01-25,C0083,Kasun Karunaratne,Galle,P022,Pen Set,Stationery,1,1200,10,120.0,Debit Card,1080.0
ORD02113,2025-01-25,C0273,Chamod Rathnayake,Matara,P017,Electric Kettle,Home Appliances,2,8500,15,2550.0,Credit Card,14450.0
ORD01382,2025-01-26,C0168,Dinithi Jayasinghe,Kurunegala,P014,Sneakers,Clothing,3,15000,10,4500.0,Online Payment,40500.0
ORD00044,2025-01-26,C0092,Sanduni Gunawardena,Jaffna,P009,Dining Table,Furniture,1,85000,0,0.0,Online Payment,85000.0
ORD00957,2025-01-26,C0293,Kavindu Samarasinghe,Kandy,P021,Notebook,Stationery,2,800,5,80.0,Cash,1520.0
ORD02323,2025-01-26,C0356,Dinithi Silva,Colombo,P015,Backpack,Clothing,1,6500,10,650.0,Credit Card,5850.0
ORD02935,2025-01-26,C0386,Sanduni Samarasinghe,Matara,P022,Pen Set,Stationery,1,1200,5,60.0,Online Payment,1140.0
ORD02647,2025-01-26,C0055,Dinithi Fernando,Kurunegala,P008,Bookshelf,Furniture,1,28000,15,4200.0,Credit Card,23800.0
ORD01088,2025-01-27,C0309,Dinesh Samarasinghe,Negombo,P023,Calculator,Stationery,3,2500,5,375.0,Debit Card,7125.0
ORD00302,2025-01-27,C0046,Dilini Samarasinghe,Kandy,P020,Microwave Oven,Home Appliances,2,48000,10,9600.0,Online Payment,86400.0
ORD02103,2025-01-27,C0070,Amal Perera,Colombo,P005,Smart Watch,Electronics,3,25000,10,7500.0,Credit Card,67500.0
ORD00389,2025-01-27,C0164,Dinithi Bandara,Colombo,P025,Desk Organizer,Stationery,1,1800,15,270.0,Debit Card,1530.0
ORD01201,2025-01-27,C0357,Tharushi Jayasinghe,Colombo,P023,Calculator,Stationery,1,2500,0,0.0,Online Payment,2500.0
ORD02177,2025-01-29,C0323,Sahan Fernando,Ratnapura,P003,Tablet,Electronics,1,65000,15,9750.0,Credit Card,55250.0
ORD01049,2025-01-29,C0008,Sanduni Bandara,Kandy,P008,Bookshelf,Furniture,4,28000,0,0.0,Credit Card,112000.0
ORD01646,2025-01-29,C0366,Dinithi Rathnayake,Matara,P023,Calculator,Stationery,3,2500,0,0.0,Online Payment,7500.0
ORD01370,2025-01-29,C0175,Dinithi Gunawardena,Matara,P024,File Folder,Stationery,4,650,0,0.0,Cash,2600.0
ORD01253,2025-01-29,C0317,Piumi Fernando,Batticaloa,P013,Jacket,Clothing,1,12000,0,0.0,Online Payment,12000.0
ORD01819,2025-01-29,C0099,Dilini Gunawardena,Anuradhapura,P020,Microwave Oven,Home Appliances,3,48000,5,7200.0,Credit Card,136800.0
ORD02220,2025-01-29,C0054,Kasun Silva,Negombo,P023,Calculator,Stationery,5,2500,0,0.0,Debit Card,12500.0
ORD00940,2025-01-29,C0456,Piumi Karunaratne,Negombo,P008,Bookshelf,Furniture,3,28000,5,4200.0,Online Payment,79800.0
ORD00392,2025-01-29,C0361,Dilini Karunaratne,Batticaloa,P005,Smart Watch,Electronics,2,25000,5,2500.0,Online Payment,47500.0
ORD00872,2025-01-29,C0391,Nimal Silva,Anuradhapura,P021,Notebook,Stationery,1,800,10,80.0,Credit Card,720.0
ORD01291,2025-01-30,C0244,Hiruni Rathnayake,Kurunegala,P009,Dining Table,Furniture,1,85000,0,0.0,Debit Card,85000.0
ORD00465,2025-01-30,C0442,Tharindu Rathnayake,Anuradhapura,P004,Wireless Headphones,Electronics,3,18000,15,8100.0,Cash,45900.0
ORD00104,2025-01-30,C0499,Dinithi Bandara,Galle,P010,Computer Table,Furniture,2,42000,10,8400.0,Cash,75600.0
ORD00078,2025-01-30,C0254,Sanduni Silva,Anuradhapura,P007,Office Desk,Furniture,1,55000,5,2750.0,Debit Card,52250.0
ORD00151,2025-01-30,C0093,Sahan Wijesinghe,Kurunegala,P012,Jeans,Clothing,1,7500,0,0.0,Online Payment,7500.0
ORD00817,2025-01-30,C0382,Dinesh Bandara,Galle,P023,Calculator,Stationery,1,2500,5,125.0,Debit Card,2375.0
ORD02342,2025-01-30,C0135,Ravindu Samarasinghe,Negombo,P003,Tablet,Electronics,2,65000,10,13000.0,Credit Card,117000.0
ORD01922,2025-01-31,C0175,Sachini Gunawardena,Kandy,P017,Electric Kettle,Home Appliances,3,8500,10,2550.0,Credit Card,22950.0
ORD02039,2025-01-31,C0282,Tharindu Gunawardena,Batticaloa,P025,Desk Organizer,Stationery,1,1800,0,0.0,Online Payment,1800.0
ORD01651,2025-01-31,C0333,Ayesha Fernando,Kurunegala,P003,Tablet,Electronics,1,65000,10,6500.0,Online Payment,58500.0
ORD02527,2025-01-31,C0133,Ayesha Wijesinghe,Anuradhapura,P013,Jacket,Clothing,1,12000,5,600.0,Debit Card,11400.0
ORD02716,2025-01-31,C0461,Chamod Gunawardena,Batticaloa,P018,Blender,Home Appliances,1,14000,5,700.0,Credit Card,13300.0
ORD01776,2025-02-01,C0451,Ayesha Silva,Colombo,P004,Wireless Headphones,Electronics,1,18000,5,900.0,Online Payment,17100.0
ORD00010,2025-02-02,C0413,Sanduni Gunawardena,Negombo,P003,Tablet,Electronics,1,65000,10,6500.0,Credit Card,58500.0
ORD01369,2025-02-02,C0278,Dilini Perera,Batticaloa,P025,Desk Organizer,Stationery,3,1800,5,270.0,Credit Card,5130.0
ORD00002,2025-02-02,C0016,Kasun Bandara,Jaffna,P017,Electric Kettle,Home Appliances,2,8500,5,850.0,Online Payment,16150.0
ORD01797,2025-02-02,C0256,Sanduni Jayasinghe,Colombo,P009,Dining Table,Furniture,2,85000,10,17000.0,Cash,153000.0
ORD00093,2025-02-03,C0119,Kavindu Wijesinghe,Anuradhapura,P003,Tablet,Electronics,2,65000,5,6500.0,Credit Card,123500.0
ORD02842,2025-02-03,C0303,Dinithi Samarasinghe,Matara,P021,Notebook,Stationery,1,800,10,80.0,Debit Card,720.0
ORD02731,2025-02-03,C0144,Sahan Samarasinghe,Batticaloa,P002,Smartphone,Electronics,2,95000,0,0.0,Credit Card,190000.0
ORD00331,2025-02-03,C0141,Ravindu Samarasinghe,Negombo,P006,Office Chair,Furniture,3,35000,15,15750.0,Cash,89250.0
ORD01350,2025-02-03,C0174,Tharushi Wijesinghe,Jaffna,P011,T-Shirt,Clothing,3,4500,0,0.0,Credit Card,13500.0
ORD02858,2025-02-04,C0471,Piumi Jayasinghe,Kandy,P016,Coffee Maker,Home Appliances,2,22000,0,0.0,Debit Card,44000.0
ORD01426,2025-02-04,C0140,Dinesh Gunawardena,Matara,P005,Smart Watch,Electronics,3,25000,5,3750.0,Cash,71250.0
ORD02435,2025-02-04,C0440,Ravindu Bandara,Negombo,P015,Backpack,Clothing,1,6500,5,325.0,Online Payment,6175.0
ORD02308,2025-02-04,C0031,Tharushi Rathnayake,Batticaloa,P019,Rice Cooker,Home Appliances,1,18000,0,0.0,Online Payment,18000.0
ORD01102,2025-02-05,C0307,Sanduni Wijesinghe,Ratnapura,P023,Calculator,Stationery,1,2500,15,375.0,Credit Card,2125.0
ORD01775,2025-02-05,C0461,Dinesh Wijesinghe,Galle,P009,Dining Table,Furniture,1,85000,5,4250.0,Cash,80750.0
ORD02254,2025-02-05,C0002,Isuru Perera,Anuradhapura,P025,Desk Organizer,Stationery,1,1800,0,0.0,Cash,1800.0
ORD00438,2025-02-06,C0299,Hasini Bandara,Kurunegala,P024,File Folder,Stationery,2,650,15,195.0,Debit Card,1105.0
ORD00548,2025-02-06,C0185,Ravindu Perera,Galle,P003,Tablet,Electronics,5,65000,10,32500.0,Debit Card,292500.0
ORD00839,2025-02-06,C0017,Chamod Samarasinghe,Negombo,P023,Calculator,Stationery,1,2500,10,250.0,Credit Card,2250.0
ORD00112,2025-02-07,C0065,Hiruni Karunaratne,Kurunegala,P004,Wireless Headphones,Electronics,3,18000,15,8100.0,Cash,45900.0
ORD00517,2025-02-07,C0283,Sahan Samarasinghe,Ratnapura,P016,Coffee Maker,Home Appliances,2,22000,0,0.0,Debit Card,44000.0
ORD00667,2025-02-07,C0075,Nimal Karunaratne,Batticaloa,P010,Computer Table,Furniture,1,42000,0,0.0,Cash,42000.0
ORD02347,2025-02-07,C0226,Tharushi Gunawardena,Jaffna,P022,Pen Set,Stationery,1,1200,5,60.0,Credit Card,1140.0
ORD00858,2025-02-07,C0104,Chamod Wijesinghe,Galle,P001,Laptop,Electronics,1,180000,5,9000.0,Credit Card,171000.0
ORD00748,2025-02-07,C0174,Nimal Jayasinghe,Colombo,P013,Jacket,Clothing,1,12000,15,1800.0,Credit Card,10200.0
ORD01472,2025-02-07,C0487,Hasini Gunawardena,Galle,P018,Blender,Home Appliances,2,14000,10,2800.0,Debit Card,25200.0
ORD02428,2025-02-08,C0126,Amal Perera,Negombo,P009,Dining Table,Furniture,2,85000,5,8500.0,Online Payment,161500.0
ORD00621,2025-02-08,C0236,Dilini Silva,Galle,P009,Dining Table,Furniture,1,85000,5,4250.0,Credit Card,80750.0
ORD02577,2025-02-08,C0097,Piumi Samarasinghe,Colombo,P005,Smart Watch,Electronics,1,25000,5,1250.0,Cash,23750.0
ORD00624,2025-02-08,C0375,Hasini Gunawardena,Kandy,P025,Desk Organizer,Stationery,1,1800,10,180.0,Debit Card,1620.0
ORD00452,2025-02-08,C0193,Sahan Samarasinghe,Batticaloa,P002,Smartphone,Electronics,2,95000,0,0.0,Cash,190000.0
ORD01799,2025-02-09,C0493,Ayesha Fernando,Anuradhapura,P009,Dining Table,Furniture,2,85000,0,0.0,Credit Card,170000.0
ORD01687,2025-02-09,C0074,Dinesh Bandara,Colombo,P013,Jacket,Clothing,1,12000,0,0.0,Online Payment,12000.0
ORD00045,2025-02-09,C0440,Ayesha Bandara,Jaffna,P015,Backpack,Clothing,1,6500,5,325.0,Credit Card,6175.0
ORD02289,2025-02-09,C0382,Tharushi Rathnayake,Jaffna,P019,Rice Cooker,Home Appliances,2,18000,5,1800.0,Debit Card,34200.0
ORD00422,2025-02-09,C0203,Sanduni Bandara,Colombo,P024,File Folder,Stationery,1,650,5,32.5,Debit Card,617.5
ORD01413,2025-02-09,C0215,Sahan Karunaratne,Matara,P021,Notebook,Stationery,2,800,10,160.0,Online Payment,1440.0
ORD01222,2025-02-10,C0187,Kavindu Gunawardena,Matara,P020,Microwave Oven,Home Appliances,4,48000,0,0.0,Online Payment,192000.0
ORD01906,2025-02-10,C0233,Hasini Samarasinghe,Negombo,P018,Blender,Home Appliances,5,14000,15,10500.0,Cash,59500.0
ORD01804,2025-02-10,C0149,Dinithi Jayasinghe,Matara,P004,Wireless Headphones,Electronics,2,18000,0,0.0,Credit Card,36000.0
ORD00641,2025-02-10,C0127,Hiruni Wijesinghe,Kurunegala,P016,Coffee Maker,Home Appliances,1,22000,0,0.0,Cash,22000.0
ORD01405,2025-02-10,C0492,Piumi Samarasinghe,Jaffna,P001,Laptop,Electronics,1,180000,0,0.0,Debit Card,180000.0
ORD02791,2025-02-11,C0358,Nethmi Samarasinghe,Matara,P001,Laptop,Electronics,1,180000,5,9000.0,Debit Card,171000.0
ORD02130,2025-02-11,C0104,Amal Wijesinghe,Negombo,P008,Bookshelf,Furniture,4,28000,0,0.0,Debit Card,112000.0
ORD01910,2025-02-11,C0114,Nethmi Bandara,Matara,P001,Laptop,Electronics,1,180000,0,0.0,Debit Card,180000.0
ORD02025,2025-02-11,C0060,Ravindu Wijesinghe,Ratnapura,P001,Laptop,Electronics,3,180000,15,81000.0,Credit Card,459000.0
ORD01868,2025-02-11,C0479,Ayesha Fernando,Kurunegala,P011,T-Shirt,Clothing,1,4500,0,0.0,Cash,4500.0
ORD02870,2025-02-12,C0348,Dinesh Karunaratne,Batticaloa,P003,Tablet,Electronics,2,65000,5,6500.0,Credit Card,123500.0
ORD02886,2025-02-12,C0026,Dinithi Samarasinghe,Matara,P002,Smartphone,Electronics,1,95000,15,14250.0,Debit Card,80750.0
ORD01379,2025-02-12,C0284,Ravindu Perera,Negombo,P009,Dining Table,Furniture,1,85000,10,8500.0,Cash,76500.0
ORD02515,2025-02-12,C0169,Ayesha Wijesinghe,Ratnapura,P018,Blender,Home Appliances,1,14000,15,2100.0,Debit Card,11900.0
ORD02235,2025-02-12,C0131,Sanduni Bandara,Colombo,P013,Jacket,Clothing,2,12000,5,1200.0,Debit Card,22800.0
ORD00507,2025-02-12,C0003,Hasini Karunaratne,Matara,P018,Blender,Home Appliances,2,14000,0,0.0,Debit Card,28000.0
ORD02259,2025-02-12,C0268,Dinithi Perera,Kurunegala,P025,Desk Organizer,Stationery,2,1800,5,180.0,Online Payment,3420.0
ORD01991,2025-02-12,C0283,Nimal Rathnayake,Colombo,P014,Sneakers,Clothing,1,15000,10,1500.0,Online Payment,13500.0
ORD00241,2025-02-13,C0148,Kasun Jayasinghe,Anuradhapura,P021,Notebook,Stationery,1,800,15,120.0,Credit Card,680.0
ORD01224,2025-02-13,C0318,Nimal Bandara,Ratnapura,P001,Laptop,Electronics,1,180000,0,0.0,Debit Card,180000.0
ORD02473,2025-02-13,C0221,Sachini Fernando,Kurunegala,P022,Pen Set,Stationery,1,1200,0,0.0,Debit Card,1200.0
ORD00859,2025-02-13,C0494,Ayesha Perera,Colombo,P003,Tablet,Electronics,1,65000,5,3250.0,Cash,61750.0
ORD02523,2025-02-14,C0202,Ayesha Wijesinghe,Kurunegala,P014,Sneakers,Clothing,2,15000,10,3000.0,Debit Card,27000.0
ORD01459,2025-02-14,C0357,Sahan Wijesinghe,Colombo,P019,Rice Cooker,Home Appliances,3,18000,15,8100.0,Online Payment,45900.0
ORD01806,2025-02-14,C0155,Chamod Bandara,Kurunegala,P022,Pen Set,Stationery,2,1200,15,360.0,Credit Card,2040.0
ORD02627,2025-02-15,C0199,Amal Samarasinghe,Kurunegala,P010,Computer Table,Furniture,2,42000,0,0.0,Online Payment,84000.0
ORD00314,2025-02-15,C0289,Sachini Jayasinghe,Matara,P004,Wireless Headphones,Electronics,1,18000,5,900.0,Credit Card,17100.0
ORD00772,2025-02-15,C0021,Ayesha Samarasinghe,Colombo,P014,Sneakers,Clothing,2,15000,15,4500.0,Cash,25500.0
ORD01781,2025-02-15,C0448,Hasini Gunawardena,Ratnapura,P023,Calculator,Stationery,1,2500,5,125.0,Cash,2375.0
ORD01465,2025-02-15,C0142,Dinithi Bandara,Ratnapura,P014,Sneakers,Clothing,1,15000,0,0.0,Debit Card,15000.0
ORD01964,2025-02-15,C0244,Sahan Samarasinghe,Galle,P022,Pen Set,Stationery,3,1200,0,0.0,Online Payment,3600.0
ORD00268,2025-02-15,C0206,Nethmi Bandara,Ratnapura,P007,Office Desk,Furniture,3,55000,0,0.0,Credit Card,165000.0
ORD01368,2025-02-15,C0115,Isuru Gunawardena,Galle,P022,Pen Set,Stationery,1,1200,0,0.0,Debit Card,1200.0
ORD01673,2025-02-15,C0080,Tharindu Karunaratne,Jaffna,P020,Microwave Oven,Home Appliances,2,48000,10,9600.0,Debit Card,86400.0
ORD01122,2025-02-15,C0122,Nimal Bandara,Galle,P010,Computer Table,Furniture,3,42000,5,6300.0,Credit Card,119700.0
ORD00461,2025-02-16,C0005,Tharindu Silva,Kurunegala,P012,Jeans,Clothing,3,7500,5,1125.0,Cash,21375.0
ORD02947,2025-02-16,C0452,Dinithi Wijesinghe,Negombo,P005,Smart Watch,Electronics,4,25000,10,10000.0,Cash,90000.0
ORD00217,2025-02-16,C0486,Hasini Wijesinghe,Jaffna,P025,Desk Organizer,Stationery,2,1800,0,0.0,Online Payment,3600.0
ORD00971,2025-02-16,C0083,Piumi Karunaratne,Kandy,P010,Computer Table,Furniture,1,42000,0,0.0,Credit Card,42000.0
ORD00086,2025-02-16,C0499,Nimal Samarasinghe,Negombo,P023,Calculator,Stationery,4,2500,15,1500.0,Cash,8500.0
ORD01169,2025-02-16,C0490,Hasini Perera,Jaffna,P024,File Folder,Stationery,3,650,15,292.5,Cash,1657.5
ORD01338,2025-02-16,C0016,Chamod Bandara,Kandy,P022,Pen Set,Stationery,1,1200,15,180.0,Debit Card,1020.0
ORD02383,2025-02-16,C0262,Chamod Gunawardena,Batticaloa,P016,Coffee Maker,Home Appliances,3,22000,0,0.0,Credit Card,66000.0
ORD01212,2025-02-16,C0025,Sanduni Fernando,Negombo,P001,Laptop,Electronics,5,180000,5,45000.0,Online Payment,855000.0
ORD02272,2025-02-16,C0164,Tharushi Samarasinghe,Galle,P001,Laptop,Electronics,3,180000,0,0.0,Credit Card,540000.0
ORD02489,2025-02-17,C0168,Chamod Wijesinghe,Jaffna,P017,Electric Kettle,Home Appliances,3,8500,0,0.0,Debit Card,25500.0
ORD02027,2025-02-17,C0109,Ravindu Jayasinghe,Batticaloa,P024,File Folder,Stationery,1,650,0,0.0,Debit Card,650.0
ORD02909,2025-02-17,C0070,Ravindu Silva,Colombo,P019,Rice Cooker,Home Appliances,1,18000,0,0.0,Cash,18000.0
ORD02730,2025-02-17,C0085,Chamod Fernando,Kurunegala,P025,Desk Organizer,Stationery,3,1800,5,270.0,Credit Card,5130.0
ORD00293,2025-02-17,C0474,Kasun Wijesinghe,Ratnapura,P019,Rice Cooker,Home Appliances,2,18000,0,0.0,Debit Card,36000.0
ORD02725,2025-02-18,C0153,Hasini Gunawardena,Colombo,P005,Smart Watch,Electronics,3,25000,10,7500.0,Online Payment,67500.0
ORD01993,2025-02-18,C0476,Dinesh Gunawardena,Negombo,P017,Electric Kettle,Home Appliances,1,8500,0,0.0,Debit Card,8500.0
ORD02229,2025-02-18,C0017,Tharushi Wijesinghe,Negombo,P021,Notebook,Stationery,1,800,15,120.0,Debit Card,680.0
ORD00789,2025-02-18,C0076,Dilini Wijesinghe,Anuradhapura,P006,Office Chair,Furniture,2,35000,0,0.0,Debit Card,70000.0
ORD02862,2025-02-18,C0332,Ayesha Rathnayake,Colombo,P002,Smartphone,Electronics,1,95000,5,4750.0,Cash,90250.0
ORD02434,2025-02-19,C0454,Isuru Wijesinghe,Galle,P007,Office Desk,Furniture,3,55000,0,0.0,Credit Card,165000.0
ORD01600,2025-02-19,C0407,Isuru Silva,Colombo,P005,Smart Watch,Electronics,2,25000,5,2500.0,Credit Card,47500.0
ORD00898,2025-02-19,C0411,Kavindu Jayasinghe,Colombo,P024,File Folder,Stationery,1,650,10,65.0,Cash,585.0
ORD01668,2025-02-19,C0274,Amal Perera,Negombo,P013,Jacket,Clothing,1,12000,0,0.0,Online Payment,12000.0
ORD01506,2025-02-20,C0192,Hasini Rathnayake,Jaffna,P025,Desk Organizer,Stationery,4,1800,5,360.0,Credit Card,6840.0
ORD00590,2025-02-20,C0497,Piumi Perera,Galle,P004,Wireless Headphones,Electronics,1,18000,0,0.0,Online Payment,18000.0
ORD02839,2025-02-20,C0335,Nethmi Gunawardena,Galle,P020,Microwave Oven,Home Appliances,2,48000,0,0.0,Debit Card,96000.0
ORD01378,2025-02-20,C0120,Dinesh Perera,Galle,P022,Pen Set,Stationery,2,1200,15,360.0,Debit Card,2040.0
ORD02458,2025-02-20,C0442,Ayesha Wijesinghe,Colombo,P021,Notebook,Stationery,4,800,0,0.0,Debit Card,3200.0
ORD02903,2025-02-20,C0396,Chamod Bandara,Anuradhapura,P016,Coffee Maker,Home Appliances,3,22000,0,0.0,Debit Card,66000.0
ORD00136,2025-02-21,C0403,Sanduni Bandara,Galle,P019,Rice Cooker,Home Appliances,1,18000,5,900.0,Credit Card,17100.0
ORD01295,2025-02-21,C0331,Ravindu Fernando,Jaffna,P004,Wireless Headphones,Electronics,1,18000,0,0.0,Debit Card,18000.0
ORD00627,2025-02-21,C0345,Sachini Rathnayake,Batticaloa,P019,Rice Cooker,Home Appliances,2,18000,5,1800.0,Online Payment,34200.0
ORD02185,2025-02-21,C0137,Nimal Karunaratne,Kurunegala,P008,Bookshelf,Furniture,2,28000,5,2800.0,Cash,53200.0
ORD02452,2025-02-21,C0198,Dilini Samarasinghe,Jaffna,P018,Blender,Home Appliances,3,14000,15,6300.0,Credit Card,35700.0
ORD00031,2025-02-21,C0300,Ayesha Samarasinghe,Ratnapura,P006,Office Chair,Furniture,1,35000,0,0.0,Credit Card,35000.0
ORD01871,2025-02-22,C0411,Hiruni Karunaratne,Kandy,P015,Backpack,Clothing,3,6500,10,1950.0,Cash,17550.0
ORD01159,2025-02-22,C0156,Dinesh Wijesinghe,Kurunegala,P009,Dining Table,Furniture,4,85000,10,34000.0,Credit Card,306000.0
ORD02176,2025-02-22,C0264,Nethmi Samarasinghe,Galle,P004,Wireless Headphones,Electronics,1,18000,0,0.0,Credit Card,18000.0
ORD02023,2025-02-23,C0419,Tharushi Samarasinghe,Ratnapura,P006,Office Chair,Furniture,1,35000,0,0.0,Online Payment,35000.0
ORD02851,2025-02-23,C0255,Ayesha Rathnayake,Jaffna,P021,Notebook,Stationery,1,800,15,120.0,Debit Card,680.0
ORD02704,2025-02-23,C0209,Amal Wijesinghe,Ratnapura,P017,Electric Kettle,Home Appliances,5,8500,5,2125.0,Credit Card,40375.0
ORD01281,2025-02-23,C0133,Nimal Fernando,Colombo,P010,Computer Table,Furniture,1,42000,10,4200.0,Online Payment,37800.0
ORD01104,2025-02-23,C0473,Chamod Rathnayake,Matara,P010,Computer Table,Furniture,5,42000,0,0.0,Cash,210000.0
ORD01867,2025-02-24,C0180,Nethmi Gunawardena,Matara,P003,Tablet,Electronics,2,65000,10,13000.0,Online Payment,117000.0
ORD01649,2025-02-24,C0365,Dilini Karunaratne,Kandy,P025,Desk Organizer,Stationery,5,1800,0,0.0,Online Payment,9000.0
ORD00890,2025-02-24,C0097,Tharindu Perera,Jaffna,P006,Office Chair,Furniture,1,35000,5,1750.0,Credit Card,33250.0
ORD00835,2025-02-24,C0426,Kasun Rathnayake,Colombo,P006,Office Chair,Furniture,1,35000,10,3500.0,Credit Card,31500.0
ORD00718,2025-02-24,C0463,Sanduni Samarasinghe,Colombo,P016,Coffee Maker,Home Appliances,1,22000,15,3300.0,Debit Card,18700.0
ORD00638,2025-02-24,C0239,Amal Fernando,Matara,P022,Pen Set,Stationery,1,1200,10,120.0,Cash,1080.0
ORD00409,2025-02-25,C0185,Amal Gunawardena,Kandy,P010,Computer Table,Furniture,3,42000,15,18900.0,Credit Card,107100.0
ORD01976,2025-02-25,C0118,Piumi Fernando,Ratnapura,P016,Coffee Maker,Home Appliances,1,22000,0,0.0,Cash,22000.0
ORD02159,2025-02-25,C0237,Ravindu Jayasinghe,Kandy,P002,Smartphone,Electronics,3,95000,5,14250.0,Debit Card,270750.0
ORD01769,2025-02-25,C0332,Ravindu Karunaratne,Negombo,P007,Office Desk,Furniture,2,55000,5,5500.0,Cash,104500.0
ORD00778,2025-02-26,C0264,Dilini Perera,Kandy,P013,Jacket,Clothing,1,12000,0,0.0,Debit Card,12000.0
ORD01559,2025-02-26,C0496,Tharushi Jayasinghe,Galle,P015,Backpack,Clothing,3,6500,0,0.0,Credit Card,19500.0
ORD02366,2025-02-27,C0232,Hasini Gunawardena,Jaffna,P022,Pen Set,Stationery,3,1200,5,180.0,Cash,3420.0
ORD01543,2025-02-27,C0229,Hasini Samarasinghe,Jaffna,P008,Bookshelf,Furniture,1,28000,0,0.0,Credit Card,28000.0
ORD00485,2025-02-27,C0103,Sahan Silva,Negombo,P022,Pen Set,Stationery,1,1200,0,0.0,Debit Card,1200.0
ORD00992,2025-02-27,C0287,Nimal Wijesinghe,Matara,P013,Jacket,Clothing,1,12000,10,1200.0,Credit Card,10800.0
ORD02395,2025-02-28,C0261,Kavindu Gunawardena,Jaffna,P019,Rice Cooker,Home Appliances,3,18000,15,8100.0,Debit Card,45900.0
ORD01884,2025-02-28,C0224,Sachini Gunawardena,Galle,P014,Sneakers,Clothing,1,15000,0,0.0,Debit Card,15000.0
ORD01176,2025-02-28,C0321,Amal Jayasinghe,Jaffna,P024,File Folder,Stationery,4,650,0,0.0,Debit Card,2600.0
ORD02705,2025-02-28,C0356,Sanduni Jayasinghe,Jaffna,P009,Dining Table,Furniture,1,85000,0,0.0,Credit Card,85000.0
ORD02913,2025-02-28,C0469,Nethmi Jayasinghe,Matara,P019,Rice Cooker,Home Appliances,2,18000,0,0.0,Credit Card,36000.0
ORD00612,2025-03-01,C0422,Dinithi Wijesinghe,Ratnapura,P002,Smartphone,Electronics,2,95000,5,9500.0,Cash,180500.0
ORD00445,2025-03-01,C0003,Nethmi Wijesinghe,Jaffna,P025,Desk Organizer,Stationery,3,1800,0,0.0,Online Payment,5400.0
ORD02207,2025-03-01,C0433,Ayesha Jayasinghe,Jaffna,P023,Calculator,Stationery,4,2500,0,0.0,Debit Card,10000.0
ORD02276,2025-03-01,C0046,Ayesha Samarasinghe,Ratnapura,P006,Office Chair,Furniture,1,35000,5,1750.0,Online Payment,33250.0
ORD02593,2025-03-02,C0319,Ayesha Karunaratne,Negombo,P004,Wireless Headphones,Electronics,4,18000,0,0.0,Credit Card,72000.0
ORD02800,2025-03-02,C0135,Piumi Gunawardena,Kandy,P018,Blender,Home Appliances,3,14000,15,6300.0,Cash,35700.0
ORD01199,2025-03-03,C0467,Dilini Jayasinghe,Galle,P010,Computer Table,Furniture,1,42000,10,4200.0,Credit Card,37800.0
ORD00737,2025-03-03,C0133,Sahan Silva,Anuradhapura,P003,Tablet,Electronics,1,65000,5,3250.0,Online Payment,61750.0
ORD00219,2025-03-03,C0081,Nethmi Gunawardena,Anuradhapura,P015,Backpack,Clothing,1,6500,0,0.0,Debit Card,6500.0
ORD01084,2025-03-04,C0137,Amal Karunaratne,Colombo,P004,Wireless Headphones,Electronics,1,18000,0,0.0,Online Payment,18000.0
ORD01655,2025-03-04,C0286,Nimal Jayasinghe,Kandy,P006,Office Chair,Furniture,1,35000,0,0.0,Cash,35000.0
ORD00720,2025-03-04,C0323,Ayesha Karunaratne,Galle,P019,Rice Cooker,Home Appliances,1,18000,5,900.0,Cash,17100.0
ORD01464,2025-03-04,C0034,Isuru Samarasinghe,Galle,P024,File Folder,Stationery,1,650,0,0.0,Online Payment,650.0
ORD02158,2025-03-04,C0238,Kasun Bandara,Ratnapura,P002,Smartphone,Electronics,1,95000,0,0.0,Credit Card,95000.0
ORD00135,2025-03-04,C0204,Sahan Bandara,Kandy,P015,Backpack,Clothing,1,6500,5,325.0,Cash,6175.0
ORD02747,2025-03-04,C0098,Chamod Fernando,Kandy,P012,Jeans,Clothing,2,7500,10,1500.0,Debit Card,13500.0
ORD00236,2025-03-05,C0362,Tharindu Samarasinghe,Jaffna,P018,Blender,Home Appliances,1,14000,15,2100.0,Online Payment,11900.0
ORD02373,2025-03-05,C0331,Nimal Jayasinghe,Galle,P015,Backpack,Clothing,4,6500,0,0.0,Cash,26000.0
ORD00991,2025-03-05,C0471,Nethmi Perera,Negombo,P020,Microwave Oven,Home Appliances,2,48000,0,0.0,Cash,96000.0
ORD01099,2025-03-05,C0303,Piumi Bandara,Matara,P014,Sneakers,Clothing,1,15000,10,1500.0,Credit Card,13500.0
ORD01340,2025-03-05,C0314,Sahan Fernando,Colombo,P024,File Folder,Stationery,1,650,10,65.0,Cash,585.0
ORD02852,2025-03-05,C0116,Tharushi Fernando,Batticaloa,P025,Desk Organizer,Stationery,2,1800,0,0.0,Credit Card,3600.0
ORD01741,2025-03-06,C0010,Nethmi Jayasinghe,Matara,P008,Bookshelf,Furniture,1,28000,10,2800.0,Credit Card,25200.0
ORD02782,2025-03-06,C0335,Amal Perera,Batticaloa,P011,T-Shirt,Clothing,1,4500,10,450.0,Debit Card,4050.0
ORD02201,2025-03-06,C0241,Ayesha Fernando,Ratnapura,P005,Smart Watch,Electronics,2,25000,0,0.0,Cash,50000.0
ORD00466,2025-03-06,C0134,Sanduni Perera,Ratnapura,P025,Desk Organizer,Stationery,2,1800,5,180.0,Debit Card,3420.0
ORD00545,2025-03-07,C0135,Ravindu Jayasinghe,Kandy,P020,Microwave Oven,Home Appliances,1,48000,10,4800.0,Online Payment,43200.0
ORD01035,2025-03-07,C0423,Sachini Karunaratne,Jaffna,P017,Electric Kettle,Home Appliances,1,8500,15,1275.0,Online Payment,7225.0
ORD02429,2025-03-07,C0076,Dinithi Bandara,Batticaloa,P002,Smartphone,Electronics,3,95000,0,0.0,Debit Card,285000.0
ORD00383,2025-03-08,C0102,Nethmi Silva,Kandy,P011,T-Shirt,Clothing,1,4500,15,675.0,Cash,3825.0
ORD01540,2025-03-08,C0176,Ravindu Wijesinghe,Jaffna,P008,Bookshelf,Furniture,1,28000,0,0.0,Credit Card,28000.0
ORD01686,2025-03-08,C0210,Hiruni Samarasinghe,Colombo,P020,Microwave Oven,Home Appliances,2,48000,10,9600.0,Debit Card,86400.0
ORD01847,2025-03-08,C0232,Amal Gunawardena,Batticaloa,P012,Jeans,Clothing,1,7500,0,0.0,Online Payment,7500.0
ORD02660,2025-03-08,C0271,Hiruni Wijesinghe,Batticaloa,P014,Sneakers,Clothing,2,15000,10,3000.0,Online Payment,27000.0
ORD00653,2025-03-09,C0091,Nethmi Karunaratne,Anuradhapura,P023,Calculator,Stationery,1,2500,15,375.0,Credit Card,2125.0
ORD01128,2025-03-09,C0169,Kasun Jayasinghe,Kurunegala,P025,Desk Organizer,Stationery,1,1800,5,90.0,Debit Card,1710.0
ORD02334,2025-03-09,C0216,Dilini Karunaratne,Batticaloa,P023,Calculator,Stationery,1,2500,0,0.0,Credit Card,2500.0
ORD00211,2025-03-09,C0159,Sachini Rathnayake,Ratnapura,P014,Sneakers,Clothing,3,15000,0,0.0,Credit Card,45000.0
ORD00966,2025-03-09,C0248,Amal Gunawardena,Jaffna,P001,Laptop,Electronics,1,180000,0,0.0,Credit Card,180000.0
ORD02240,2025-03-09,C0244,Dinithi Karunaratne,Jaffna,P015,Backpack,Clothing,2,6500,0,0.0,Cash,13000.0
ORD02392,2025-03-10,C0438,Dinesh Samarasinghe,Colombo,P009,Dining Table,Furniture,1,85000,15,12750.0,Debit Card,72250.0
ORD02764,2025-03-10,C0245,Kavindu Perera,Colombo,P023,Calculator,Stationery,1,2500,0,0.0,Cash,2500.0
ORD00319,2025-03-10,C0154,Nimal Fernando,Colombo,P011,T-Shirt,Clothing,2,4500,0,0.0,Credit Card,9000.0
ORD02959,2025-03-10,C0263,Tharushi Wijesinghe,Ratnapura,P024,File Folder,Stationery,1,650,0,0.0,Credit Card,650.0
ORD01832,2025-03-10,C0097,Sahan Rathnayake,Anuradhapura,P018,Blender,Home Appliances,2,14000,5,1400.0,Online Payment,26600.0
ORD01194,2025-03-10,C0058,Hasini Gunawardena,Negombo,P005,Smart Watch,Electronics,1,25000,0,0.0,Credit Card,25000.0
ORD01817,2025-03-11,C0245,Hiruni Fernando,Batticaloa,P006,Office Chair,Furniture,1,35000,10,3500.0,Debit Card,31500.0
ORD02590,2025-03-11,C0336,Chamod Bandara,Kandy,P020,Microwave Oven,Home Appliances,1,48000,10,4800.0,Online Payment,43200.0
ORD00953,2025-03-11,C0446,Nimal Gunawardena,Anuradhapura,P019,Rice Cooker,Home Appliances,1,18000,15,2700.0,Debit Card,15300.0
ORD02449,2025-03-11,C0485,Hasini Perera,Kandy,P015,Backpack,Clothing,2,6500,0,0.0,Credit Card,13000.0
ORD01000,2025-03-12,C0175,Isuru Rathnayake,Anuradhapura,P020,Microwave Oven,Home Appliances,2,48000,10,9600.0,Debit Card,86400.0
ORD00032,2025-03-12,C0305,Kasun Bandara,Matara,P004,Wireless Headphones,Electronics,4,18000,5,3600.0,Cash,68400.0
ORD00152,2025-03-13,C0073,Amal Fernando,Ratnapura,P007,Office Desk,Furniture,1,55000,15,8250.0,Debit Card,46750.0
ORD02125,2025-03-13,C0083,Nimal Jayasinghe,Jaffna,P022,Pen Set,Stationery,4,1200,15,720.0,Online Payment,4080.0
ORD01835,2025-03-13,C0143,Dinesh Samarasinghe,Ratnapura,P009,Dining Table,Furniture,1,85000,0,0.0,Online Payment,85000.0
ORD01079,2025-03-13,C0397,Tharushi Samarasinghe,Matara,P021,Notebook,Stationery,1,800,10,80.0,Credit Card,720.0
ORD02286,2025-03-14,C0019,Sahan Jayasinghe,Colombo,P005,Smart Watch,Electronics,1,25000,10,2500.0,Credit Card,22500.0
ORD01528,2025-03-14,C0401,Tharushi Wijesinghe,Ratnapura,P004,Wireless Headphones,Electronics,2,18000,0,0.0,Online Payment,36000.0
ORD02895,2025-03-14,C0192,Isuru Perera,Kandy,P015,Backpack,Clothing,1,6500,0,0.0,Online Payment,6500.0
ORD02179,2025-03-14,C0497,Piumi Gunawardena,Negombo,P010,Computer Table,Furniture,2,42000,0,0.0,Cash,84000.0
ORD01352,2025-03-14,C0487,Tharushi Karunaratne,Batticaloa,P003,Tablet,Electronics,3,65000,15,29250.0,Credit Card,165750.0
ORD01617,2025-03-14,C0451,Sanduni Wijesinghe,Colombo,P013,Jacket,Clothing,3,12000,5,1800.0,Cash,34200.0
ORD02687,2025-03-14,C0194,Ayesha Jayasinghe,Ratnapura,P013,Jacket,Clothing,2,12000,10,2400.0,Credit Card,21600.0
ORD02401,2025-03-14,C0319,Ayesha Fernando,Galle,P024,File Folder,Stationery,2,650,0,0.0,Debit Card,1300.0
ORD01182,2025-03-15,C0219,Ravindu Rathnayake,Matara,P004,Wireless Headphones,Electronics,2,18000,0,0.0,Cash,36000.0
ORD02466,2025-03-15,C0314,Sanduni Bandara,Anuradhapura,P016,Coffee Maker,Home Appliances,1,22000,0,0.0,Online Payment,22000.0
ORD00631,2025-03-15,C0137,Tharushi Jayasinghe,Batticaloa,P003,Tablet,Electronics,1,65000,10,6500.0,Online Payment,58500.0
ORD00396,2025-03-16,C0192,Sachini Karunaratne,Kandy,P011,T-Shirt,Clothing,1,4500,0,0.0,Credit Card,4500.0
ORD00504,2025-03-16,C0184,Hiruni Fernando,Negombo,P022,Pen Set,Stationery,1,1200,0,0.0,Debit Card,1200.0
ORD01547,2025-03-16,C0101,Ayesha Fernando,Anuradhapura,P003,Tablet,Electronics,1,65000,0,0.0,Credit Card,65000.0
ORD02850,2025-03-16,C0337,Isuru Rathnayake,Batticaloa,P011,T-Shirt,Clothing,3,4500,0,0.0,Cash,13500.0
ORD00356,2025-03-16,C0009,Hasini Fernando,Colombo,P009,Dining Table,Furniture,1,85000,0,0.0,Online Payment,85000.0
ORD02257,2025-03-17,C0007,Sachini Jayasinghe,Negombo,P003,Tablet,Electronics,2,65000,5,6500.0,Debit Card,123500.0
ORD01258,2025-03-17,C0250,Kasun Bandara,Matara,P013,Jacket,Clothing,3,12000,15,5400.0,Credit Card,30600.0
ORD01897,2025-03-17,C0145,Sanduni Jayasinghe,Batticaloa,P008,Bookshelf,Furniture,2,28000,10,5600.0,Online Payment,50400.0
ORD00312,2025-03-17,C0230,Dinithi Rathnayake,Batticaloa,P013,Jacket,Clothing,2,12000,10,2400.0,Cash,21600.0
ORD02402,2025-03-17,C0482,Isuru Karunaratne,Jaffna,P025,Desk Organizer,Stationery,2,1800,10,360.0,Online Payment,3240.0
ORD01862,2025-03-17,C0308,Dilini Wijesinghe,Kandy,P020,Microwave Oven,Home Appliances,4,48000,10,19200.0,Online Payment,172800.0
ORD02404,2025-03-17,C0085,Tharushi Rathnayake,Anuradhapura,P008,Bookshelf,Furniture,1,28000,0,0.0,Credit Card,28000.0
ORD00227,2025-03-17,C0198,Hiruni Rathnayake,Ratnapura,P009,Dining Table,Furniture,3,85000,0,0.0,Credit Card,255000.0
ORD02495,2025-03-18,C0098,Tharindu Samarasinghe,Galle,P007,Office Desk,Furniture,4,55000,0,0.0,Cash,220000.0
ORD01821,2025-03-18,C0222,Dinithi Perera,Matara,P003,Tablet,Electronics,2,65000,0,0.0,Cash,130000.0
ORD00987,2025-03-18,C0470,Ravindu Bandara,Galle,P011,T-Shirt,Clothing,1,4500,0,0.0,Cash,4500.0
ORD02712,2025-03-18,C0428,Nethmi Jayasinghe,Anuradhapura,P014,Sneakers,Clothing,2,15000,15,4500.0,Cash,25500.0
ORD01562,2025-03-18,C0125,Chamod Jayasinghe,Anuradhapura,P024,File Folder,Stationery,2,650,0,0.0,Online Payment,1300.0
ORD01140,2025-03-18,C0188,Tharindu Samarasinghe,Kurunegala,P002,Smartphone,Electronics,1,95000,10,9500.0,Credit Card,85500.0
ORD00027,2025-03-19,C0227,Piumi Fernando,Colombo,P021,Notebook,Stationery,5,800,0,0.0,Cash,4000.0
ORD01427,2025-03-20,C0038,Hiruni Gunawardena,Colombo,P001,Laptop,Electronics,2,180000,0,0.0,Cash,360000.0
ORD01503,2025-03-20,C0168,Dilini Perera,Galle,P020,Microwave Oven,Home Appliances,5,48000,0,0.0,Online Payment,240000.0
ORD01193,2025-03-20,C0404,Amal Silva,Galle,P011,T-Shirt,Clothing,1,4500,15,675.0,Online Payment,3825.0
ORD00784,2025-03-20,C0056,Chamod Wijesinghe,Kandy,P023,Calculator,Stationery,1,2500,0,0.0,Credit Card,2500.0
ORD00168,2025-03-20,C0331,Kasun Karunaratne,Batticaloa,P017,Electric Kettle,Home Appliances,1,8500,0,0.0,Online Payment,8500.0
ORD01359,2025-03-20,C0030,Tharindu Rathnayake,Galle,P010,Computer Table,Furniture,1,42000,10,4200.0,Credit Card,37800.0
ORD02670,2025-03-20,C0106,Nethmi Jayasinghe,Jaffna,P011,T-Shirt,Clothing,2,4500,0,0.0,Cash,9000.0
ORD01257,2025-03-21,C0254,Dilini Bandara,Matara,P004,Wireless Headphones,Electronics,1,18000,0,0.0,Online Payment,18000.0
ORD01772,2025-03-21,C0316,Dinesh Perera,Colombo,P020,Microwave Oven,Home Appliances,1,48000,0,0.0,Debit Card,48000.0
ORD01845,2025-03-21,C0308,Sachini Silva,Matara,P007,Office Desk,Furniture,1,55000,10,5500.0,Online Payment,49500.0
ORD02398,2025-03-21,C0290,Sanduni Jayasinghe,Matara,P009,Dining Table,Furniture,1,85000,0,0.0,Online Payment,85000.0
ORD02859,2025-03-22,C0138,Dilini Gunawardena,Jaffna,P009,Dining Table,Furniture,1,85000,0,0.0,Debit Card,85000.0
ORD02360,2025-03-22,C0091,Sanduni Wijesinghe,Kurunegala,P001,Laptop,Electronics,2,180000,0,0.0,Debit Card,360000.0
ORD00573,2025-03-22,C0196,Dinithi Wijesinghe,Anuradhapura,P021,Notebook,Stationery,4,800,0,0.0,Debit Card,3200.0
ORD02871,2025-03-22,C0048,Isuru Silva,Matara,P013,Jacket,Clothing,1,12000,10,1200.0,Debit Card,10800.0
ORD01136,2025-03-23,C0040,Ravindu Fernando,Galle,P019,Rice Cooker,Home Appliances,1,18000,5,900.0,Online Payment,17100.0
ORD00187,2025-03-23,C0010,Sahan Bandara,Galle,P018,Blender,Home Appliances,4,14000,10,5600.0,Cash,50400.0
ORD02086,2025-03-23,C0351,Sanduni Silva,Ratnapura,P025,Desk Organizer,Stationery,1,1800,15,270.0,Credit Card,1530.0
ORD01505,2025-03-23,C0429,Tharushi Fernando,Jaffna,P019,Rice Cooker,Home Appliances,1,18000,5,900.0,Credit Card,17100.0
ORD01729,2025-03-23,C0346,Nethmi Perera,Kandy,P011,T-Shirt,Clothing,2,4500,10,900.0,Cash,8100.0
ORD01896,2025-03-23,C0031,Hasini Fernando,Galle,P004,Wireless Headphones,Electronics,5,18000,0,0.0,Credit Card,90000.0
ORD00870,2025-03-24,C0422,Ayesha Rathnayake,Matara,P011,T-Shirt,Clothing,2,4500,0,0.0,Credit Card,9000.0
ORD00945,2025-03-25,C0048,Nimal Gunawardena,Galle,P016,Coffee Maker,Home Appliances,1,22000,0,0.0,Debit Card,22000.0
ORD02559,2025-03-25,C0296,Ravindu Karunaratne,Anuradhapura,P018,Blender,Home Appliances,1,14000,10,1400.0,Cash,12600.0
ORD00033,2025-03-25,C0215,Hasini Karunaratne,Ratnapura,P011,T-Shirt,Clothing,4,4500,5,900.0,Debit Card,17100.0
ORD00174,2025-03-25,C0299,Tharindu Jayasinghe,Negombo,P021,Notebook,Stationery,2,800,10,160.0,Credit Card,1440.0
ORD01937,2025-03-25,C0172,Chamod Silva,Batticaloa,P023,Calculator,Stationery,3,2500,0,0.0,Online Payment,7500.0
ORD01493,2025-03-26,C0178,Dinesh Gunawardena,Colombo,P006,Office Chair,Furniture,1,35000,10,3500.0,Online Payment,31500.0
ORD01597,2025-03-26,C0381,Dinesh Gunawardena,Negombo,P020,Microwave Oven,Home Appliances,1,48000,5,2400.0,Debit Card,45600.0
ORD00827,2025-03-26,C0168,Ayesha Fernando,Matara,P010,Computer Table,Furniture,1,42000,5,2100.0,Online Payment,39900.0
ORD00345,2025-03-26,C0191,Chamod Perera,Matara,P021,Notebook,Stationery,1,800,5,40.0,Online Payment,760.0
ORD02787,2025-03-26,C0278,Nethmi Jayasinghe,Matara,P009,Dining Table,Furniture,3,85000,15,38250.0,Credit Card,216750.0
ORD01175,2025-03-27,C0485,Piumi Wijesinghe,Galle,P014,Sneakers,Clothing,3,15000,5,2250.0,Debit Card,42750.0
ORD00183,2025-03-27,C0391,Chamod Wijesinghe,Anuradhapura,P017,Electric Kettle,Home Appliances,1,8500,10,850.0,Cash,7650.0
ORD00358,2025-03-27,C0159,Kasun Samarasinghe,Jaffna,P005,Smart Watch,Electronics,2,25000,10,5000.0,Cash,45000.0
ORD01434,2025-03-27,C0073,Sachini Karunaratne,Anuradhapura,P017,Electric Kettle,Home Appliances,2,8500,5,850.0,Cash,16150.0
ORD02938,2025-03-27,C0197,Sachini Silva,Colombo,P004,Wireless Headphones,Electronics,1,18000,10,1800.0,Debit Card,16200.0
ORD02008,2025-03-27,C0471,Dinithi Samarasinghe,Anuradhapura,P025,Desk Organizer,Stationery,4,1800,10,720.0,Cash,6480.0
ORD00724,2025-03-28,C0496,Tharindu Karunaratne,Galle,P016,Coffee Maker,Home Appliances,3,22000,10,6600.0,Online Payment,59400.0
ORD00175,2025-03-28,C0159,Piumi Gunawardena,Kurunegala,P005,Smart Watch,Electronics,2,25000,0,0.0,Online Payment,50000.0
ORD02765,2025-03-28,C0295,Ravindu Bandara,Kurunegala,P025,Desk Organizer,Stationery,1,1800,0,0.0,Credit Card,1800.0
ORD00147,2025-03-29,C0048,Tharushi Fernando,Kurunegala,P005,Smart Watch,Electronics,2,25000,10,5000.0,Cash,45000.0
ORD00661,2025-03-29,C0269,Sachini Samarasinghe,Batticaloa,P006,Office Chair,Furniture,1,35000,10,3500.0,Cash,31500.0
ORD01709,2025-03-29,C0454,Dilini Fernando,Galle,P005,Smart Watch,Electronics,2,25000,10,5000.0,Credit Card,45000.0
ORD02618,2025-03-29,C0224,Kavindu Perera,Colombo,P013,Jacket,Clothing,2,12000,5,1200.0,Online Payment,22800.0
ORD01343,2025-03-30,C0299,Amal Fernando,Jaffna,P002,Smartphone,Electronics,3,95000,0,0.0,Debit Card,285000.0
ORD01679,2025-03-30,C0285,Ayesha Bandara,Galle,P017,Electric Kettle,Home Appliances,5,8500,15,6375.0,Online Payment,36125.0
ORD02643,2025-03-30,C0016,Kasun Silva,Jaffna,P005,Smart Watch,Electronics,2,25000,10,5000.0,Cash,45000.0
ORD00077,2025-03-30,C0143,Nethmi Bandara,Anuradhapura,P019,Rice Cooker,Home Appliances,2,18000,10,3600.0,Debit Card,32400.0
ORD02571,2025-03-30,C0334,Sanduni Gunawardena,Matara,P008,Bookshelf,Furniture,2,28000,0,0.0,Debit Card,56000.0
ORD02069,2025-03-30,C0202,Dilini Perera,Kurunegala,P018,Blender,Home Appliances,5,14000,0,0.0,Debit Card,70000.0
ORD02656,2025-03-30,C0173,Tharushi Wijesinghe,Batticaloa,P024,File Folder,Stationery,3,650,0,0.0,Debit Card,1950.0
ORD01119,2025-03-31,C0288,Sahan Perera,Kandy,P004,Wireless Headphones,Electronics,2,18000,10,3600.0,Credit Card,32400.0
ORD02976,2025-04-01,C0281,Piumi Fernando,Galle,P019,Rice Cooker,Home Appliances,2,18000,10,3600.0,Cash,32400.0
ORD00101,2025-04-01,C0162,Sahan Jayasinghe,Kandy,P025,Desk Organizer,Stationery,1,1800,0,0.0,Online Payment,1800.0
ORD00471,2025-04-01,C0439,Ayesha Rathnayake,Kurunegala,P004,Wireless Headphones,Electronics,5,18000,0,0.0,Cash,90000.0
ORD01412,2025-04-01,C0487,Hiruni Bandara,Colombo,P014,Sneakers,Clothing,1,15000,5,750.0,Credit Card,14250.0
ORD01320,2025-04-01,C0387,Tharindu Karunaratne,Negombo,P008,Bookshelf,Furniture,2,28000,10,5600.0,Credit Card,50400.0
ORD00446,2025-04-01,C0067,Dinithi Gunawardena,Matara,P013,Jacket,Clothing,1,12000,15,1800.0,Online Payment,10200.0
ORD02333,2025-04-01,C0143,Sahan Rathnayake,Negombo,P021,Notebook,Stationery,1,800,0,0.0,Cash,800.0
ORD02818,2025-04-01,C0039,Tharushi Samarasinghe,Colombo,P014,Sneakers,Clothing,4,15000,0,0.0,Online Payment,60000.0
ORD01467,2025-04-01,C0060,Kasun Silva,Kandy,P006,Office Chair,Furniture,1,35000,0,0.0,Credit Card,35000.0
ORD02031,2025-04-02,C0456,Hiruni Wijesinghe,Galle,P018,Blender,Home Appliances,3,14000,10,4200.0,Credit Card,37800.0
ORD01630,2025-04-02,C0171,Dilini Karunaratne,Ratnapura,P024,File Folder,Stationery,3,650,5,97.5,Debit Card,1852.5
ORD02603,2025-04-02,C0098,Nimal Rathnayake,Galle,P006,Office Chair,Furniture,1,35000,5,1750.0,Online Payment,33250.0
ORD02666,2025-04-02,C0414,Sahan Perera,Colombo,P007,Office Desk,Furniture,1,55000,15,8250.0,Cash,46750.0
ORD00887,2025-04-02,C0163,Hiruni Gunawardena,Galle,P009,Dining Table,Furniture,1,85000,0,0.0,Credit Card,85000.0
ORD00660,2025-04-03,C0129,Sanduni Silva,Kandy,P003,Tablet,Electronics,1,65000,15,9750.0,Debit Card,55250.0
ORD00862,2025-04-03,C0122,Dinithi Fernando,Kurunegala,P011,T-Shirt,Clothing,3,4500,10,1350.0,Credit Card,12150.0
ORD02956,2025-04-03,C0182,Hiruni Karunaratne,Galle,P011,T-Shirt,Clothing,2,4500,0,0.0,Online Payment,9000.0
ORD01484,2025-04-03,C0371,Ravindu Silva,Ratnapura,P025,Desk Organizer,Stationery,1,1800,15,270.0,Credit Card,1530.0
ORD02485,2025-04-03,C0242,Dinithi Rathnayake,Galle,P025,Desk Organizer,Stationery,1,1800,5,90.0,Cash,1710.0
ORD00346,2025-04-04,C0361,Dinesh Perera,Jaffna,P016,Coffee Maker,Home Appliances,1,22000,5,1100.0,Online Payment,20900.0
ORD02076,2025-04-04,C0183,Chamod Bandara,Ratnapura,P013,Jacket,Clothing,1,12000,15,1800.0,Credit Card,10200.0
ORD01722,2025-04-04,C0368,Kasun Perera,Matara,P022,Pen Set,Stationery,1,1200,0,0.0,Cash,1200.0
ORD02531,2025-04-04,C0477,Kasun Rathnayake,Jaffna,P025,Desk Organizer,Stationery,2,1800,15,540.0,Online Payment,3060.0
ORD01757,2025-04-05,C0387,Dilini Jayasinghe,Kurunegala,P003,Tablet,Electronics,1,65000,0,0.0,Online Payment,65000.0
ORD02269,2025-04-05,C0312,Hasini Gunawardena,Galle,P014,Sneakers,Clothing,1,15000,0,0.0,Credit Card,15000.0
ORD00275,2025-04-05,C0275,Isuru Perera,Negombo,P013,Jacket,Clothing,2,12000,0,0.0,Cash,24000.0
ORD02751,2025-04-06,C0257,Piumi Bandara,Negombo,P021,Notebook,Stationery,3,800,10,240.0,Cash,2160.0
ORD02772,2025-04-06,C0495,Tharushi Wijesinghe,Galle,P007,Office Desk,Furniture,2,55000,10,11000.0,Debit Card,99000.0
ORD01935,2025-04-06,C0337,Sanduni Wijesinghe,Colombo,P005,Smart Watch,Electronics,1,25000,0,0.0,Cash,25000.0
ORD01605,2025-04-07,C0117,Nethmi Fernando,Kandy,P018,Blender,Home Appliances,2,14000,0,0.0,Debit Card,28000.0
ORD00173,2025-04-07,C0286,Sachini Wijesinghe,Negombo,P024,File Folder,Stationery,3,650,0,0.0,Debit Card,1950.0
ORD00381,2025-04-07,C0237,Dinesh Silva,Kandy,P001,Laptop,Electronics,1,180000,5,9000.0,Credit Card,171000.0
ORD02611,2025-04-07,C0116,Tharindu Rathnayake,Matara,P003,Tablet,Electronics,2,65000,5,6500.0,Cash,123500.0
ORD01800,2025-04-07,C0233,Sachini Jayasinghe,Jaffna,P020,Microwave Oven,Home Appliances,5,48000,0,0.0,Debit Card,240000.0
ORD02754,2025-04-08,C0184,Dinithi Perera,Galle,P011,T-Shirt,Clothing,1,4500,5,225.0,Online Payment,4275.0
ORD02316,2025-04-08,C0036,Amal Perera,Batticaloa,P002,Smartphone,Electronics,2,95000,10,19000.0,Cash,171000.0
ORD01277,2025-04-08,C0425,Tharushi Wijesinghe,Negombo,P011,T-Shirt,Clothing,3,4500,10,1350.0,Cash,12150.0
ORD01735,2025-04-08,C0009,Sachini Rathnayake,Galle,P009,Dining Table,Furniture,1,85000,0,0.0,Online Payment,85000.0
ORD02331,2025-04-09,C0264,Tharindu Silva,Anuradhapura,P006,Office Chair,Furniture,1,35000,0,0.0,Credit Card,35000.0
ORD00410,2025-04-10,C0014,Isuru Silva,Negombo,P003,Tablet,Electronics,1,65000,0,0.0,Debit Card,65000.0
ORD01962,2025-04-10,C0019,Sahan Perera,Batticaloa,P014,Sneakers,Clothing,1,15000,5,750.0,Online Payment,14250.0
ORD01532,2025-04-10,C0169,Kasun Rathnayake,Anuradhapura,P025,Desk Organizer,Stationery,1,1800,5,90.0,Debit Card,1710.0
ORD01323,2025-04-10,C0421,Kavindu Karunaratne,Anuradhapura,P023,Calculator,Stationery,1,2500,0,0.0,Cash,2500.0
ORD00125,2025-04-10,C0463,Nimal Wijesinghe,Anuradhapura,P002,Smartphone,Electronics,2,95000,0,0.0,Cash,190000.0
ORD02899,2025-04-10,C0349,Sanduni Rathnayake,Batticaloa,P002,Smartphone,Electronics,1,95000,15,14250.0,Cash,80750.0
ORD02474,2025-04-10,C0100,Isuru Fernando,Jaffna,P021,Notebook,Stationery,2,800,0,0.0,Cash,1600.0
ORD00228,2025-04-10,C0202,Dilini Jayasinghe,Ratnapura,P012,Jeans,Clothing,3,7500,5,1125.0,Online Payment,21375.0
ORD01916,2025-04-10,C0392,Kavindu Wijesinghe,Ratnapura,P023,Calculator,Stationery,2,2500,0,0.0,Cash,5000.0
ORD01462,2025-04-10,C0440,Piumi Wijesinghe,Jaffna,P021,Notebook,Stationery,2,800,0,0.0,Debit Card,1600.0
ORD02352,2025-04-11,C0379,Dinithi Gunawardena,Galle,P021,Notebook,Stationery,1,800,5,40.0,Cash,760.0
ORD00765,2025-04-11,C0122,Tharushi Bandara,Matara,P008,Bookshelf,Furniture,1,28000,15,4200.0,Cash,23800.0
ORD02669,2025-04-11,C0298,Kavindu Rathnayake,Ratnapura,P011,T-Shirt,Clothing,3,4500,0,0.0,Cash,13500.0
ORD01251,2025-04-12,C0364,Tharindu Samarasinghe,Kandy,P021,Notebook,Stationery,2,800,10,160.0,Debit Card,1440.0
ORD01816,2025-04-12,C0089,Sachini Samarasinghe,Ratnapura,P003,Tablet,Electronics,1,65000,0,0.0,Credit Card,65000.0
ORD01131,2025-04-12,C0460,Nimal Silva,Kurunegala,P025,Desk Organizer,Stationery,1,1800,10,180.0,Online Payment,1620.0
ORD00091,2025-04-12,C0486,Isuru Bandara,Negombo,P022,Pen Set,Stationery,1,1200,5,60.0,Credit Card,1140.0
ORD00343,2025-04-12,C0321,Nethmi Perera,Kandy,P006,Office Chair,Furniture,1,35000,0,0.0,Online Payment,35000.0
ORD02456,2025-04-13,C0067,Kasun Fernando,Colombo,P004,Wireless Headphones,Electronics,2,18000,0,0.0,Credit Card,36000.0
ORD01183,2025-04-13,C0194,Sachini Perera,Kandy,P001,Laptop,Electronics,3,180000,0,0.0,Credit Card,540000.0
ORD01593,2025-04-13,C0008,Dilini Bandara,Kandy,P014,Sneakers,Clothing,5,15000,0,0.0,Online Payment,75000.0
ORD00755,2025-04-13,C0406,Dinithi Gunawardena,Galle,P001,Laptop,Electronics,3,180000,0,0.0,Cash,540000.0
ORD00244,2025-04-13,C0349,Tharindu Perera,Ratnapura,P006,Office Chair,Furniture,1,35000,15,5250.0,Online Payment,29750.0
ORD02592,2025-04-13,C0290,Isuru Silva,Negombo,P012,Jeans,Clothing,5,7500,5,1875.0,Cash,35625.0
ORD01890,2025-04-13,C0020,Hasini Fernando,Colombo,P020,Microwave Oven,Home Appliances,1,48000,5,2400.0,Credit Card,45600.0
ORD02141,2025-04-13,C0047,Kavindu Perera,Ratnapura,P022,Pen Set,Stationery,1,1200,0,0.0,Debit Card,1200.0
ORD02156,2025-04-13,C0231,Sachini Wijesinghe,Kandy,P016,Coffee Maker,Home Appliances,1,22000,0,0.0,Cash,22000.0
ORD00567,2025-04-13,C0370,Sahan Bandara,Ratnapura,P014,Sneakers,Clothing,3,15000,5,2250.0,Credit Card,42750.0
ORD00351,2025-04-13,C0072,Dinesh Karunaratne,Matara,P012,Jeans,Clothing,4,7500,10,3000.0,Credit Card,27000.0
ORD01869,2025-04-14,C0075,Piumi Wijesinghe,Colombo,P001,Laptop,Electronics,2,180000,10,36000.0,Cash,324000.0
ORD02928,2025-04-14,C0081,Piumi Karunaratne,Ratnapura,P021,Notebook,Stationery,1,800,0,0.0,Debit Card,800.0
ORD00459,2025-04-14,C0464,Sahan Bandara,Anuradhapura,P010,Computer Table,Furniture,1,42000,0,0.0,Cash,42000.0
ORD00407,2025-04-14,C0170,Isuru Bandara,Matara,P023,Calculator,Stationery,2,2500,5,250.0,Debit Card,4750.0
ORD02295,2025-04-15,C0456,Ravindu Fernando,Kandy,P004,Wireless Headphones,Electronics,1,18000,10,1800.0,Cash,16200.0
ORD02451,2025-04-15,C0426,Ayesha Rathnayake,Kurunegala,P009,Dining Table,Furniture,1,85000,0,0.0,Debit Card,85000.0
ORD02518,2025-04-15,C0304,Dinithi Jayasinghe,Jaffna,P001,Laptop,Electronics,4,180000,10,72000.0,Online Payment,648000.0
ORD02530,2025-04-15,C0086,Dinithi Perera,Colombo,P024,File Folder,Stationery,1,650,0,0.0,Credit Card,650.0
ORD01265,2025-04-16,C0299,Hasini Wijesinghe,Galle,P007,Office Desk,Furniture,4,55000,15,33000.0,Online Payment,187000.0
ORD01272,2025-04-16,C0288,Sahan Karunaratne,Kandy,P019,Rice Cooker,Home Appliances,3,18000,10,5400.0,Online Payment,48600.0
ORD01448,2025-04-16,C0375,Isuru Wijesinghe,Galle,P009,Dining Table,Furniture,2,85000,0,0.0,Online Payment,170000.0
ORD00523,2025-04-16,C0361,Hiruni Wijesinghe,Negombo,P019,Rice Cooker,Home Appliances,2,18000,0,0.0,Online Payment,36000.0
ORD01960,2025-04-16,C0290,Tharindu Bandara,Matara,P002,Smartphone,Electronics,1,95000,10,9500.0,Cash,85500.0
ORD01961,2025-04-16,C0349,Piumi Rathnayake,Galle,P008,Bookshelf,Furniture,2,28000,5,2800.0,Debit Card,53200.0
ORD00164,2025-04-16,C0075,Sahan Bandara,Galle,P020,Microwave Oven,Home Appliances,1,48000,0,0.0,Credit Card,48000.0
ORD00170,2025-04-16,C0416,Sanduni Fernando,Ratnapura,P021,Notebook,Stationery,1,800,5,40.0,Online Payment,760.0
ORD02715,2025-04-17,C0428,Tharushi Karunaratne,Colombo,P007,Office Desk,Furniture,2,55000,0,0.0,Credit Card,110000.0
ORD00464,2025-04-17,C0214,Hasini Rathnayake,Batticaloa,P022,Pen Set,Stationery,1,1200,10,120.0,Debit Card,1080.0
ORD01622,2025-04-17,C0400,Ayesha Samarasinghe,Batticaloa,P019,Rice Cooker,Home Appliances,1,18000,10,1800.0,Cash,16200.0
ORD02459,2025-04-17,C0301,Dinithi Karunaratne,Negombo,P023,Calculator,Stationery,1,2500,10,250.0,Cash,2250.0
ORD01280,2025-04-18,C0166,Tharushi Bandara,Galle,P003,Tablet,Electronics,1,65000,10,6500.0,Cash,58500.0
ORD01476,2025-04-18,C0323,Dilini Perera,Galle,P014,Sneakers,Clothing,1,15000,10,1500.0,Cash,13500.0
ORD02393,2025-04-18,C0424,Ravindu Perera,Anuradhapura,P022,Pen Set,Stationery,1,1200,5,60.0,Cash,1140.0
ORD02668,2025-04-18,C0453,Sachini Silva,Kurunegala,P022,Pen Set,Stationery,2,1200,0,0.0,Debit Card,2400.0
ORD02516,2025-04-19,C0284,Dilini Gunawardena,Jaffna,P001,Laptop,Electronics,1,180000,15,27000.0,Debit Card,153000.0
ORD02673,2025-04-19,C0219,Amal Samarasinghe,Ratnapura,P004,Wireless Headphones,Electronics,3,18000,15,8100.0,Credit Card,45900.0
ORD01721,2025-04-19,C0314,Dinesh Perera,Galle,P007,Office Desk,Furniture,4,55000,0,0.0,Credit Card,220000.0
ORD01384,2025-04-19,C0312,Isuru Jayasinghe,Ratnapura,P023,Calculator,Stationery,3,2500,10,750.0,Credit Card,6750.0
ORD00609,2025-04-20,C0249,Isuru Fernando,Colombo,P019,Rice Cooker,Home Appliances,2,18000,10,3600.0,Online Payment,32400.0
ORD00699,2025-04-20,C0167,Piumi Fernando,Negombo,P018,Blender,Home Appliances,1,14000,10,1400.0,Credit Card,12600.0
ORD00058,2025-04-20,C0399,Tharushi Bandara,Galle,P023,Calculator,Stationery,2,2500,0,0.0,Credit Card,5000.0
ORD02430,2025-04-20,C0070,Dinesh Bandara,Anuradhapura,P011,T-Shirt,Clothing,3,4500,10,1350.0,Online Payment,12150.0
ORD00288,2025-04-20,C0471,Dinesh Samarasinghe,Galle,P008,Bookshelf,Furniture,1,28000,5,1400.0,Debit Card,26600.0
ORD00435,2025-04-21,C0247,Kasun Jayasinghe,Negombo,P021,Notebook,Stationery,1,800,5,40.0,Debit Card,760.0
ORD01660,2025-04-21,C0179,Chamod Karunaratne,Ratnapura,P006,Office Chair,Furniture,4,35000,15,21000.0,Credit Card,119000.0
ORD01752,2025-04-21,C0480,Sahan Rathnayake,Negombo,P007,Office Desk,Furniture,2,55000,15,16500.0,Debit Card,93500.0
ORD01623,2025-04-21,C0303,Dinesh Karunaratne,Kandy,P004,Wireless Headphones,Electronics,4,18000,5,3600.0,Debit Card,68400.0
ORD01680,2025-04-22,C0058,Ravindu Perera,Matara,P006,Office Chair,Furniture,1,35000,0,0.0,Credit Card,35000.0
ORD02723,2025-04-22,C0358,Dinithi Bandara,Batticaloa,P008,Bookshelf,Furniture,1,28000,0,0.0,Online Payment,28000.0
ORD01554,2025-04-22,C0391,Ravindu Bandara,Negombo,P017,Electric Kettle,Home Appliances,1,8500,15,1275.0,Cash,7225.0
ORD02096,2025-04-22,C0146,Kasun Perera,Kurunegala,P006,Office Chair,Furniture,1,35000,0,0.0,Online Payment,35000.0
ORD02002,2025-04-22,C0189,Ravindu Samarasinghe,Ratnapura,P017,Electric Kettle,Home Appliances,1,8500,5,425.0,Debit Card,8075.0
ORD02217,2025-04-22,C0204,Sanduni Karunaratne,Batticaloa,P012,Jeans,Clothing,1,7500,0,0.0,Cash,7500.0
ORD00668,2025-04-22,C0214,Chamod Silva,Negombo,P020,Microwave Oven,Home Appliances,2,48000,0,0.0,Online Payment,96000.0
ORD02819,2025-04-23,C0088,Ayesha Gunawardena,Matara,P005,Smart Watch,Electronics,1,25000,0,0.0,Credit Card,25000.0
ORD01953,2025-04-23,C0138,Dilini Samarasinghe,Negombo,P023,Calculator,Stationery,1,2500,5,125.0,Online Payment,2375.0
ORD01407,2025-04-23,C0367,Dinesh Rathnayake,Matara,P016,Coffee Maker,Home Appliances,1,22000,0,0.0,Debit Card,22000.0
ORD02131,2025-04-23,C0236,Kasun Jayasinghe,Galle,P007,Office Desk,Furniture,3,55000,0,0.0,Cash,165000.0
ORD00189,2025-04-24,C0429,Ayesha Karunaratne,Ratnapura,P001,Laptop,Electronics,2,180000,5,18000.0,Credit Card,342000.0
ORD01710,2025-04-24,C0479,Isuru Jayasinghe,Negombo,P023,Calculator,Stationery,3,2500,0,0.0,Debit Card,7500.0
ORD02606,2025-04-24,C0292,Chamod Samarasinghe,Kandy,P016,Coffee Maker,Home Appliances,3,22000,15,9900.0,Debit Card,56100.0
ORD01007,2025-04-24,C0174,Isuru Wijesinghe,Anuradhapura,P008,Bookshelf,Furniture,1,28000,10,2800.0,Credit Card,25200.0
ORD00608,2025-04-24,C0050,Hiruni Fernando,Colombo,P005,Smart Watch,Electronics,1,25000,0,0.0,Credit Card,25000.0
ORD02691,2025-04-24,C0071,Piumi Fernando,Anuradhapura,P016,Coffee Maker,Home Appliances,1,22000,0,0.0,Credit Card,22000.0
ORD02178,2025-04-25,C0043,Nethmi Perera,Ratnapura,P017,Electric Kettle,Home Appliances,2,8500,5,850.0,Cash,16150.0
ORD00001,2025-04-25,C0013,Sahan Bandara,Jaffna,P005,Smart Watch,Electronics,2,25000,0,0.0,Online Payment,50000.0
ORD00684,2025-04-25,C0192,Nimal Bandara,Kandy,P015,Backpack,Clothing,2,6500,15,1950.0,Credit Card,11050.0
ORD02549,2025-04-25,C0025,Piumi Karunaratne,Ratnapura,P011,T-Shirt,Clothing,1,4500,0,0.0,Credit Card,4500.0
ORD02538,2025-04-25,C0427,Nethmi Fernando,Kurunegala,P019,Rice Cooker,Home Appliances,1,18000,15,2700.0,Credit Card,15300.0
ORD02588,2025-04-26,C0483,Dilini Bandara,Ratnapura,P021,Notebook,Stationery,3,800,0,0.0,Credit Card,2400.0
ORD02509,2025-04-26,C0211,Nethmi Bandara,Negombo,P015,Backpack,Clothing,2,6500,10,1300.0,Credit Card,11700.0
ORD02137,2025-04-26,C0196,Sachini Fernando,Galle,P006,Office Chair,Furniture,1,35000,0,0.0,Online Payment,35000.0
ORD00795,2025-04-26,C0375,Ayesha Perera,Galle,P022,Pen Set,Stationery,2,1200,5,120.0,Cash,2280.0
ORD00419,2025-04-26,C0213,Tharindu Silva,Batticaloa,P019,Rice Cooker,Home Appliances,2,18000,0,0.0,Cash,36000.0
ORD02126,2025-04-26,C0110,Ayesha Jayasinghe,Galle,P019,Rice Cooker,Home Appliances,4,18000,5,3600.0,Credit Card,68400.0
ORD01918,2025-04-27,C0392,Nethmi Jayasinghe,Kandy,P017,Electric Kettle,Home Appliances,3,8500,15,3825.0,Cash,21675.0
ORD01932,2025-04-27,C0049,Sahan Jayasinghe,Kurunegala,P004,Wireless Headphones,Electronics,1,18000,5,900.0,Cash,17100.0
ORD02734,2025-04-27,C0317,Ravindu Jayasinghe,Negombo,P011,T-Shirt,Clothing,3,4500,0,0.0,Credit Card,13500.0
ORD00857,2025-04-27,C0077,Isuru Perera,Jaffna,P010,Computer Table,Furniture,1,42000,10,4200.0,Online Payment,37800.0
ORD02208,2025-04-27,C0037,Ayesha Fernando,Matara,P022,Pen Set,Stationery,2,1200,5,120.0,Online Payment,2280.0
ORD01942,2025-04-28,C0208,Hasini Bandara,Negombo,P023,Calculator,Stationery,1,2500,0,0.0,Cash,2500.0
ORD02641,2025-04-28,C0453,Nimal Perera,Anuradhapura,P020,Microwave Oven,Home Appliances,1,48000,0,0.0,Debit Card,48000.0
ORD01245,2025-04-28,C0101,Ayesha Fernando,Kurunegala,P015,Backpack,Clothing,1,6500,10,650.0,Cash,5850.0
ORD00496,2025-04-28,C0343,Dilini Rathnayake,Jaffna,P021,Notebook,Stationery,2,800,5,80.0,Cash,1520.0
ORD00702,2025-04-28,C0304,Dinithi Rathnayake,Kurunegala,P018,Blender,Home Appliances,1,14000,15,2100.0,Credit Card,11900.0
ORD01098,2025-04-29,C0294,Dilini Silva,Kurunegala,P013,Jacket,Clothing,2,12000,0,0.0,Debit Card,24000.0
ORD02279,2025-04-29,C0295,Dilini Perera,Batticaloa,P006,Office Chair,Furniture,3,35000,0,0.0,Cash,105000.0
ORD01408,2025-04-30,C0496,Dilini Fernando,Jaffna,P024,File Folder,Stationery,1,650,0,0.0,Debit Card,650.0
ORD01075,2025-04-30,C0395,Kasun Gunawardena,Matara,P023,Calculator,Stationery,2,2500,0,0.0,Credit Card,5000.0
ORD01790,2025-04-30,C0167,Dilini Samarasinghe,Matara,P017,Electric Kettle,Home Appliances,2,8500,10,1700.0,Credit Card,15300.0
ORD00911,2025-04-30,C0007,Chamod Rathnayake,Anuradhapura,P023,Calculator,Stationery,1,2500,15,375.0,Debit Card,2125.0
ORD01392,2025-05-01,C0042,Tharushi Gunawardena,Ratnapura,P005,Smart Watch,Electronics,2,25000,5,2500.0,Credit Card,47500.0
ORD02740,2025-05-01,C0074,Ravindu Rathnayake,Matara,P007,Office Desk,Furniture,1,55000,15,8250.0,Debit Card,46750.0
ORD01347,2025-05-01,C0256,Ravindu Perera,Batticaloa,P018,Blender,Home Appliances,1,14000,5,700.0,Debit Card,13300.0
ORD00254,2025-05-02,C0239,Kavindu Silva,Matara,P022,Pen Set,Stationery,2,1200,5,120.0,Cash,2280.0
ORD00527,2025-05-02,C0339,Ravindu Gunawardena,Kurunegala,P024,File Folder,Stationery,1,650,15,97.5,Online Payment,552.5
ORD02978,2025-05-02,C0025,Nethmi Karunaratne,Galle,P008,Bookshelf,Furniture,1,28000,0,0.0,Credit Card,28000.0
ORD00879,2025-05-02,C0115,Isuru Bandara,Negombo,P010,Computer Table,Furniture,2,42000,10,8400.0,Credit Card,75600.0
ORD01396,2025-05-02,C0173,Sanduni Karunaratne,Batticaloa,P020,Microwave Oven,Home Appliances,1,48000,0,0.0,Cash,48000.0
ORD00820,2025-05-02,C0466,Sahan Perera,Kandy,P010,Computer Table,Furniture,2,42000,0,0.0,Cash,84000.0
ORD02605,2025-05-03,C0013,Sahan Jayasinghe,Negombo,P024,File Folder,Stationery,1,650,0,0.0,Online Payment,650.0
ORD00807,2025-05-03,C0392,Sahan Rathnayake,Kandy,P020,Microwave Oven,Home Appliances,2,48000,15,14400.0,Online Payment,81600.0
ORD02873,2025-05-03,C0058,Dinithi Gunawardena,Colombo,P010,Computer Table,Furniture,5,42000,0,0.0,Credit Card,210000.0
ORD00734,2025-05-03,C0045,Dinithi Silva,Matara,P022,Pen Set,Stationery,3,1200,0,0.0,Cash,3600.0
ORD01332,2025-05-04,C0289,Sachini Perera,Batticaloa,P010,Computer Table,Furniture,1,42000,15,6300.0,Cash,35700.0
ORD01794,2025-05-04,C0107,Chamod Fernando,Kandy,P009,Dining Table,Furniture,1,85000,0,0.0,Online Payment,85000.0
ORD00021,2025-05-04,C0127,Ravindu Fernando,Kurunegala,P001,Laptop,Electronics,2,180000,5,18000.0,Credit Card,342000.0
ORD02117,2025-05-04,C0331,Ayesha Silva,Kandy,P015,Backpack,Clothing,2,6500,5,650.0,Online Payment,12350.0
ORD02368,2025-05-04,C0041,Dilini Samarasinghe,Anuradhapura,P003,Tablet,Electronics,4,65000,5,13000.0,Debit Card,247000.0
ORD00059,2025-05-05,C0234,Tharindu Rathnayake,Ratnapura,P018,Blender,Home Appliances,2,14000,15,4200.0,Online Payment,23800.0
ORD01279,2025-05-05,C0432,Dilini Karunaratne,Kandy,P001,Laptop,Electronics,1,180000,0,0.0,Credit Card,180000.0
ORD00240,2025-05-05,C0294,Piumi Gunawardena,Matara,P012,Jeans,Clothing,4,7500,0,0.0,Debit Card,30000.0
ORD02565,2025-05-05,C0125,Tharushi Perera,Batticaloa,P002,Smartphone,Electronics,2,95000,10,19000.0,Cash,171000.0
ORD02522,2025-05-06,C0025,Ravindu Wijesinghe,Negombo,P010,Computer Table,Furniture,4,42000,5,8400.0,Credit Card,159600.0
ORD02005,2025-05-06,C0203,Ravindu Silva,Kandy,P003,Tablet,Electronics,1,65000,15,9750.0,Online Payment,55250.0
ORD00834,2025-05-06,C0129,Ayesha Rathnayake,Jaffna,P021,Notebook,Stationery,4,800,0,0.0,Cash,3200.0
ORD01898,2025-05-06,C0477,Piumi Karunaratne,Negombo,P023,Calculator,Stationery,1,2500,15,375.0,Cash,2125.0
ORD01312,2025-05-07,C0028,Ayesha Wijesinghe,Colombo,P014,Sneakers,Clothing,1,15000,0,0.0,Cash,15000.0
ORD01146,2025-05-07,C0468,Ayesha Perera,Galle,P025,Desk Organizer,Stationery,2,1800,5,180.0,Online Payment,3420.0
ORD02658,2025-05-07,C0052,Dinithi Rathnayake,Jaffna,P018,Blender,Home Appliances,2,14000,0,0.0,Online Payment,28000.0
ORD02006,2025-05-07,C0279,Nimal Karunaratne,Jaffna,P008,Bookshelf,Furniture,2,28000,5,2800.0,Online Payment,53200.0
ORD00051,2025-05-08,C0369,Kavindu Samarasinghe,Negombo,P022,Pen Set,Stationery,1,1200,10,120.0,Debit Card,1080.0
ORD00942,2025-05-08,C0230,Kavindu Karunaratne,Colombo,P015,Backpack,Clothing,1,6500,5,325.0,Credit Card,6175.0
ORD00806,2025-05-08,C0335,Kavindu Gunawardena,Galle,P016,Coffee Maker,Home Appliances,4,22000,5,4400.0,Cash,83600.0
ORD01045,2025-05-08,C0274,Sachini Silva,Kandy,P022,Pen Set,Stationery,3,1200,5,180.0,Credit Card,3420.0
ORD01840,2025-05-08,C0049,Ravindu Gunawardena,Jaffna,P008,Bookshelf,Furniture,1,28000,0,0.0,Credit Card,28000.0
ORD01057,2025-05-08,C0159,Ravindu Gunawardena,Jaffna,P020,Microwave Oven,Home Appliances,1,48000,0,0.0,Debit Card,48000.0
ORD02526,2025-05-08,C0312,Amal Jayasinghe,Jaffna,P007,Office Desk,Furniture,4,55000,5,11000.0,Online Payment,209000.0
ORD00197,2025-05-08,C0410,Dilini Gunawardena,Matara,P024,File Folder,Stationery,1,650,10,65.0,Debit Card,585.0
ORD02082,2025-05-08,C0086,Sahan Samarasinghe,Galle,P025,Desk Organizer,Stationery,2,1800,10,360.0,Debit Card,3240.0
ORD00601,2025-05-09,C0250,Ravindu Jayasinghe,Ratnapura,P021,Notebook,Stationery,3,800,15,360.0,Credit Card,2040.0
ORD01693,2025-05-09,C0431,Dilini Bandara,Matara,P014,Sneakers,Clothing,3,15000,15,6750.0,Online Payment,38250.0
ORD00818,2025-05-09,C0108,Tharindu Fernando,Matara,P023,Calculator,Stationery,3,2500,0,0.0,Cash,7500.0
ORD01237,2025-05-09,C0325,Nethmi Karunaratne,Kandy,P002,Smartphone,Electronics,1,95000,5,4750.0,Online Payment,90250.0
ORD01207,2025-05-09,C0381,Isuru Gunawardena,Batticaloa,P002,Smartphone,Electronics,1,95000,0,0.0,Cash,95000.0
ORD02738,2025-05-10,C0426,Sahan Wijesinghe,Kandy,P006,Office Chair,Furniture,3,35000,0,0.0,Online Payment,105000.0
ORD00203,2025-05-10,C0035,Ravindu Jayasinghe,Kurunegala,P013,Jacket,Clothing,4,12000,0,0.0,Credit Card,48000.0
ORD01394,2025-05-10,C0446,Nimal Gunawardena,Colombo,P023,Calculator,Stationery,1,2500,0,0.0,Credit Card,2500.0
ORD01152,2025-05-10,C0080,Dilini Samarasinghe,Colombo,P025,Desk Organizer,Stationery,2,1800,0,0.0,Debit Card,3600.0
ORD02073,2025-05-10,C0457,Nimal Jayasinghe,Colombo,P020,Microwave Oven,Home Appliances,2,48000,5,4800.0,Online Payment,91200.0
ORD01092,2025-05-11,C0255,Kasun Wijesinghe,Ratnapura,P015,Backpack,Clothing,1,6500,15,975.0,Cash,5525.0
ORD02984,2025-05-11,C0330,Kasun Samarasinghe,Anuradhapura,P020,Microwave Oven,Home Appliances,2,48000,5,4800.0,Debit Card,91200.0
ORD02228,2025-05-11,C0064,Piumi Bandara,Ratnapura,P011,T-Shirt,Clothing,3,4500,10,1350.0,Debit Card,12150.0
ORD02619,2025-05-11,C0427,Isuru Jayasinghe,Jaffna,P009,Dining Table,Furniture,2,85000,10,17000.0,Debit Card,153000.0
ORD01743,2025-05-11,C0495,Sanduni Karunaratne,Jaffna,P023,Calculator,Stationery,2,2500,5,250.0,Credit Card,4750.0
ORD02424,2025-05-12,C0310,Ayesha Bandara,Batticaloa,P022,Pen Set,Stationery,3,1200,5,180.0,Cash,3420.0
ORD02375,2025-05-12,C0034,Kavindu Silva,Kurunegala,P015,Backpack,Clothing,2,6500,5,650.0,Cash,12350.0
ORD01536,2025-05-12,C0076,Dinithi Wijesinghe,Matara,P009,Dining Table,Furniture,2,85000,0,0.0,Credit Card,170000.0
ORD01250,2025-05-12,C0481,Sachini Silva,Matara,P011,T-Shirt,Clothing,2,4500,10,900.0,Credit Card,8100.0
ORD02020,2025-05-12,C0219,Amal Perera,Jaffna,P002,Smartphone,Electronics,2,95000,5,9500.0,Debit Card,180500.0
ORD01588,2025-05-12,C0266,Tharindu Silva,Anuradhapura,P025,Desk Organizer,Stationery,1,1800,5,90.0,Debit Card,1710.0
ORD02674,2025-05-13,C0458,Isuru Karunaratne,Batticaloa,P021,Notebook,Stationery,5,800,5,200.0,Online Payment,3800.0
ORD00213,2025-05-13,C0222,Hiruni Perera,Kandy,P017,Electric Kettle,Home Appliances,1,8500,0,0.0,Credit Card,8500.0
ORD01337,2025-05-13,C0358,Sanduni Karunaratne,Batticaloa,P012,Jeans,Clothing,2,7500,10,1500.0,Cash,13500.0
ORD01740,2025-05-13,C0272,Kavindu Jayasinghe,Kurunegala,P023,Calculator,Stationery,3,2500,10,750.0,Online Payment,6750.0
ORD00948,2025-05-13,C0496,Hiruni Samarasinghe,Kandy,P023,Calculator,Stationery,1,2500,15,375.0,Cash,2125.0
ORD02882,2025-05-13,C0375,Hiruni Fernando,Matara,P009,Dining Table,Furniture,3,85000,0,0.0,Cash,255000.0
ORD01866,2025-05-14,C0213,Nimal Bandara,Galle,P021,Notebook,Stationery,4,800,5,160.0,Debit Card,3040.0
ORD02018,2025-05-14,C0267,Piumi Gunawardena,Colombo,P012,Jeans,Clothing,2,7500,10,1500.0,Credit Card,13500.0
ORD00901,2025-05-15,C0184,Dinesh Jayasinghe,Ratnapura,P007,Office Desk,Furniture,1,55000,10,5500.0,Online Payment,49500.0
ORD01217,2025-05-15,C0174,Kavindu Jayasinghe,Batticaloa,P014,Sneakers,Clothing,1,15000,10,1500.0,Credit Card,13500.0
ORD00922,2025-05-15,C0453,Kavindu Gunawardena,Matara,P022,Pen Set,Stationery,2,1200,10,240.0,Online Payment,2160.0
ORD02613,2025-05-15,C0055,Dinesh Karunaratne,Kandy,P011,T-Shirt,Clothing,4,4500,0,0.0,Credit Card,18000.0
ORD02336,2025-05-15,C0067,Nethmi Rathnayake,Kurunegala,P005,Smart Watch,Electronics,2,25000,0,0.0,Credit Card,50000.0
ORD01461,2025-05-15,C0043,Tharushi Fernando,Colombo,P015,Backpack,Clothing,2,6500,0,0.0,Debit Card,13000.0
ORD00580,2025-05-15,C0270,Chamod Perera,Colombo,P022,Pen Set,Stationery,1,1200,10,120.0,Online Payment,1080.0
ORD01107,2025-05-15,C0166,Hasini Perera,Negombo,P015,Backpack,Clothing,2,6500,0,0.0,Online Payment,13000.0
ORD02868,2025-05-16,C0103,Nimal Bandara,Batticaloa,P015,Backpack,Clothing,1,6500,0,0.0,Cash,6500.0
ORD01469,2025-05-16,C0159,Nimal Gunawardena,Negombo,P006,Office Chair,Furniture,1,35000,10,3500.0,Online Payment,31500.0
ORD00774,2025-05-16,C0184,Kavindu Bandara,Kandy,P001,Laptop,Electronics,1,180000,5,9000.0,Credit Card,171000.0
ORD02826,2025-05-16,C0471,Kavindu Bandara,Matara,P011,T-Shirt,Clothing,1,4500,5,225.0,Cash,4275.0
ORD00533,2025-05-16,C0056,Amal Bandara,Ratnapura,P017,Electric Kettle,Home Appliances,2,8500,0,0.0,Cash,17000.0
ORD02340,2025-05-16,C0394,Kasun Perera,Galle,P020,Microwave Oven,Home Appliances,1,48000,0,0.0,Online Payment,48000.0
ORD00722,2025-05-16,C0316,Sahan Wijesinghe,Negombo,P001,Laptop,Electronics,2,180000,0,0.0,Credit Card,360000.0
ORD00301,2025-05-16,C0045,Chamod Gunawardena,Anuradhapura,P018,Blender,Home Appliances,2,14000,10,2800.0,Cash,25200.0
ORD01756,2025-05-16,C0255,Kasun Fernando,Galle,P005,Smart Watch,Electronics,1,25000,0,0.0,Credit Card,25000.0
ORD00349,2025-05-17,C0329,Tharindu Fernando,Ratnapura,P019,Rice Cooker,Home Appliances,1,18000,0,0.0,Online Payment,18000.0
ORD02906,2025-05-17,C0108,Hasini Gunawardena,Negombo,P009,Dining Table,Furniture,1,85000,0,0.0,Debit Card,85000.0
ORD01944,2025-05-17,C0495,Isuru Wijesinghe,Kandy,P019,Rice Cooker,Home Appliances,1,18000,5,900.0,Cash,17100.0
ORD01889,2025-05-17,C0150,Dilini Jayasinghe,Batticaloa,P003,Tablet,Electronics,1,65000,5,3250.0,Debit Card,61750.0
ORD00424,2025-05-18,C0154,Nethmi Jayasinghe,Negombo,P024,File Folder,Stationery,1,650,0,0.0,Credit Card,650.0
ORD01969,2025-05-18,C0017,Dinesh Bandara,Kurunegala,P021,Notebook,Stationery,3,800,5,120.0,Online Payment,2280.0
ORD01398,2025-05-18,C0376,Chamod Karunaratne,Ratnapura,P003,Tablet,Electronics,1,65000,0,0.0,Debit Card,65000.0
ORD00450,2025-05-18,C0176,Ayesha Jayasinghe,Jaffna,P006,Office Chair,Furniture,4,35000,10,14000.0,Cash,126000.0
ORD02612,2025-05-18,C0139,Dilini Jayasinghe,Batticaloa,P018,Blender,Home Appliances,1,14000,10,1400.0,Cash,12600.0
ORD02003,2025-05-18,C0239,Dinithi Perera,Kurunegala,P002,Smartphone,Electronics,1,95000,0,0.0,Debit Card,95000.0
ORD01857,2025-05-19,C0086,Nimal Rathnayake,Galle,P005,Smart Watch,Electronics,1,25000,10,2500.0,Debit Card,22500.0
ORD01317,2025-05-19,C0214,Piumi Bandara,Negombo,P010,Computer Table,Furniture,1,42000,15,6300.0,Credit Card,35700.0
ORD00768,2025-05-20,C0057,Nethmi Rathnayake,Matara,P006,Office Chair,Furniture,3,35000,5,5250.0,Debit Card,99750.0
ORD02211,2025-05-20,C0153,Hiruni Karunaratne,Negombo,P006,Office Chair,Furniture,1,35000,10,3500.0,Online Payment,31500.0
ORD02505,2025-05-20,C0297,Dinithi Perera,Anuradhapura,P009,Dining Table,Furniture,2,85000,0,0.0,Online Payment,170000.0
ORD02138,2025-05-20,C0371,Sanduni Samarasinghe,Anuradhapura,P008,Bookshelf,Furniture,1,28000,5,1400.0,Cash,26600.0
ORD01927,2025-05-20,C0243,Ayesha Samarasinghe,Ratnapura,P024,File Folder,Stationery,3,650,0,0.0,Cash,1950.0
ORD02583,2025-05-20,C0434,Ayesha Fernando,Anuradhapura,P009,Dining Table,Furniture,3,85000,0,0.0,Online Payment,255000.0
ORD00644,2025-05-21,C0045,Sachini Samarasinghe,Batticaloa,P021,Notebook,Stationery,2,800,10,160.0,Credit Card,1440.0
ORD00186,2025-05-21,C0020,Kavindu Rathnayake,Galle,P025,Desk Organizer,Stationery,2,1800,15,540.0,Cash,3060.0
ORD00646,2025-05-22,C0298,Piumi Bandara,Galle,P010,Computer Table,Furniture,2,42000,0,0.0,Online Payment,84000.0
ORD01021,2025-05-22,C0438,Piumi Wijesinghe,Colombo,P025,Desk Organizer,Stationery,1,1800,10,180.0,Online Payment,1620.0
ORD01196,2025-05-22,C0411,Ravindu Gunawardena,Matara,P018,Blender,Home Appliances,1,14000,15,2100.0,Credit Card,11900.0
ORD02921,2025-05-22,C0191,Hasini Perera,Matara,P006,Office Chair,Furniture,1,35000,0,0.0,Credit Card,35000.0
ORD02503,2025-05-22,C0166,Nethmi Bandara,Negombo,P020,Microwave Oven,Home Appliances,2,48000,0,0.0,Debit Card,96000.0
ORD00062,2025-05-22,C0078,Ravindu Gunawardena,Galle,P023,Calculator,Stationery,1,2500,10,250.0,Online Payment,2250.0
ORD01892,2025-05-22,C0034,Nethmi Karunaratne,Negombo,P006,Office Chair,Furniture,2,35000,0,0.0,Online Payment,70000.0
ORD00933,2025-05-22,C0411,Tharushi Gunawardena,Matara,P015,Backpack,Clothing,4,6500,10,2600.0,Cash,23400.0
ORD02165,2025-05-22,C0359,Ayesha Perera,Colombo,P002,Smartphone,Electronics,5,95000,10,47500.0,Online Payment,427500.0
ORD01490,2025-05-22,C0256,Isuru Perera,Jaffna,P010,Computer Table,Furniture,1,42000,10,4200.0,Online Payment,37800.0
ORD00816,2025-05-23,C0419,Nethmi Karunaratne,Ratnapura,P025,Desk Organizer,Stationery,5,1800,0,0.0,Debit Card,9000.0
ORD02635,2025-05-23,C0362,Piumi Fernando,Ratnapura,P005,Smart Watch,Electronics,4,25000,5,5000.0,Online Payment,95000.0
ORD00437,2025-05-24,C0370,Amal Rathnayake,Negombo,P009,Dining Table,Furniture,4,85000,10,34000.0,Online Payment,306000.0
ORD01534,2025-05-24,C0076,Hiruni Wijesinghe,Colombo,P008,Bookshelf,Furniture,3,28000,10,8400.0,Debit Card,75600.0
ORD01121,2025-05-24,C0296,Ayesha Jayasinghe,Ratnapura,P012,Jeans,Clothing,2,7500,5,750.0,Cash,14250.0
ORD02534,2025-05-24,C0365,Sanduni Fernando,Matara,P004,Wireless Headphones,Electronics,5,18000,10,9000.0,Online Payment,81000.0
ORD01475,2025-05-24,C0240,Hasini Jayasinghe,Kurunegala,P019,Rice Cooker,Home Appliances,1,18000,0,0.0,Debit Card,18000.0
ORD01044,2025-05-24,C0242,Sahan Silva,Galle,P001,Laptop,Electronics,2,180000,0,0.0,Debit Card,360000.0
ORD01567,2025-05-24,C0396,Kasun Jayasinghe,Kurunegala,P025,Desk Organizer,Stationery,1,1800,5,90.0,Credit Card,1710.0
ORD00296,2025-05-24,C0405,Kasun Samarasinghe,Kurunegala,P002,Smartphone,Electronics,1,95000,5,4750.0,Cash,90250.0
ORD02322,2025-05-25,C0235,Dilini Jayasinghe,Ratnapura,P006,Office Chair,Furniture,1,35000,15,5250.0,Online Payment,29750.0
ORD01996,2025-05-25,C0357,Sachini Karunaratne,Negombo,P024,File Folder,Stationery,1,650,5,32.5,Online Payment,617.5
ORD02695,2025-05-25,C0019,Dilini Fernando,Anuradhapura,P004,Wireless Headphones,Electronics,1,18000,5,900.0,Cash,17100.0
ORD02147,2025-05-25,C0247,Nimal Gunawardena,Kandy,P012,Jeans,Clothing,2,7500,15,2250.0,Credit Card,12750.0
ORD02034,2025-05-25,C0398,Tharushi Gunawardena,Batticaloa,P018,Blender,Home Appliances,4,14000,0,0.0,Online Payment,56000.0
ORD01004,2025-05-26,C0149,Nethmi Bandara,Batticaloa,P025,Desk Organizer,Stationery,1,1800,0,0.0,Credit Card,1800.0
ORD02388,2025-05-26,C0488,Chamod Samarasinghe,Colombo,P021,Notebook,Stationery,1,800,5,40.0,Debit Card,760.0
ORD00830,2025-05-27,C0203,Sachini Karunaratne,Kandy,P024,File Folder,Stationery,4,650,0,0.0,Cash,2600.0
ORD01133,2025-05-27,C0194,Hasini Wijesinghe,Colombo,P024,File Folder,Stationery,2,650,10,130.0,Credit Card,1170.0
ORD02884,2025-05-27,C0187,Tharindu Perera,Batticaloa,P009,Dining Table,Furniture,1,85000,5,4250.0,Online Payment,80750.0
ORD01125,2025-05-27,C0275,Isuru Fernando,Negombo,P021,Notebook,Stationery,2,800,5,80.0,Debit Card,1520.0
ORD02111,2025-05-27,C0450,Amal Wijesinghe,Batticaloa,P003,Tablet,Electronics,1,65000,0,0.0,Cash,65000.0
ORD02554,2025-05-27,C0037,Nethmi Karunaratne,Anuradhapura,P024,File Folder,Stationery,2,650,0,0.0,Credit Card,1300.0
ORD02702,2025-05-28,C0245,Kasun Bandara,Kurunegala,P007,Office Desk,Furniture,2,55000,10,11000.0,Online Payment,99000.0
ORD02462,2025-05-28,C0058,Sachini Silva,Matara,P022,Pen Set,Stationery,1,1200,5,60.0,Online Payment,1140.0
ORD01592,2025-05-28,C0468,Tharushi Perera,Ratnapura,P013,Jacket,Clothing,3,12000,0,0.0,Credit Card,36000.0
ORD01691,2025-05-28,C0147,Chamod Gunawardena,Negombo,P006,Office Chair,Furniture,1,35000,0,0.0,Online Payment,35000.0
ORD00647,2025-05-29,C0336,Hasini Silva,Kurunegala,P003,Tablet,Electronics,2,65000,0,0.0,Credit Card,130000.0
ORD01101,2025-05-29,C0418,Kavindu Bandara,Anuradhapura,P022,Pen Set,Stationery,1,1200,5,60.0,Credit Card,1140.0
ORD01270,2025-05-29,C0400,Sanduni Fernando,Colombo,P011,T-Shirt,Clothing,2,4500,10,900.0,Credit Card,8100.0
ORD02135,2025-05-29,C0204,Nimal Silva,Galle,P004,Wireless Headphones,Electronics,1,18000,0,0.0,Online Payment,18000.0
ORD02230,2025-05-30,C0446,Isuru Fernando,Kandy,P005,Smart Watch,Electronics,4,25000,0,0.0,Online Payment,100000.0
ORD01635,2025-05-30,C0367,Sanduni Samarasinghe,Kurunegala,P013,Jacket,Clothing,1,12000,10,1200.0,Cash,10800.0
ORD01864,2025-05-31,C0231,Hasini Silva,Negombo,P013,Jacket,Clothing,1,12000,0,0.0,Credit Card,12000.0
ORD02710,2025-05-31,C0433,Chamod Rathnayake,Jaffna,P013,Jacket,Clothing,2,12000,0,0.0,Online Payment,24000.0
ORD01813,2025-05-31,C0154,Tharindu Gunawardena,Colombo,P012,Jeans,Clothing,1,7500,0,0.0,Cash,7500.0
ORD02032,2025-05-31,C0170,Hasini Fernando,Negombo,P001,Laptop,Electronics,3,180000,5,27000.0,Credit Card,513000.0
ORD02817,2025-05-31,C0265,Hiruni Karunaratne,Kurunegala,P019,Rice Cooker,Home Appliances,1,18000,15,2700.0,Debit Card,15300.0
ORD01303,2025-05-31,C0397,Dinesh Fernando,Negombo,P024,File Folder,Stationery,1,650,15,97.5,Debit Card,552.5
ORD00799,2025-06-01,C0367,Tharushi Jayasinghe,Matara,P012,Jeans,Clothing,1,7500,10,750.0,Debit Card,6750.0
ORD00792,2025-06-01,C0191,Nethmi Samarasinghe,Galle,P018,Blender,Home Appliances,1,14000,0,0.0,Online Payment,14000.0
ORD02700,2025-06-01,C0458,Nethmi Silva,Ratnapura,P017,Electric Kettle,Home Appliances,3,8500,0,0.0,Online Payment,25500.0
ORD01905,2025-06-01,C0171,Hiruni Wijesinghe,Ratnapura,P013,Jacket,Clothing,3,12000,5,1800.0,Online Payment,34200.0
ORD00230,2025-06-02,C0311,Hiruni Silva,Kurunegala,P020,Microwave Oven,Home Appliances,1,48000,10,4800.0,Debit Card,43200.0
ORD00089,2025-06-02,C0416,Hasini Wijesinghe,Kandy,P008,Bookshelf,Furniture,1,28000,10,2800.0,Credit Card,25200.0
ORD00955,2025-06-02,C0444,Sanduni Fernando,Batticaloa,P022,Pen Set,Stationery,2,1200,10,240.0,Credit Card,2160.0
ORD02127,2025-06-02,C0015,Dinesh Silva,Kurunegala,P013,Jacket,Clothing,2,12000,0,0.0,Credit Card,24000.0
ORD02132,2025-06-02,C0330,Hasini Silva,Batticaloa,P024,File Folder,Stationery,1,650,0,0.0,Cash,650.0
ORD00690,2025-06-02,C0081,Sahan Fernando,Colombo,P020,Microwave Oven,Home Appliances,2,48000,0,0.0,Credit Card,96000.0
ORD00681,2025-06-02,C0144,Amal Jayasinghe,Matara,P021,Notebook,Stationery,2,800,0,0.0,Online Payment,1600.0
ORD01111,2025-06-02,C0322,Sachini Bandara,Colombo,P004,Wireless Headphones,Electronics,1,18000,15,2700.0,Debit Card,15300.0
ORD00705,2025-06-02,C0232,Piumi Wijesinghe,Matara,P020,Microwave Oven,Home Appliances,2,48000,5,4800.0,Credit Card,91200.0
ORD01203,2025-06-03,C0392,Chamod Rathnayake,Galle,P024,File Folder,Stationery,2,650,5,65.0,Online Payment,1235.0
ORD02631,2025-06-03,C0499,Amal Bandara,Negombo,P022,Pen Set,Stationery,1,1200,10,120.0,Credit Card,1080.0
ORD00568,2025-06-03,C0243,Amal Silva,Matara,P016,Coffee Maker,Home Appliances,1,22000,10,2200.0,Online Payment,19800.0
ORD02343,2025-06-04,C0291,Kasun Bandara,Kandy,P014,Sneakers,Clothing,1,15000,0,0.0,Debit Card,15000.0
ORD01703,2025-06-04,C0491,Isuru Wijesinghe,Kandy,P012,Jeans,Clothing,2,7500,10,1500.0,Online Payment,13500.0
ORD00166,2025-06-04,C0226,Kasun Rathnayake,Anuradhapura,P021,Notebook,Stationery,1,800,5,40.0,Cash,760.0
ORD01191,2025-06-04,C0092,Tharushi Samarasinghe,Kurunegala,P020,Microwave Oven,Home Appliances,1,48000,10,4800.0,Credit Card,43200.0
ORD02318,2025-06-05,C0454,Dinesh Fernando,Matara,P013,Jacket,Clothing,1,12000,0,0.0,Cash,12000.0
ORD01335,2025-06-05,C0181,Hasini Jayasinghe,Anuradhapura,P023,Calculator,Stationery,3,2500,0,0.0,Debit Card,7500.0
ORD02476,2025-06-05,C0049,Chamod Fernando,Kurunegala,P024,File Folder,Stationery,1,650,0,0.0,Debit Card,650.0
ORD00454,2025-06-06,C0106,Amal Wijesinghe,Matara,P022,Pen Set,Stationery,1,1200,5,60.0,Credit Card,1140.0
ORD01778,2025-06-06,C0111,Kasun Gunawardena,Matara,P001,Laptop,Electronics,1,180000,10,18000.0,Online Payment,162000.0
ORD02966,2025-06-06,C0121,Tharindu Rathnayake,Galle,P008,Bookshelf,Furniture,2,28000,0,0.0,Online Payment,56000.0
ORD00013,2025-06-06,C0322,Chamod Gunawardena,Batticaloa,P003,Tablet,Electronics,1,65000,15,9750.0,Debit Card,55250.0
ORD01733,2025-06-06,C0073,Sachini Gunawardena,Colombo,P005,Smart Watch,Electronics,3,25000,10,7500.0,Credit Card,67500.0
ORD02694,2025-06-07,C0152,Kavindu Gunawardena,Kurunegala,P025,Desk Organizer,Stationery,1,1800,15,270.0,Online Payment,1530.0
ORD02079,2025-06-07,C0429,Tharindu Jayasinghe,Ratnapura,P019,Rice Cooker,Home Appliances,1,18000,0,0.0,Debit Card,18000.0
ORD00711,2025-06-07,C0148,Tharindu Silva,Colombo,P003,Tablet,Electronics,2,65000,0,0.0,Online Payment,130000.0
ORD02389,2025-06-07,C0178,Piumi Karunaratne,Galle,P023,Calculator,Stationery,3,2500,0,0.0,Credit Card,7500.0
ORD00501,2025-06-07,C0013,Nethmi Jayasinghe,Colombo,P003,Tablet,Electronics,1,65000,0,0.0,Debit Card,65000.0
ORD01970,2025-06-07,C0353,Kasun Silva,Anuradhapura,P013,Jacket,Clothing,1,12000,10,1200.0,Cash,10800.0
ORD00896,2025-06-07,C0015,Kasun Rathnayake,Anuradhapura,P015,Backpack,Clothing,2,6500,5,650.0,Cash,12350.0
ORD01661,2025-06-08,C0314,Sanduni Rathnayake,Ratnapura,P013,Jacket,Clothing,3,12000,0,0.0,Cash,36000.0
ORD02838,2025-06-08,C0065,Sachini Perera,Colombo,P001,Laptop,Electronics,3,180000,5,27000.0,Debit Card,513000.0
ORD00149,2025-06-08,C0337,Ayesha Bandara,Kandy,P012,Jeans,Clothing,3,7500,10,2250.0,Cash,20250.0
ORD02440,2025-06-08,C0117,Piumi Jayasinghe,Colombo,P006,Office Chair,Furniture,1,35000,5,1750.0,Online Payment,33250.0
ORD00904,2025-06-08,C0477,Ayesha Samarasinghe,Ratnapura,P003,Tablet,Electronics,1,65000,10,6500.0,Cash,58500.0
ORD01658,2025-06-08,C0308,Dilini Karunaratne,Galle,P015,Backpack,Clothing,2,6500,0,0.0,Credit Card,13000.0
ORD02693,2025-06-08,C0193,Nimal Karunaratne,Anuradhapura,P006,Office Chair,Furniture,1,35000,10,3500.0,Cash,31500.0
ORD01917,2025-06-09,C0448,Dinesh Perera,Jaffna,P003,Tablet,Electronics,3,65000,5,9750.0,Credit Card,185250.0
ORD00377,2025-06-09,C0055,Chamod Rathnayake,Anuradhapura,P011,T-Shirt,Clothing,1,4500,10,450.0,Credit Card,4050.0
ORD00559,2025-06-09,C0399,Dinesh Fernando,Kandy,P022,Pen Set,Stationery,4,1200,15,720.0,Cash,4080.0
ORD00579,2025-06-09,C0044,Sachini Wijesinghe,Jaffna,P008,Bookshelf,Furniture,2,28000,15,8400.0,Credit Card,47600.0
ORD01066,2025-06-09,C0420,Ayesha Perera,Matara,P014,Sneakers,Clothing,3,15000,5,2250.0,Credit Card,42750.0
ORD00924,2025-06-10,C0311,Ayesha Fernando,Matara,P016,Coffee Maker,Home Appliances,1,22000,5,1100.0,Cash,20900.0
ORD02369,2025-06-10,C0108,Dilini Wijesinghe,Galle,P014,Sneakers,Clothing,3,15000,15,6750.0,Debit Card,38250.0
ORD02532,2025-06-10,C0218,Sahan Samarasinghe,Ratnapura,P024,File Folder,Stationery,1,650,10,65.0,Debit Card,585.0
ORD00769,2025-06-10,C0405,Dinithi Silva,Batticaloa,P018,Blender,Home Appliances,3,14000,0,0.0,Online Payment,42000.0
ORD00949,2025-06-10,C0484,Piumi Jayasinghe,Kandy,P020,Microwave Oven,Home Appliances,3,48000,0,0.0,Cash,144000.0
ORD01973,2025-06-11,C0425,Dinithi Samarasinghe,Batticaloa,P007,Office Desk,Furniture,4,55000,10,22000.0,Credit Card,198000.0
ORD00616,2025-06-11,C0274,Dinithi Rathnayake,Kurunegala,P011,T-Shirt,Clothing,2,4500,10,900.0,Debit Card,8100.0
ORD01039,2025-06-11,C0141,Piumi Wijesinghe,Kandy,P023,Calculator,Stationery,2,2500,5,250.0,Online Payment,4750.0
ORD00763,2025-06-11,C0403,Amal Rathnayake,Ratnapura,P004,Wireless Headphones,Electronics,1,18000,5,900.0,Online Payment,17100.0
ORD02365,2025-06-11,C0482,Tharushi Fernando,Negombo,P025,Desk Organizer,Stationery,1,1800,5,90.0,Credit Card,1710.0
ORD00153,2025-06-11,C0190,Kavindu Jayasinghe,Batticaloa,P020,Microwave Oven,Home Appliances,1,48000,0,0.0,Credit Card,48000.0
ORD00154,2025-06-11,C0387,Dinithi Perera,Kandy,P009,Dining Table,Furniture,1,85000,10,8500.0,Online Payment,76500.0
ORD01202,2025-06-11,C0016,Tharindu Jayasinghe,Galle,P003,Tablet,Electronics,1,65000,0,0.0,Online Payment,65000.0
ORD00596,2025-06-12,C0323,Nimal Samarasinghe,Ratnapura,P004,Wireless Headphones,Electronics,1,18000,5,900.0,Credit Card,17100.0
ORD02721,2025-06-13,C0289,Sahan Rathnayake,Matara,P008,Bookshelf,Furniture,4,28000,0,0.0,Credit Card,112000.0
ORD01985,2025-06-13,C0044,Piumi Silva,Batticaloa,P022,Pen Set,Stationery,2,1200,15,360.0,Debit Card,2040.0
ORD00223,2025-06-13,C0256,Hiruni Rathnayake,Anuradhapura,P010,Computer Table,Furniture,1,42000,0,0.0,Online Payment,42000.0
ORD01613,2025-06-13,C0331,Tharushi Gunawardena,Batticaloa,P007,Office Desk,Furniture,1,55000,10,5500.0,Cash,49500.0
ORD00520,2025-06-13,C0092,Hasini Karunaratne,Galle,P024,File Folder,Stationery,2,650,10,130.0,Cash,1170.0
ORD02639,2025-06-13,C0318,Dinesh Samarasinghe,Galle,P018,Blender,Home Appliances,2,14000,0,0.0,Cash,28000.0
ORD02843,2025-06-13,C0381,Tharindu Wijesinghe,Colombo,P011,T-Shirt,Clothing,2,4500,0,0.0,Cash,9000.0
ORD00100,2025-06-14,C0169,Tharushi Rathnayake,Negombo,P022,Pen Set,Stationery,4,1200,0,0.0,Online Payment,4800.0
ORD02662,2025-06-14,C0418,Dilini Wijesinghe,Jaffna,P022,Pen Set,Stationery,2,1200,0,0.0,Credit Card,2400.0
ORD01150,2025-06-14,C0342,Isuru Rathnayake,Negombo,P004,Wireless Headphones,Electronics,1,18000,15,2700.0,Credit Card,15300.0
ORD02486,2025-06-14,C0264,Isuru Fernando,Ratnapura,P001,Laptop,Electronics,1,180000,10,18000.0,Online Payment,162000.0
ORD00457,2025-06-14,C0021,Piumi Rathnayake,Jaffna,P023,Calculator,Stationery,4,2500,10,1000.0,Credit Card,9000.0
ORD02766,2025-06-14,C0153,Nethmi Fernando,Kandy,P019,Rice Cooker,Home Appliances,1,18000,0,0.0,Cash,18000.0
ORD01650,2025-06-15,C0376,Isuru Bandara,Batticaloa,P025,Desk Organizer,Stationery,3,1800,0,0.0,Credit Card,5400.0
ORD02521,2025-06-15,C0213,Nimal Perera,Kandy,P021,Notebook,Stationery,3,800,10,240.0,Debit Card,2160.0
ORD00543,2025-06-15,C0052,Isuru Samarasinghe,Matara,P011,T-Shirt,Clothing,3,4500,0,0.0,Credit Card,13500.0
ORD00923,2025-06-15,C0319,Isuru Wijesinghe,Kandy,P022,Pen Set,Stationery,1,1200,0,0.0,Credit Card,1200.0
ORD00404,2025-06-16,C0232,Kasun Perera,Negombo,P001,Laptop,Electronics,1,180000,0,0.0,Cash,180000.0
ORD01921,2025-06-16,C0075,Sanduni Silva,Ratnapura,P023,Calculator,Stationery,2,2500,15,750.0,Debit Card,4250.0
ORD00809,2025-06-16,C0298,Nimal Silva,Kurunegala,P015,Backpack,Clothing,3,6500,0,0.0,Debit Card,19500.0
ORD01753,2025-06-16,C0301,Tharindu Jayasinghe,Colombo,P004,Wireless Headphones,Electronics,1,18000,10,1800.0,Online Payment,16200.0
ORD00810,2025-06-17,C0028,Sahan Jayasinghe,Matara,P021,Notebook,Stationery,4,800,10,320.0,Cash,2880.0
ORD01705,2025-06-17,C0213,Dinesh Samarasinghe,Batticaloa,P014,Sneakers,Clothing,1,15000,15,2250.0,Debit Card,12750.0
ORD02665,2025-06-17,C0032,Isuru Fernando,Batticaloa,P015,Backpack,Clothing,2,6500,0,0.0,Cash,13000.0
ORD00430,2025-06-17,C0429,Sahan Fernando,Negombo,P001,Laptop,Electronics,1,180000,0,0.0,Credit Card,180000.0
ORD02484,2025-06-17,C0314,Sahan Samarasinghe,Jaffna,P004,Wireless Headphones,Electronics,1,18000,15,2700.0,Cash,15300.0
ORD02044,2025-06-18,C0245,Ravindu Perera,Colombo,P022,Pen Set,Stationery,3,1200,10,360.0,Online Payment,3240.0
ORD02524,2025-06-18,C0155,Nimal Gunawardena,Galle,P025,Desk Organizer,Stationery,1,1800,10,180.0,Debit Card,1620.0
ORD00258,2025-06-18,C0168,Hiruni Rathnayake,Kandy,P022,Pen Set,Stationery,1,1200,15,180.0,Cash,1020.0
ORD00127,2025-06-18,C0132,Ayesha Wijesinghe,Kurunegala,P004,Wireless Headphones,Electronics,1,18000,0,0.0,Credit Card,18000.0
ORD01443,2025-06-18,C0269,Ayesha Perera,Kurunegala,P014,Sneakers,Clothing,1,15000,15,2250.0,Cash,12750.0
ORD02184,2025-06-19,C0308,Tharushi Samarasinghe,Ratnapura,P005,Smart Watch,Electronics,1,25000,10,2500.0,Online Payment,22500.0
ORD02908,2025-06-19,C0225,Ayesha Bandara,Batticaloa,P023,Calculator,Stationery,1,2500,10,250.0,Credit Card,2250.0
ORD00526,2025-06-19,C0118,Kasun Samarasinghe,Negombo,P007,Office Desk,Furniture,1,55000,0,0.0,Debit Card,55000.0
ORD01170,2025-06-19,C0225,Hiruni Gunawardena,Ratnapura,P025,Desk Organizer,Stationery,1,1800,5,90.0,Credit Card,1710.0
ORD00095,2025-06-19,C0406,Kavindu Karunaratne,Batticaloa,P010,Computer Table,Furniture,1,42000,15,6300.0,Debit Card,35700.0
ORD00915,2025-06-20,C0463,Tharindu Rathnayake,Anuradhapura,P016,Coffee Maker,Home Appliances,1,22000,15,3300.0,Credit Card,18700.0
ORD02121,2025-06-20,C0167,Dilini Bandara,Batticaloa,P018,Blender,Home Appliances,1,14000,5,700.0,Debit Card,13300.0
ORD00117,2025-06-20,C0356,Kavindu Perera,Colombo,P011,T-Shirt,Clothing,3,4500,5,675.0,Debit Card,12825.0
ORD02248,2025-06-21,C0075,Dinesh Perera,Kandy,P001,Laptop,Electronics,1,180000,0,0.0,Cash,180000.0
ORD01923,2025-06-21,C0098,Dinithi Rathnayake,Batticaloa,P024,File Folder,Stationery,2,650,5,65.0,Online Payment,1235.0
ORD02891,2025-06-21,C0306,Dilini Silva,Kandy,P016,Coffee Maker,Home Appliances,2,22000,0,0.0,Debit Card,44000.0
ORD00449,2025-06-21,C0034,Nimal Wijesinghe,Negombo,P015,Backpack,Clothing,2,6500,10,1300.0,Online Payment,11700.0
ORD01050,2025-06-21,C0023,Tharushi Samarasinghe,Kandy,P011,T-Shirt,Clothing,1,4500,5,225.0,Credit Card,4275.0
ORD00812,2025-06-21,C0279,Sanduni Jayasinghe,Negombo,P009,Dining Table,Furniture,2,85000,10,17000.0,Cash,153000.0
ORD02321,2025-06-21,C0203,Nimal Bandara,Jaffna,P014,Sneakers,Clothing,2,15000,0,0.0,Cash,30000.0
ORD01012,2025-06-21,C0261,Sachini Samarasinghe,Kurunegala,P016,Coffee Maker,Home Appliances,2,22000,0,0.0,Debit Card,44000.0
ORD00401,2025-06-21,C0326,Kasun Jayasinghe,Anuradhapura,P001,Laptop,Electronics,1,180000,5,9000.0,Cash,171000.0
ORD00532,2025-06-21,C0371,Sanduni Rathnayake,Batticaloa,P019,Rice Cooker,Home Appliances,1,18000,10,1800.0,Online Payment,16200.0
ORD00598,2025-06-21,C0407,Sahan Karunaratne,Kandy,P013,Jacket,Clothing,3,12000,0,0.0,Cash,36000.0
ORD01450,2025-06-22,C0002,Ravindu Bandara,Kandy,P020,Microwave Oven,Home Appliances,1,48000,0,0.0,Online Payment,48000.0
ORD02955,2025-06-22,C0368,Dinithi Wijesinghe,Negombo,P005,Smart Watch,Electronics,2,25000,0,0.0,Credit Card,50000.0
ORD00893,2025-06-22,C0384,Hiruni Wijesinghe,Batticaloa,P022,Pen Set,Stationery,2,1200,0,0.0,Credit Card,2400.0
ORD00384,2025-06-22,C0474,Hasini Gunawardena,Matara,P016,Coffee Maker,Home Appliances,1,22000,10,2200.0,Credit Card,19800.0
ORD00877,2025-06-22,C0026,Sachini Karunaratne,Matara,P020,Microwave Oven,Home Appliances,1,48000,0,0.0,Debit Card,48000.0
ORD02233,2025-06-23,C0016,Isuru Samarasinghe,Ratnapura,P013,Jacket,Clothing,2,12000,0,0.0,Online Payment,24000.0
ORD01531,2025-06-23,C0188,Tharushi Jayasinghe,Galle,P008,Bookshelf,Furniture,3,28000,5,4200.0,Debit Card,79800.0
ORD02551,2025-06-24,C0334,Kavindu Gunawardena,Negombo,P024,File Folder,Stationery,4,650,5,130.0,Online Payment,2470.0
ORD01538,2025-06-24,C0498,Dilini Silva,Batticaloa,P017,Electric Kettle,Home Appliances,1,8500,10,850.0,Online Payment,7650.0
ORD00531,2025-06-24,C0113,Tharushi Karunaratne,Galle,P019,Rice Cooker,Home Appliances,3,18000,0,0.0,Debit Card,54000.0
ORD00662,2025-06-24,C0468,Sanduni Karunaratne,Galle,P006,Office Chair,Furniture,3,35000,0,0.0,Cash,105000.0
ORD02016,2025-06-24,C0418,Chamod Bandara,Batticaloa,P020,Microwave Oven,Home Appliances,2,48000,0,0.0,Credit Card,96000.0
ORD01301,2025-06-24,C0348,Amal Karunaratne,Kurunegala,P016,Coffee Maker,Home Appliances,2,22000,15,6600.0,Credit Card,37400.0
ORD00878,2025-06-24,C0485,Hasini Fernando,Colombo,P023,Calculator,Stationery,2,2500,15,750.0,Online Payment,4250.0
ORD00692,2025-06-25,C0037,Kavindu Karunaratne,Kurunegala,P018,Blender,Home Appliances,1,14000,0,0.0,Cash,14000.0
ORD02325,2025-06-25,C0035,Dilini Samarasinghe,Kandy,P017,Electric Kettle,Home Appliances,2,8500,15,2550.0,Cash,14450.0
ORD02805,2025-06-25,C0208,Hasini Wijesinghe,Galle,P001,Laptop,Electronics,1,180000,5,9000.0,Cash,171000.0
ORD02063,2025-06-25,C0294,Piumi Jayasinghe,Anuradhapura,P024,File Folder,Stationery,2,650,15,195.0,Credit Card,1105.0
ORD00216,2025-06-25,C0338,Dinithi Karunaratne,Kurunegala,P019,Rice Cooker,Home Appliances,1,18000,0,0.0,Cash,18000.0
ORD01520,2025-06-26,C0350,Dinesh Gunawardena,Batticaloa,P021,Notebook,Stationery,1,800,10,80.0,Online Payment,720.0
ORD02777,2025-06-26,C0154,Chamod Perera,Galle,P010,Computer Table,Furniture,2,42000,15,12600.0,Debit Card,71400.0
ORD01112,2025-06-26,C0335,Sachini Fernando,Anuradhapura,P021,Notebook,Stationery,1,800,15,120.0,Debit Card,680.0
ORD02948,2025-06-27,C0024,Sanduni Perera,Ratnapura,P020,Microwave Oven,Home Appliances,2,48000,5,4800.0,Cash,91200.0
ORD02128,2025-06-27,C0020,Nimal Wijesinghe,Ratnapura,P016,Coffee Maker,Home Appliances,2,22000,15,6600.0,Online Payment,37400.0
ORD02447,2025-06-27,C0467,Ravindu Karunaratne,Ratnapura,P025,Desk Organizer,Stationery,1,1800,15,270.0,Credit Card,1530.0
ORD01316,2025-06-27,C0289,Tharushi Jayasinghe,Batticaloa,P005,Smart Watch,Electronics,2,25000,5,2500.0,Debit Card,47500.0
ORD02110,2025-06-27,C0363,Piumi Fernando,Galle,P007,Office Desk,Furniture,3,55000,0,0.0,Credit Card,165000.0
ORD01205,2025-06-27,C0258,Chamod Perera,Matara,P014,Sneakers,Clothing,2,15000,15,4500.0,Debit Card,25500.0
ORD00460,2025-06-28,C0448,Nimal Wijesinghe,Kurunegala,P022,Pen Set,Stationery,1,1200,0,0.0,Cash,1200.0
ORD01784,2025-06-28,C0298,Sachini Jayasinghe,Anuradhapura,P012,Jeans,Clothing,3,7500,0,0.0,Online Payment,22500.0
ORD00209,2025-06-28,C0407,Dilini Samarasinghe,Jaffna,P004,Wireless Headphones,Electronics,5,18000,0,0.0,Credit Card,90000.0
ORD01341,2025-06-28,C0165,Dinesh Rathnayake,Matara,P005,Smart Watch,Electronics,5,25000,5,6250.0,Credit Card,118750.0
ORD02832,2025-06-28,C0070,Nimal Wijesinghe,Galle,P020,Microwave Oven,Home Appliances,2,48000,0,0.0,Credit Card,96000.0
ORD02397,2025-06-28,C0480,Kasun Jayasinghe,Kandy,P014,Sneakers,Clothing,5,15000,5,3750.0,Cash,71250.0
ORD02245,2025-06-29,C0138,Tharindu Bandara,Ratnapura,P021,Notebook,Stationery,1,800,15,120.0,Credit Card,680.0
ORD02033,2025-06-29,C0456,Isuru Fernando,Galle,P025,Desk Organizer,Stationery,3,1800,5,270.0,Debit Card,5130.0
ORD01683,2025-06-29,C0180,Nethmi Bandara,Colombo,P013,Jacket,Clothing,1,12000,5,600.0,Cash,11400.0
ORD00119,2025-06-29,C0041,Dinithi Gunawardena,Batticaloa,P022,Pen Set,Stationery,1,1200,0,0.0,Credit Card,1200.0
ORD01064,2025-06-30,C0311,Ravindu Wijesinghe,Negombo,P019,Rice Cooker,Home Appliances,1,18000,5,900.0,Debit Card,17100.0
ORD01231,2025-06-30,C0043,Tharindu Fernando,Negombo,P013,Jacket,Clothing,1,12000,15,1800.0,Online Payment,10200.0
ORD01241,2025-06-30,C0235,Tharushi Jayasinghe,Galle,P018,Blender,Home Appliances,2,14000,10,2800.0,Online Payment,25200.0
ORD01080,2025-06-30,C0192,Chamod Silva,Jaffna,P016,Coffee Maker,Home Appliances,1,22000,0,0.0,Online Payment,22000.0
ORD01550,2025-06-30,C0169,Hiruni Rathnayake,Ratnapura,P010,Computer Table,Furniture,4,42000,5,8400.0,Debit Card,159600.0
ORD02999,2025-06-30,C0373,Dinesh Jayasinghe,Batticaloa,P012,Jeans,Clothing,2,7500,0,0.0,Online Payment,15000.0
ORD02298,2025-07-01,C0001,Kasun Silva,Galle,P015,Backpack,Clothing,4,6500,10,2600.0,Cash,23400.0
ORD02492,2025-07-01,C0433,Piumi Bandara,Ratnapura,P020,Microwave Oven,Home Appliances,3,48000,5,7200.0,Credit Card,136800.0
ORD00534,2025-07-01,C0244,Dinithi Karunaratne,Colombo,P018,Blender,Home Appliances,2,14000,0,0.0,Cash,28000.0
ORD01526,2025-07-01,C0499,Nethmi Samarasinghe,Kandy,P020,Microwave Oven,Home Appliances,3,48000,0,0.0,Credit Card,144000.0
ORD02646,2025-07-01,C0458,Tharindu Rathnayake,Matara,P008,Bookshelf,Furniture,3,28000,5,4200.0,Online Payment,79800.0
ORD00738,2025-07-02,C0331,Ayesha Fernando,Galle,P018,Blender,Home Appliances,3,14000,5,2100.0,Cash,39900.0
ORD02102,2025-07-02,C0258,Tharindu Wijesinghe,Batticaloa,P004,Wireless Headphones,Electronics,4,18000,10,7200.0,Debit Card,64800.0
ORD01755,2025-07-02,C0168,Dinithi Perera,Negombo,P011,T-Shirt,Clothing,2,4500,0,0.0,Cash,9000.0
ORD00483,2025-07-02,C0258,Piumi Jayasinghe,Kandy,P025,Desk Organizer,Stationery,1,1800,15,270.0,Online Payment,1530.0
ORD02864,2025-07-02,C0042,Piumi Perera,Jaffna,P019,Rice Cooker,Home Appliances,1,18000,0,0.0,Cash,18000.0
ORD01375,2025-07-03,C0228,Nethmi Perera,Anuradhapura,P001,Laptop,Electronics,1,180000,10,18000.0,Online Payment,162000.0
ORD00366,2025-07-03,C0477,Nimal Samarasinghe,Matara,P008,Bookshelf,Furniture,1,28000,10,2800.0,Debit Card,25200.0
ORD02483,2025-07-03,C0039,Isuru Silva,Colombo,P010,Computer Table,Furniture,2,42000,0,0.0,Debit Card,84000.0
ORD01018,2025-07-03,C0227,Ravindu Wijesinghe,Kandy,P012,Jeans,Clothing,4,7500,5,1500.0,Cash,28500.0
ORD00829,2025-07-03,C0007,Ayesha Fernando,Matara,P015,Backpack,Clothing,2,6500,0,0.0,Cash,13000.0
ORD01491,2025-07-04,C0218,Tharindu Wijesinghe,Negombo,P013,Jacket,Clothing,2,12000,15,3600.0,Cash,20400.0
ORD01118,2025-07-04,C0003,Piumi Rathnayake,Kurunegala,P004,Wireless Headphones,Electronics,1,18000,5,900.0,Credit Card,17100.0
ORD00713,2025-07-04,C0233,Hiruni Gunawardena,Ratnapura,P015,Backpack,Clothing,1,6500,5,325.0,Credit Card,6175.0
ORD02610,2025-07-04,C0193,Dinithi Perera,Jaffna,P022,Pen Set,Stationery,1,1200,10,120.0,Debit Card,1080.0
ORD00881,2025-07-04,C0210,Tharindu Perera,Negombo,P009,Dining Table,Furniture,1,85000,15,12750.0,Credit Card,72250.0
ORD02724,2025-07-04,C0277,Kasun Silva,Batticaloa,P004,Wireless Headphones,Electronics,3,18000,5,2700.0,Debit Card,51300.0
ORD01259,2025-07-04,C0153,Amal Silva,Batticaloa,P021,Notebook,Stationery,2,800,0,0.0,Cash,1600.0
ORD02124,2025-07-04,C0458,Nethmi Karunaratne,Batticaloa,P015,Backpack,Clothing,1,6500,0,0.0,Online Payment,6500.0
ORD00758,2025-07-04,C0368,Ayesha Karunaratne,Kandy,P021,Notebook,Stationery,3,800,5,120.0,Debit Card,2280.0
ORD01578,2025-07-05,C0052,Amal Samarasinghe,Batticaloa,P002,Smartphone,Electronics,3,95000,10,28500.0,Cash,256500.0
ORD02114,2025-07-05,C0461,Dilini Rathnayake,Anuradhapura,P011,T-Shirt,Clothing,1,4500,10,450.0,Debit Card,4050.0
ORD02364,2025-07-05,C0198,Dinesh Wijesinghe,Colombo,P022,Pen Set,Stationery,4,1200,5,240.0,Credit Card,4560.0
ORD02699,2025-07-05,C0197,Nimal Silva,Batticaloa,P006,Office Chair,Furniture,1,35000,10,3500.0,Online Payment,31500.0
ORD00963,2025-07-05,C0014,Nimal Wijesinghe,Matara,P004,Wireless Headphones,Electronics,1,18000,10,1800.0,Debit Card,16200.0
ORD01552,2025-07-06,C0250,Amal Jayasinghe,Ratnapura,P016,Coffee Maker,Home Appliances,1,22000,0,0.0,Cash,22000.0
ORD02558,2025-07-06,C0372,Isuru Perera,Jaffna,P017,Electric Kettle,Home Appliances,2,8500,10,1700.0,Cash,15300.0
ORD00790,2025-07-06,C0499,Chamod Silva,Galle,P008,Bookshelf,Furniture,1,28000,10,2800.0,Credit Card,25200.0
ORD01574,2025-07-06,C0332,Hasini Jayasinghe,Anuradhapura,P017,Electric Kettle,Home Appliances,3,8500,10,2550.0,Cash,22950.0
ORD02287,2025-07-07,C0036,Nethmi Wijesinghe,Jaffna,P024,File Folder,Stationery,1,650,5,32.5,Credit Card,617.5
ORD02650,2025-07-07,C0202,Nethmi Perera,Ratnapura,P013,Jacket,Clothing,3,12000,10,3600.0,Debit Card,32400.0
ORD00561,2025-07-07,C0392,Hiruni Wijesinghe,Matara,P008,Bookshelf,Furniture,3,28000,0,0.0,Cash,84000.0
ORD02795,2025-07-07,C0377,Chamod Gunawardena,Matara,P016,Coffee Maker,Home Appliances,4,22000,5,4400.0,Cash,83600.0
ORD01677,2025-07-07,C0275,Sanduni Silva,Negombo,P022,Pen Set,Stationery,2,1200,10,240.0,Debit Card,2160.0
ORD00735,2025-07-08,C0130,Kavindu Rathnayake,Kandy,P021,Notebook,Stationery,1,800,5,40.0,Online Payment,760.0
ORD01171,2025-07-08,C0002,Chamod Karunaratne,Jaffna,P019,Rice Cooker,Home Appliances,2,18000,15,5400.0,Debit Card,30600.0
ORD02608,2025-07-08,C0185,Tharindu Fernando,Matara,P001,Laptop,Electronics,1,180000,0,0.0,Credit Card,180000.0
ORD00509,2025-07-08,C0114,Dinithi Wijesinghe,Jaffna,P004,Wireless Headphones,Electronics,1,18000,0,0.0,Online Payment,18000.0
ORD01180,2025-07-09,C0418,Chamod Bandara,Batticaloa,P016,Coffee Maker,Home Appliances,4,22000,0,0.0,Debit Card,88000.0
ORD02010,2025-07-09,C0107,Amal Perera,Batticaloa,P004,Wireless Headphones,Electronics,1,18000,10,1800.0,Cash,16200.0
ORD00910,2025-07-09,C0041,Dinithi Wijesinghe,Kandy,P014,Sneakers,Clothing,2,15000,0,0.0,Online Payment,30000.0
ORD00776,2025-07-09,C0405,Dilini Rathnayake,Colombo,P021,Notebook,Stationery,1,800,10,80.0,Cash,720.0
ORD02468,2025-07-09,C0232,Ayesha Rathnayake,Kurunegala,P006,Office Chair,Furniture,1,35000,10,3500.0,Credit Card,31500.0
ORD01598,2025-07-09,C0374,Kavindu Jayasinghe,Anuradhapura,P022,Pen Set,Stationery,2,1200,5,120.0,Credit Card,2280.0
ORD01852,2025-07-10,C0118,Tharushi Wijesinghe,Galle,P017,Electric Kettle,Home Appliances,1,8500,0,0.0,Cash,8500.0
ORD02698,2025-07-10,C0455,Nethmi Wijesinghe,Kandy,P010,Computer Table,Furniture,2,42000,10,8400.0,Online Payment,75600.0
ORD00804,2025-07-10,C0427,Sachini Wijesinghe,Ratnapura,P016,Coffee Maker,Home Appliances,1,22000,5,1100.0,Debit Card,20900.0
ORD00198,2025-07-11,C0255,Ayesha Jayasinghe,Ratnapura,P009,Dining Table,Furniture,3,85000,10,25500.0,Cash,229500.0
ORD01726,2025-07-11,C0435,Sanduni Bandara,Galle,P013,Jacket,Clothing,2,12000,5,1200.0,Online Payment,22800.0
ORD00328,2025-07-11,C0162,Nethmi Karunaratne,Colombo,P012,Jeans,Clothing,4,7500,15,4500.0,Credit Card,25500.0
ORD01900,2025-07-11,C0417,Ayesha Rathnayake,Matara,P023,Calculator,Stationery,3,2500,15,1125.0,Credit Card,6375.0
ORD01477,2025-07-11,C0468,Dilini Wijesinghe,Galle,P015,Backpack,Clothing,2,6500,0,0.0,Online Payment,13000.0
ORD02836,2025-07-11,C0191,Tharushi Perera,Negombo,P004,Wireless Headphones,Electronics,1,18000,0,0.0,Cash,18000.0
ORD00682,2025-07-11,C0305,Dinesh Wijesinghe,Kurunegala,P023,Calculator,Stationery,1,2500,10,250.0,Cash,2250.0
ORD00276,2025-07-12,C0412,Hasini Samarasinghe,Jaffna,P016,Coffee Maker,Home Appliances,1,22000,10,2200.0,Debit Card,19800.0
ORD01211,2025-07-12,C0283,Isuru Perera,Jaffna,P009,Dining Table,Furniture,1,85000,0,0.0,Online Payment,85000.0
ORD01289,2025-07-12,C0036,Sahan Gunawardena,Galle,P022,Pen Set,Stationery,1,1200,0,0.0,Credit Card,1200.0
ORD01294,2025-07-13,C0207,Chamod Karunaratne,Negombo,P017,Electric Kettle,Home Appliances,2,8500,10,1700.0,Cash,15300.0
ORD01156,2025-07-13,C0438,Hasini Silva,Jaffna,P004,Wireless Headphones,Electronics,1,18000,0,0.0,Debit Card,18000.0
ORD00266,2025-07-13,C0480,Dinesh Perera,Matara,P020,Microwave Oven,Home Appliances,3,48000,0,0.0,Credit Card,144000.0
ORD01657,2025-07-13,C0326,Dinithi Rathnayake,Galle,P018,Blender,Home Appliances,1,14000,10,1400.0,Cash,12600.0
ORD01521,2025-07-13,C0326,Amal Karunaratne,Jaffna,P005,Smart Watch,Electronics,2,25000,0,0.0,Online Payment,50000.0
ORD01069,2025-07-14,C0003,Amal Samarasinghe,Kurunegala,P016,Coffee Maker,Home Appliances,1,22000,10,2200.0,Online Payment,19800.0
ORD02431,2025-07-14,C0170,Hasini Jayasinghe,Anuradhapura,P001,Laptop,Electronics,2,180000,10,36000.0,Cash,324000.0
ORD01545,2025-07-14,C0376,Kasun Silva,Ratnapura,P010,Computer Table,Furniture,1,42000,5,2100.0,Credit Card,39900.0
ORD01983,2025-07-14,C0247,Dinesh Rathnayake,Ratnapura,P021,Notebook,Stationery,1,800,0,0.0,Credit Card,800.0
ORD01675,2025-07-14,C0419,Ayesha Wijesinghe,Batticaloa,P001,Laptop,Electronics,2,180000,10,36000.0,Cash,324000.0
ORD02349,2025-07-14,C0067,Chamod Gunawardena,Galle,P014,Sneakers,Clothing,3,15000,0,0.0,Cash,45000.0
ORD00030,2025-07-14,C0152,Isuru Perera,Batticaloa,P024,File Folder,Stationery,2,650,10,130.0,Cash,1170.0
ORD00685,2025-07-14,C0175,Ayesha Samarasinghe,Negombo,P025,Desk Organizer,Stationery,1,1800,0,0.0,Credit Card,1800.0
ORD00107,2025-07-15,C0472,Dinithi Samarasinghe,Galle,P003,Tablet,Electronics,1,65000,10,6500.0,Debit Card,58500.0
ORD01309,2025-07-15,C0022,Hasini Samarasinghe,Kurunegala,P020,Microwave Oven,Home Appliances,1,48000,15,7200.0,Debit Card,40800.0
ORD01774,2025-07-15,C0498,Tharushi Jayasinghe,Kandy,P009,Dining Table,Furniture,1,85000,0,0.0,Debit Card,85000.0
ORD02957,2025-07-15,C0433,Kavindu Silva,Colombo,P008,Bookshelf,Furniture,1,28000,15,4200.0,Online Payment,23800.0
ORD02463,2025-07-16,C0466,Isuru Perera,Ratnapura,P007,Office Desk,Furniture,1,55000,5,2750.0,Debit Card,52250.0
ORD00026,2025-07-16,C0098,Piumi Rathnayake,Galle,P014,Sneakers,Clothing,1,15000,15,2250.0,Credit Card,12750.0
ORD00177,2025-07-16,C0116,Tharindu Silva,Kandy,P010,Computer Table,Furniture,3,42000,0,0.0,Cash,126000.0
ORD00979,2025-07-16,C0047,Dinithi Wijesinghe,Jaffna,P008,Bookshelf,Furniture,5,28000,10,14000.0,Cash,126000.0
ORD01009,2025-07-16,C0273,Sachini Jayasinghe,Kurunegala,P020,Microwave Oven,Home Appliances,1,48000,5,2400.0,Cash,45600.0
ORD01157,2025-07-16,C0476,Tharindu Gunawardena,Colombo,P020,Microwave Oven,Home Appliances,1,48000,0,0.0,Online Payment,48000.0
ORD00238,2025-07-16,C0491,Ravindu Wijesinghe,Ratnapura,P010,Computer Table,Furniture,1,42000,5,2100.0,Debit Card,39900.0
ORD01261,2025-07-17,C0311,Amal Samarasinghe,Colombo,P017,Electric Kettle,Home Appliances,2,8500,0,0.0,Credit Card,17000.0
ORD00427,2025-07-17,C0449,Isuru Perera,Jaffna,P002,Smartphone,Electronics,1,95000,10,9500.0,Credit Card,85500.0
ORD02936,2025-07-17,C0453,Piumi Bandara,Colombo,P020,Microwave Oven,Home Appliances,3,48000,15,21600.0,Credit Card,122400.0
ORD01940,2025-07-17,C0423,Hiruni Wijesinghe,Kurunegala,P005,Smart Watch,Electronics,1,25000,10,2500.0,Debit Card,22500.0
ORD01062,2025-07-17,C0027,Tharindu Bandara,Galle,P003,Tablet,Electronics,1,65000,5,3250.0,Credit Card,61750.0
ORD00614,2025-07-17,C0270,Ravindu Karunaratne,Galle,P018,Blender,Home Appliances,2,14000,10,2800.0,Cash,25200.0
ORD00733,2025-07-17,C0018,Amal Karunaratne,Kandy,P002,Smartphone,Electronics,4,95000,5,19000.0,Cash,361000.0
ORD00249,2025-07-17,C0415,Dinesh Jayasinghe,Galle,P024,File Folder,Stationery,1,650,5,32.5,Credit Card,617.5
ORD02678,2025-07-18,C0409,Tharindu Bandara,Matara,P006,Office Chair,Furniture,1,35000,0,0.0,Online Payment,35000.0
ORD02311,2025-07-18,C0292,Kavindu Wijesinghe,Batticaloa,P023,Calculator,Stationery,4,2500,10,1000.0,Credit Card,9000.0
ORD01357,2025-07-18,C0176,Tharushi Perera,Jaffna,P008,Bookshelf,Furniture,1,28000,0,0.0,Credit Card,28000.0
ORD00767,2025-07-18,C0324,Dilini Wijesinghe,Jaffna,P011,T-Shirt,Clothing,1,4500,0,0.0,Debit Card,4500.0
ORD00674,2025-07-18,C0001,Dinesh Perera,Anuradhapura,P021,Notebook,Stationery,3,800,5,120.0,Online Payment,2280.0
ORD02143,2025-07-18,C0359,Dilini Jayasinghe,Matara,P003,Tablet,Electronics,3,65000,0,0.0,Credit Card,195000.0
ORD02854,2025-07-18,C0108,Nethmi Perera,Jaffna,P010,Computer Table,Furniture,2,42000,5,4200.0,Debit Card,79800.0
ORD00085,2025-07-18,C0152,Ravindu Jayasinghe,Galle,P010,Computer Table,Furniture,1,42000,0,0.0,Debit Card,42000.0
ORD00329,2025-07-19,C0418,Sachini Samarasinghe,Ratnapura,P021,Notebook,Stationery,1,800,15,120.0,Online Payment,680.0
ORD00798,2025-07-19,C0252,Sanduni Karunaratne,Batticaloa,P017,Electric Kettle,Home Appliances,4,8500,10,3400.0,Online Payment,30600.0
ORD00551,2025-07-19,C0233,Sachini Karunaratne,Colombo,P009,Dining Table,Furniture,1,85000,0,0.0,Cash,85000.0
ORD02821,2025-07-19,C0345,Sahan Wijesinghe,Negombo,P007,Office Desk,Furniture,1,55000,10,5500.0,Credit Card,49500.0
ORD02563,2025-07-19,C0065,Sachini Perera,Kandy,P004,Wireless Headphones,Electronics,2,18000,0,0.0,Cash,36000.0
ORD01209,2025-07-19,C0139,Dinesh Fernando,Kandy,P012,Jeans,Clothing,2,7500,10,1500.0,Cash,13500.0
ORD01549,2025-07-19,C0302,Dinithi Rathnayake,Colombo,P009,Dining Table,Furniture,3,85000,5,12750.0,Online Payment,242250.0
ORD02540,2025-07-19,C0064,Hiruni Bandara,Matara,P003,Tablet,Electronics,3,65000,0,0.0,Credit Card,195000.0
ORD00306,2025-07-20,C0235,Dinesh Silva,Negombo,P001,Laptop,Electronics,4,180000,10,72000.0,Online Payment,648000.0
ORD01968,2025-07-20,C0424,Isuru Bandara,Galle,P010,Computer Table,Furniture,1,42000,15,6300.0,Credit Card,35700.0
ORD01006,2025-07-20,C0012,Chamod Wijesinghe,Kandy,P001,Laptop,Electronics,3,180000,0,0.0,Online Payment,540000.0
ORD01766,2025-07-20,C0168,Sahan Gunawardena,Kandy,P021,Notebook,Stationery,1,800,0,0.0,Online Payment,800.0
ORD02876,2025-07-21,C0041,Nethmi Fernando,Negombo,P013,Jacket,Clothing,2,12000,10,2400.0,Credit Card,21600.0
ORD01020,2025-07-21,C0346,Sanduni Wijesinghe,Negombo,P024,File Folder,Stationery,3,650,5,97.5,Credit Card,1852.5
ORD02161,2025-07-21,C0013,Amal Karunaratne,Matara,P006,Office Chair,Furniture,1,35000,10,3500.0,Online Payment,31500.0
ORD01725,2025-07-22,C0135,Tharindu Samarasinghe,Batticaloa,P007,Office Desk,Furniture,2,55000,0,0.0,Credit Card,110000.0
ORD01005,2025-07-22,C0146,Chamod Bandara,Negombo,P024,File Folder,Stationery,1,650,5,32.5,Credit Card,617.5
ORD01439,2025-07-22,C0225,Dinesh Perera,Matara,P016,Coffee Maker,Home Appliances,1,22000,15,3300.0,Credit Card,18700.0
ORD00938,2025-07-22,C0452,Kavindu Fernando,Colombo,P018,Blender,Home Appliances,1,14000,0,0.0,Debit Card,14000.0
ORD00382,2025-07-22,C0422,Sachini Jayasinghe,Kandy,P019,Rice Cooker,Home Appliances,2,18000,0,0.0,Cash,36000.0
ORD00073,2025-07-23,C0039,Hasini Bandara,Kandy,P023,Calculator,Stationery,3,2500,0,0.0,Cash,7500.0
ORD01149,2025-07-23,C0057,Isuru Wijesinghe,Colombo,P005,Smart Watch,Electronics,1,25000,10,2500.0,Cash,22500.0
ORD00056,2025-07-23,C0076,Amal Perera,Jaffna,P016,Coffee Maker,Home Appliances,2,22000,0,0.0,Online Payment,44000.0
ORD00456,2025-07-23,C0312,Isuru Wijesinghe,Ratnapura,P007,Office Desk,Furniture,1,55000,10,5500.0,Debit Card,49500.0
ORD01833,2025-07-23,C0137,Nimal Gunawardena,Anuradhapura,P020,Microwave Oven,Home Appliances,1,48000,10,4800.0,Online Payment,43200.0
ORD02092,2025-07-23,C0268,Sanduni Karunaratne,Jaffna,P009,Dining Table,Furniture,3,85000,0,0.0,Debit Card,255000.0
ORD00875,2025-07-23,C0044,Tharushi Jayasinghe,Galle,P013,Jacket,Clothing,3,12000,5,1800.0,Cash,34200.0
ORD00245,2025-07-24,C0388,Kavindu Jayasinghe,Negombo,P021,Notebook,Stationery,1,800,0,0.0,Credit Card,800.0
ORD02358,2025-07-24,C0185,Ravindu Gunawardena,Kurunegala,P019,Rice Cooker,Home Appliances,1,18000,5,900.0,Online Payment,17100.0
ORD02384,2025-07-24,C0196,Nimal Fernando,Colombo,P016,Coffee Maker,Home Appliances,1,22000,10,2200.0,Cash,19800.0
ORD02813,2025-07-24,C0482,Nethmi Perera,Kandy,P016,Coffee Maker,Home Appliances,1,22000,0,0.0,Online Payment,22000.0
ORD01768,2025-07-24,C0389,Hasini Wijesinghe,Jaffna,P019,Rice Cooker,Home Appliances,3,18000,10,5400.0,Online Payment,48600.0
ORD00852,2025-07-24,C0213,Sachini Wijesinghe,Batticaloa,P017,Electric Kettle,Home Appliances,1,8500,0,0.0,Cash,8500.0
ORD00207,2025-07-24,C0063,Tharindu Fernando,Anuradhapura,P006,Office Chair,Furniture,3,35000,15,15750.0,Cash,89250.0
ORD02934,2025-07-24,C0358,Sahan Karunaratne,Kurunegala,P013,Jacket,Clothing,1,12000,5,600.0,Online Payment,11400.0
ORD01267,2025-07-24,C0291,Dilini Jayasinghe,Kandy,P015,Backpack,Clothing,1,6500,0,0.0,Debit Card,6500.0
ORD00558,2025-07-24,C0121,Ravindu Wijesinghe,Jaffna,P008,Bookshelf,Furniture,1,28000,5,1400.0,Debit Card,26600.0
ORD00689,2025-07-25,C0099,Kavindu Wijesinghe,Ratnapura,P011,T-Shirt,Clothing,3,4500,0,0.0,Debit Card,13500.0
ORD01483,2025-07-25,C0453,Chamod Wijesinghe,Negombo,P003,Tablet,Electronics,1,65000,5,3250.0,Online Payment,61750.0
ORD02442,2025-07-25,C0069,Hiruni Silva,Batticaloa,P008,Bookshelf,Furniture,1,28000,0,0.0,Credit Card,28000.0
ORD01326,2025-07-25,C0059,Kasun Perera,Galle,P020,Microwave Oven,Home Appliances,3,48000,0,0.0,Credit Card,144000.0
ORD02937,2025-07-26,C0203,Dinesh Perera,Ratnapura,P002,Smartphone,Electronics,2,95000,0,0.0,Online Payment,190000.0
ORD00916,2025-07-26,C0151,Hasini Gunawardena,Colombo,P011,T-Shirt,Clothing,1,4500,10,450.0,Online Payment,4050.0
ORD00417,2025-07-26,C0422,Tharindu Karunaratne,Negombo,P011,T-Shirt,Clothing,4,4500,0,0.0,Cash,18000.0
ORD00242,2025-07-26,C0424,Piumi Wijesinghe,Ratnapura,P023,Calculator,Stationery,1,2500,0,0.0,Credit Card,2500.0
ORD02945,2025-07-26,C0104,Hiruni Gunawardena,Ratnapura,P014,Sneakers,Clothing,1,15000,5,750.0,Debit Card,14250.0
ORD00837,2025-07-26,C0151,Ayesha Rathnayake,Ratnapura,P009,Dining Table,Furniture,2,85000,0,0.0,Cash,170000.0
ORD00344,2025-07-27,C0353,Tharindu Wijesinghe,Galle,P009,Dining Table,Furniture,1,85000,10,8500.0,Debit Card,76500.0
ORD02053,2025-07-27,C0233,Ravindu Fernando,Galle,P011,T-Shirt,Clothing,1,4500,0,0.0,Credit Card,4500.0
ORD02585,2025-07-27,C0157,Isuru Karunaratne,Ratnapura,P025,Desk Organizer,Stationery,2,1800,0,0.0,Online Payment,3600.0
ORD01632,2025-07-27,C0136,Ayesha Jayasinghe,Kurunegala,P015,Backpack,Clothing,3,6500,0,0.0,Credit Card,19500.0
ORD02094,2025-07-27,C0055,Isuru Silva,Kurunegala,P020,Microwave Oven,Home Appliances,3,48000,10,14400.0,Online Payment,129600.0
ORD00752,2025-07-27,C0219,Sanduni Gunawardena,Kurunegala,P004,Wireless Headphones,Electronics,5,18000,0,0.0,Debit Card,90000.0
ORD00541,2025-07-28,C0212,Piumi Samarasinghe,Anuradhapura,P006,Office Chair,Furniture,1,35000,15,5250.0,Debit Card,29750.0
ORD00103,2025-07-28,C0137,Piumi Silva,Negombo,P015,Backpack,Clothing,3,6500,15,2925.0,Cash,16575.0
ORD00486,2025-07-28,C0386,Piumi Perera,Kurunegala,P015,Backpack,Clothing,1,6500,5,325.0,Online Payment,6175.0
ORD01406,2025-07-28,C0145,Hasini Gunawardena,Anuradhapura,P017,Electric Kettle,Home Appliances,1,8500,15,1275.0,Debit Card,7225.0
ORD01839,2025-07-28,C0278,Dinithi Perera,Galle,P003,Tablet,Electronics,2,65000,5,6500.0,Online Payment,123500.0
ORD01381,2025-07-28,C0167,Hasini Jayasinghe,Matara,P003,Tablet,Electronics,2,65000,5,6500.0,Credit Card,123500.0
ORD00280,2025-07-28,C0190,Sanduni Gunawardena,Colombo,P019,Rice Cooker,Home Appliances,3,18000,0,0.0,Cash,54000.0
ORD00636,2025-07-28,C0280,Hiruni Wijesinghe,Ratnapura,P016,Coffee Maker,Home Appliances,2,22000,0,0.0,Cash,44000.0
ORD02841,2025-07-29,C0265,Hasini Rathnayake,Kurunegala,P005,Smart Watch,Electronics,4,25000,15,15000.0,Credit Card,85000.0
ORD01351,2025-07-29,C0281,Sanduni Perera,Jaffna,P016,Coffee Maker,Home Appliances,1,22000,0,0.0,Debit Card,22000.0
ORD00157,2025-07-29,C0155,Isuru Silva,Negombo,P010,Computer Table,Furniture,1,42000,0,0.0,Online Payment,42000.0
ORD01674,2025-07-29,C0482,Sahan Gunawardena,Colombo,P014,Sneakers,Clothing,3,15000,10,4500.0,Debit Card,40500.0
ORD02798,2025-07-29,C0156,Chamod Samarasinghe,Batticaloa,P017,Electric Kettle,Home Appliances,3,8500,10,2550.0,Cash,22950.0
ORD01327,2025-07-29,C0054,Ayesha Perera,Ratnapura,P015,Backpack,Clothing,1,6500,0,0.0,Debit Card,6500.0
ORD02576,2025-07-29,C0172,Piumi Wijesinghe,Matara,P009,Dining Table,Furniture,1,85000,10,8500.0,Cash,76500.0
ORD02055,2025-07-29,C0435,Chamod Fernando,Kandy,P020,Microwave Oven,Home Appliances,1,48000,10,4800.0,Cash,43200.0
ORD01836,2025-07-29,C0021,Hasini Perera,Colombo,P004,Wireless Headphones,Electronics,1,18000,5,900.0,Debit Card,17100.0
ORD02586,2025-07-30,C0281,Ayesha Rathnayake,Kurunegala,P017,Electric Kettle,Home Appliances,1,8500,5,425.0,Credit Card,8075.0
ORD01582,2025-07-30,C0395,Sachini Karunaratne,Kandy,P003,Tablet,Electronics,4,65000,0,0.0,Credit Card,260000.0
ORD00686,2025-07-30,C0371,Nimal Rathnayake,Matara,P023,Calculator,Stationery,3,2500,0,0.0,Cash,7500.0
ORD01003,2025-07-30,C0205,Chamod Perera,Kurunegala,P001,Laptop,Electronics,1,180000,0,0.0,Cash,180000.0
ORD00821,2025-07-30,C0301,Isuru Silva,Kurunegala,P001,Laptop,Electronics,1,180000,5,9000.0,Debit Card,171000.0
ORD02727,2025-07-30,C0302,Ayesha Wijesinghe,Batticaloa,P024,File Folder,Stationery,2,650,10,130.0,Cash,1170.0
ORD01788,2025-07-30,C0423,Sachini Fernando,Matara,P004,Wireless Headphones,Electronics,5,18000,0,0.0,Cash,90000.0
ORD02974,2025-07-30,C0269,Amal Silva,Colombo,P022,Pen Set,Stationery,1,1200,0,0.0,Credit Card,1200.0
ORD01307,2025-07-31,C0382,Kasun Bandara,Matara,P021,Notebook,Stationery,1,800,5,40.0,Online Payment,760.0
ORD02557,2025-07-31,C0218,Ayesha Silva,Ratnapura,P013,Jacket,Clothing,5,12000,0,0.0,Cash,60000.0
ORD00757,2025-07-31,C0074,Sahan Samarasinghe,Anuradhapura,P014,Sneakers,Clothing,1,15000,0,0.0,Cash,15000.0
ORD01699,2025-07-31,C0198,Hasini Silva,Negombo,P024,File Folder,Stationery,2,650,0,0.0,Online Payment,1300.0
ORD00267,2025-07-31,C0035,Dinesh Karunaratne,Colombo,P015,Backpack,Clothing,2,6500,0,0.0,Credit Card,13000.0
ORD01033,2025-07-31,C0067,Isuru Wijesinghe,Matara,P023,Calculator,Stationery,2,2500,0,0.0,Debit Card,5000.0
ORD02711,2025-07-31,C0093,Nimal Silva,Galle,P021,Notebook,Stationery,1,800,0,0.0,Cash,800.0
ORD00239,2025-08-01,C0354,Ayesha Jayasinghe,Anuradhapura,P012,Jeans,Clothing,2,7500,5,750.0,Debit Card,14250.0
ORD01759,2025-08-01,C0230,Chamod Fernando,Negombo,P008,Bookshelf,Furniture,1,28000,0,0.0,Cash,28000.0
ORD01345,2025-08-01,C0293,Ayesha Samarasinghe,Kurunegala,P012,Jeans,Clothing,2,7500,0,0.0,Cash,15000.0
ORD02209,2025-08-01,C0216,Sanduni Bandara,Matara,P023,Calculator,Stationery,2,2500,0,0.0,Debit Card,5000.0
ORD02436,2025-08-01,C0336,Dinesh Perera,Negombo,P008,Bookshelf,Furniture,2,28000,10,5600.0,Online Payment,50400.0
ORD00611,2025-08-02,C0336,Ayesha Fernando,Anuradhapura,P021,Notebook,Stationery,1,800,10,80.0,Debit Card,720.0
ORD01560,2025-08-02,C0339,Sahan Wijesinghe,Kurunegala,P001,Laptop,Electronics,1,180000,10,18000.0,Debit Card,162000.0
ORD01218,2025-08-02,C0313,Dinithi Fernando,Galle,P019,Rice Cooker,Home Appliances,2,18000,15,5400.0,Cash,30600.0
ORD01078,2025-08-03,C0477,Sachini Wijesinghe,Colombo,P006,Office Chair,Furniture,3,35000,0,0.0,Cash,105000.0
ORD01963,2025-08-03,C0048,Sanduni Bandara,Batticaloa,P004,Wireless Headphones,Electronics,1,18000,5,900.0,Credit Card,17100.0
ORD01583,2025-08-03,C0062,Ayesha Karunaratne,Kurunegala,P024,File Folder,Stationery,5,650,10,325.0,Credit Card,2925.0
ORD01629,2025-08-03,C0286,Piumi Jayasinghe,Matara,P025,Desk Organizer,Stationery,1,1800,0,0.0,Online Payment,1800.0
ORD01584,2025-08-04,C0047,Hiruni Jayasinghe,Anuradhapura,P009,Dining Table,Furniture,2,85000,15,25500.0,Cash,144500.0
ORD02093,2025-08-04,C0202,Kavindu Fernando,Kurunegala,P010,Computer Table,Furniture,1,42000,10,4200.0,Debit Card,37800.0
ORD02174,2025-08-04,C0378,Hiruni Karunaratne,Batticaloa,P010,Computer Table,Furniture,2,42000,0,0.0,Online Payment,84000.0
ORD01200,2025-08-04,C0424,Ravindu Perera,Galle,P004,Wireless Headphones,Electronics,4,18000,0,0.0,Online Payment,72000.0
ORD01682,2025-08-04,C0372,Sanduni Perera,Batticaloa,P001,Laptop,Electronics,4,180000,10,72000.0,Debit Card,648000.0
ORD02971,2025-08-04,C0237,Hiruni Fernando,Kurunegala,P019,Rice Cooker,Home Appliances,1,18000,15,2700.0,Cash,15300.0
ORD00508,2025-08-04,C0384,Dilini Bandara,Matara,P021,Notebook,Stationery,3,800,0,0.0,Credit Card,2400.0
ORD00528,2025-08-04,C0303,Chamod Gunawardena,Colombo,P008,Bookshelf,Furniture,1,28000,0,0.0,Credit Card,28000.0
ORD00869,2025-08-04,C0441,Chamod Rathnayake,Kurunegala,P025,Desk Organizer,Stationery,2,1800,0,0.0,Debit Card,3600.0
ORD02580,2025-08-05,C0475,Amal Karunaratne,Matara,P019,Rice Cooker,Home Appliances,3,18000,10,5400.0,Online Payment,48600.0
ORD02399,2025-08-05,C0303,Sanduni Rathnayake,Ratnapura,P016,Coffee Maker,Home Appliances,1,22000,0,0.0,Cash,22000.0
ORD02567,2025-08-06,C0366,Nethmi Bandara,Matara,P003,Tablet,Electronics,4,65000,15,39000.0,Credit Card,221000.0
ORD00883,2025-08-06,C0366,Sachini Gunawardena,Batticaloa,P009,Dining Table,Furniture,1,85000,0,0.0,Cash,85000.0
ORD01229,2025-08-07,C0164,Hasini Perera,Batticaloa,P025,Desk Organizer,Stationery,1,1800,10,180.0,Online Payment,1620.0
ORD00939,2025-08-07,C0048,Hiruni Samarasinghe,Negombo,P017,Electric Kettle,Home Appliances,1,8500,0,0.0,Cash,8500.0
ORD00753,2025-08-07,C0392,Nimal Karunaratne,Galle,P011,T-Shirt,Clothing,1,4500,5,225.0,Credit Card,4275.0
ORD01842,2025-08-07,C0119,Dinesh Fernando,Matara,P023,Calculator,Stationery,1,2500,0,0.0,Online Payment,2500.0
ORD00500,2025-08-07,C0443,Tharushi Fernando,Jaffna,P018,Blender,Home Appliances,3,14000,10,4200.0,Cash,37800.0
ORD01998,2025-08-08,C0054,Kavindu Wijesinghe,Kandy,P015,Backpack,Clothing,3,6500,10,1950.0,Debit Card,17550.0
ORD00379,2025-08-09,C0428,Sanduni Silva,Kandy,P023,Calculator,Stationery,1,2500,10,250.0,Online Payment,2250.0
ORD00477,2025-08-09,C0235,Isuru Jayasinghe,Kandy,P025,Desk Organizer,Stationery,1,1800,0,0.0,Online Payment,1800.0
ORD00570,2025-08-09,C0417,Sahan Rathnayake,Kandy,P015,Backpack,Clothing,2,6500,5,650.0,Debit Card,12350.0
ORD02835,2025-08-09,C0165,Piumi Rathnayake,Matara,P018,Blender,Home Appliances,2,14000,15,4200.0,Online Payment,23800.0
ORD01647,2025-08-09,C0339,Nethmi Wijesinghe,Ratnapura,P023,Calculator,Stationery,2,2500,10,500.0,Credit Card,4500.0
ORD02880,2025-08-10,C0465,Sachini Samarasinghe,Matara,P002,Smartphone,Electronics,1,95000,0,0.0,Online Payment,95000.0
ORD02927,2025-08-10,C0066,Tharindu Bandara,Batticaloa,P009,Dining Table,Furniture,3,85000,0,0.0,Credit Card,255000.0
ORD02883,2025-08-10,C0301,Nimal Karunaratne,Kandy,P006,Office Chair,Furniture,1,35000,5,1750.0,Cash,33250.0
ORD02007,2025-08-10,C0069,Sachini Jayasinghe,Jaffna,P002,Smartphone,Electronics,3,95000,0,0.0,Cash,285000.0
ORD01626,2025-08-10,C0291,Chamod Perera,Kurunegala,P004,Wireless Headphones,Electronics,1,18000,10,1800.0,Cash,16200.0
ORD01965,2025-08-10,C0408,Tharushi Jayasinghe,Kandy,P003,Tablet,Electronics,2,65000,5,6500.0,Debit Card,123500.0
ORD01770,2025-08-10,C0425,Chamod Jayasinghe,Jaffna,P016,Coffee Maker,Home Appliances,4,22000,10,8800.0,Debit Card,79200.0
ORD00613,2025-08-10,C0492,Hiruni Fernando,Kandy,P024,File Folder,Stationery,1,650,10,65.0,Credit Card,585.0
ORD02118,2025-08-11,C0475,Hasini Karunaratne,Galle,P001,Laptop,Electronics,1,180000,0,0.0,Credit Card,180000.0
ORD02471,2025-08-12,C0022,Tharindu Karunaratne,Kurunegala,P011,T-Shirt,Clothing,3,4500,10,1350.0,Credit Card,12150.0
ORD01938,2025-08-12,C0374,Tharindu Silva,Ratnapura,P008,Bookshelf,Furniture,5,28000,0,0.0,Debit Card,140000.0
ORD02444,2025-08-13,C0102,Sahan Gunawardena,Anuradhapura,P015,Backpack,Clothing,1,6500,0,0.0,Online Payment,6500.0
ORD02056,2025-08-13,C0385,Tharushi Bandara,Ratnapura,P022,Pen Set,Stationery,1,1200,15,180.0,Online Payment,1020.0
ORD01014,2025-08-13,C0459,Isuru Rathnayake,Jaffna,P013,Jacket,Clothing,1,12000,10,1200.0,Online Payment,10800.0
ORD00521,2025-08-13,C0390,Ayesha Bandara,Kandy,P009,Dining Table,Furniture,1,85000,0,0.0,Credit Card,85000.0
ORD02461,2025-08-14,C0286,Nethmi Silva,Galle,P001,Laptop,Electronics,1,180000,5,9000.0,Credit Card,171000.0
ORD00003,2025-08-14,C0230,Hasini Wijesinghe,Colombo,P025,Desk Organizer,Stationery,3,1800,10,540.0,Debit Card,4860.0
ORD01980,2025-08-14,C0358,Kasun Samarasinghe,Galle,P020,Microwave Oven,Home Appliances,1,48000,10,4800.0,Cash,43200.0
ORD01178,2025-08-14,C0167,Sahan Bandara,Batticaloa,P021,Notebook,Stationery,3,800,10,240.0,Credit Card,2160.0
ORD00587,2025-08-14,C0135,Kasun Gunawardena,Jaffna,P017,Electric Kettle,Home Appliances,3,8500,5,1275.0,Debit Card,24225.0
ORD01841,2025-08-14,C0144,Dinesh Perera,Jaffna,P022,Pen Set,Stationery,1,1200,10,120.0,Online Payment,1080.0
ORD01509,2025-08-15,C0116,Amal Jayasinghe,Jaffna,P003,Tablet,Electronics,2,65000,15,19500.0,Online Payment,110500.0
ORD02306,2025-08-15,C0335,Sanduni Karunaratne,Batticaloa,P006,Office Chair,Furniture,4,35000,10,14000.0,Debit Card,126000.0
ORD00431,2025-08-15,C0332,Ravindu Bandara,Negombo,P021,Notebook,Stationery,1,800,0,0.0,Cash,800.0
ORD02215,2025-08-15,C0099,Hiruni Karunaratne,Colombo,P014,Sneakers,Clothing,1,15000,10,1500.0,Debit Card,13500.0
ORD02085,2025-08-16,C0444,Isuru Samarasinghe,Batticaloa,P004,Wireless Headphones,Electronics,1,18000,0,0.0,Debit Card,18000.0
ORD00184,2025-08-16,C0419,Nethmi Jayasinghe,Colombo,P014,Sneakers,Clothing,1,15000,10,1500.0,Credit Card,13500.0
ORD02811,2025-08-16,C0348,Dinesh Jayasinghe,Ratnapura,P019,Rice Cooker,Home Appliances,3,18000,0,0.0,Cash,54000.0
ORD01607,2025-08-16,C0398,Amal Bandara,Kurunegala,P017,Electric Kettle,Home Appliances,2,8500,0,0.0,Cash,17000.0
ORD02771,2025-08-17,C0345,Dinesh Bandara,Jaffna,P014,Sneakers,Clothing,1,15000,5,750.0,Debit Card,14250.0
ORD02824,2025-08-17,C0235,Dilini Bandara,Colombo,P006,Office Chair,Furniture,2,35000,5,3500.0,Online Payment,66500.0
ORD01325,2025-08-17,C0459,Tharindu Wijesinghe,Negombo,P024,File Folder,Stationery,5,650,0,0.0,Online Payment,3250.0
ORD00368,2025-08-17,C0412,Hiruni Perera,Matara,P003,Tablet,Electronics,3,65000,5,9750.0,Debit Card,185250.0
ORD01432,2025-08-18,C0296,Amal Gunawardena,Jaffna,P015,Backpack,Clothing,1,6500,0,0.0,Debit Card,6500.0
ORD01386,2025-08-18,C0290,Hiruni Karunaratne,Ratnapura,P024,File Folder,Stationery,1,650,0,0.0,Cash,650.0
ORD01893,2025-08-18,C0353,Kavindu Perera,Matara,P011,T-Shirt,Clothing,2,4500,15,1350.0,Online Payment,7650.0
ORD01951,2025-08-18,C0231,Isuru Wijesinghe,Anuradhapura,P013,Jacket,Clothing,1,12000,15,1800.0,Credit Card,10200.0
ORD01096,2025-08-18,C0478,Hasini Karunaratne,Kandy,P021,Notebook,Stationery,1,800,10,80.0,Online Payment,720.0
ORD01684,2025-08-19,C0095,Isuru Jayasinghe,Anuradhapura,P001,Laptop,Electronics,3,180000,0,0.0,Credit Card,540000.0
ORD00105,2025-08-19,C0431,Dinesh Rathnayake,Kandy,P021,Notebook,Stationery,3,800,15,360.0,Debit Card,2040.0
ORD01760,2025-08-19,C0246,Nimal Perera,Jaffna,P025,Desk Organizer,Stationery,1,1800,0,0.0,Credit Card,1800.0
ORD01818,2025-08-19,C0424,Sahan Gunawardena,Colombo,P025,Desk Organizer,Stationery,1,1800,10,180.0,Online Payment,1620.0
ORD00128,2025-08-20,C0441,Sachini Samarasinghe,Kurunegala,P003,Tablet,Electronics,3,65000,0,0.0,Debit Card,195000.0
ORD00828,2025-08-20,C0284,Tharushi Wijesinghe,Matara,P007,Office Desk,Furniture,3,55000,15,24750.0,Debit Card,140250.0
ORD01189,2025-08-20,C0472,Sachini Fernando,Anuradhapura,P006,Office Chair,Furniture,5,35000,5,8750.0,Cash,166250.0
ORD01470,2025-08-20,C0428,Isuru Wijesinghe,Jaffna,P006,Office Chair,Furniture,5,35000,5,8750.0,Online Payment,166250.0
ORD02324,2025-08-20,C0366,Piumi Perera,Galle,P007,Office Desk,Furniture,1,55000,0,0.0,Cash,55000.0
ORD01638,2025-08-20,C0226,Isuru Silva,Colombo,P010,Computer Table,Furniture,1,42000,0,0.0,Online Payment,42000.0
ORD00850,2025-08-20,C0320,Kasun Karunaratne,Kandy,P019,Rice Cooker,Home Appliances,1,18000,0,0.0,Online Payment,18000.0
ORD01614,2025-08-20,C0494,Sahan Silva,Matara,P004,Wireless Headphones,Electronics,2,18000,0,0.0,Credit Card,36000.0
ORD01609,2025-08-20,C0432,Tharindu Samarasinghe,Batticaloa,P014,Sneakers,Clothing,3,15000,5,2250.0,Cash,42750.0
ORD02987,2025-08-21,C0332,Sanduni Perera,Jaffna,P013,Jacket,Clothing,2,12000,15,3600.0,Cash,20400.0
ORD02996,2025-08-21,C0117,Chamod Wijesinghe,Kandy,P013,Jacket,Clothing,3,12000,10,3600.0,Cash,32400.0
ORD02840,2025-08-21,C0437,Nimal Wijesinghe,Batticaloa,P003,Tablet,Electronics,1,65000,0,0.0,Cash,65000.0
ORD00116,2025-08-21,C0383,Kasun Gunawardena,Kandy,P025,Desk Organizer,Stationery,2,1800,0,0.0,Online Payment,3600.0
ORD01023,2025-08-22,C0117,Isuru Rathnayake,Jaffna,P017,Electric Kettle,Home Appliances,2,8500,15,2550.0,Online Payment,14450.0
ORD01544,2025-08-22,C0354,Nethmi Silva,Colombo,P020,Microwave Oven,Home Appliances,1,48000,5,2400.0,Cash,45600.0
ORD00451,2025-08-22,C0115,Tharindu Bandara,Colombo,P019,Rice Cooker,Home Appliances,2,18000,0,0.0,Debit Card,36000.0
ORD02537,2025-08-24,C0392,Dilini Bandara,Kurunegala,P025,Desk Organizer,Stationery,1,1800,15,270.0,Debit Card,1530.0
ORD01763,2025-08-24,C0299,Ayesha Perera,Kurunegala,P023,Calculator,Stationery,1,2500,10,250.0,Credit Card,2250.0
ORD01002,2025-08-24,C0239,Dinithi Bandara,Jaffna,P016,Coffee Maker,Home Appliances,2,22000,10,4400.0,Online Payment,39600.0
ORD02688,2025-08-25,C0342,Dinithi Jayasinghe,Jaffna,P010,Computer Table,Furniture,2,42000,0,0.0,Cash,84000.0
ORD02303,2025-08-25,C0342,Kasun Perera,Colombo,P013,Jacket,Clothing,1,12000,5,600.0,Debit Card,11400.0
ORD02339,2025-08-25,C0479,Nethmi Rathnayake,Anuradhapura,P012,Jeans,Clothing,1,7500,0,0.0,Credit Card,7500.0
ORD02809,2025-08-26,C0288,Hiruni Wijesinghe,Jaffna,P002,Smartphone,Electronics,2,95000,0,0.0,Online Payment,190000.0
ORD00696,2025-08-26,C0486,Ravindu Silva,Batticaloa,P009,Dining Table,Furniture,4,85000,10,34000.0,Credit Card,306000.0
ORD01404,2025-08-26,C0342,Sahan Silva,Kandy,P007,Office Desk,Furniture,2,55000,0,0.0,Cash,110000.0
ORD02991,2025-08-26,C0420,Tharushi Gunawardena,Negombo,P001,Laptop,Electronics,1,180000,5,9000.0,Credit Card,171000.0
ORD01216,2025-08-26,C0453,Isuru Silva,Galle,P017,Electric Kettle,Home Appliances,2,8500,10,1700.0,Online Payment,15300.0
ORD00650,2025-08-26,C0119,Amal Jayasinghe,Kandy,P023,Calculator,Stationery,3,2500,0,0.0,Online Payment,7500.0
ORD01933,2025-08-26,C0026,Sahan Wijesinghe,Ratnapura,P025,Desk Organizer,Stationery,2,1800,0,0.0,Debit Card,3600.0
ORD01400,2025-08-26,C0153,Ayesha Jayasinghe,Colombo,P019,Rice Cooker,Home Appliances,2,18000,10,3600.0,Debit Card,32400.0
ORD01339,2025-08-26,C0396,Ravindu Fernando,Galle,P024,File Folder,Stationery,3,650,10,195.0,Cash,1755.0
ORD00137,2025-08-27,C0169,Tharindu Karunaratne,Colombo,P009,Dining Table,Furniture,3,85000,0,0.0,Credit Card,255000.0
ORD00832,2025-08-27,C0430,Tharushi Rathnayake,Negombo,P025,Desk Organizer,Stationery,2,1800,5,180.0,Online Payment,3420.0
ORD01097,2025-08-27,C0115,Sahan Fernando,Negombo,P003,Tablet,Electronics,1,65000,10,6500.0,Credit Card,58500.0
ORD02408,2025-08-27,C0064,Tharindu Perera,Galle,P004,Wireless Headphones,Electronics,2,18000,10,3600.0,Cash,32400.0
ORD01580,2025-08-27,C0480,Isuru Jayasinghe,Colombo,P005,Smart Watch,Electronics,3,25000,15,11250.0,Cash,63750.0
ORD02994,2025-08-28,C0054,Hiruni Gunawardena,Ratnapura,P025,Desk Organizer,Stationery,2,1800,0,0.0,Credit Card,3600.0
ORD02692,2025-08-28,C0304,Dilini Karunaratne,Anuradhapura,P017,Electric Kettle,Home Appliances,1,8500,10,850.0,Debit Card,7650.0
ORD00130,2025-08-28,C0242,Amal Karunaratne,Ratnapura,P011,T-Shirt,Clothing,4,4500,5,900.0,Cash,17100.0
ORD02345,2025-08-28,C0359,Sachini Silva,Kandy,P019,Rice Cooker,Home Appliances,2,18000,10,3600.0,Debit Card,32400.0
ORD01895,2025-08-29,C0407,Kavindu Jayasinghe,Jaffna,P008,Bookshelf,Furniture,1,28000,0,0.0,Cash,28000.0
ORD02448,2025-08-29,C0015,Isuru Wijesinghe,Galle,P002,Smartphone,Electronics,1,95000,5,4750.0,Online Payment,90250.0
ORD01380,2025-08-29,C0180,Dinesh Fernando,Ratnapura,P015,Backpack,Clothing,1,6500,0,0.0,Credit Card,6500.0
ORD00709,2025-08-29,C0222,Hasini Gunawardena,Kurunegala,P023,Calculator,Stationery,1,2500,10,250.0,Online Payment,2250.0
ORD02072,2025-08-29,C0221,Dinithi Karunaratne,Ratnapura,P010,Computer Table,Furniture,3,42000,0,0.0,Credit Card,126000.0
ORD01198,2025-08-29,C0186,Amal Bandara,Colombo,P012,Jeans,Clothing,2,7500,0,0.0,Cash,15000.0
ORD02380,2025-08-29,C0076,Chamod Silva,Anuradhapura,P008,Bookshelf,Furniture,2,28000,5,2800.0,Credit Card,53200.0
ORD02881,2025-08-31,C0022,Sachini Gunawardena,Jaffna,P014,Sneakers,Clothing,3,15000,10,4500.0,Cash,40500.0
ORD01838,2025-08-31,C0078,Amal Samarasinghe,Batticaloa,P011,T-Shirt,Clothing,3,4500,0,0.0,Online Payment,13500.0
ORD00028,2025-08-31,C0086,Tharushi Rathnayake,Anuradhapura,P007,Office Desk,Furniture,3,55000,0,0.0,Credit Card,165000.0
ORD00565,2025-08-31,C0138,Ayesha Karunaratne,Kurunegala,P012,Jeans,Clothing,1,7500,10,750.0,Credit Card,6750.0
ORD02329,2025-08-31,C0246,Piumi Karunaratne,Jaffna,P003,Tablet,Electronics,2,65000,10,13000.0,Credit Card,117000.0
ORD02975,2025-09-01,C0304,Sachini Fernando,Galle,P004,Wireless Headphones,Electronics,4,18000,0,0.0,Debit Card,72000.0
ORD00725,2025-09-01,C0339,Nethmi Silva,Jaffna,P019,Rice Cooker,Home Appliances,2,18000,10,3600.0,Cash,32400.0
ORD02918,2025-09-01,C0194,Nimal Jayasinghe,Batticaloa,P011,T-Shirt,Clothing,1,4500,5,225.0,Credit Card,4275.0
ORD00487,2025-09-01,C0262,Kavindu Perera,Matara,P013,Jacket,Clothing,1,12000,10,1200.0,Cash,10800.0
ORD02806,2025-09-01,C0491,Sanduni Wijesinghe,Batticaloa,P023,Calculator,Stationery,1,2500,5,125.0,Debit Card,2375.0
ORD00665,2025-09-01,C0112,Hasini Rathnayake,Anuradhapura,P014,Sneakers,Clothing,1,15000,0,0.0,Credit Card,15000.0
ORD00034,2025-09-02,C0136,Sachini Silva,Negombo,P015,Backpack,Clothing,1,6500,0,0.0,Cash,6500.0
ORD02865,2025-09-02,C0264,Dilini Samarasinghe,Ratnapura,P013,Jacket,Clothing,2,12000,5,1200.0,Cash,22800.0
ORD00061,2025-09-02,C0141,Nethmi Fernando,Negombo,P008,Bookshelf,Furniture,1,28000,10,2800.0,Cash,25200.0
ORD01299,2025-09-02,C0088,Sanduni Fernando,Galle,P006,Office Chair,Furniture,1,35000,15,5250.0,Credit Card,29750.0
ORD02004,2025-09-02,C0105,Isuru Bandara,Kurunegala,P007,Office Desk,Furniture,3,55000,5,8250.0,Debit Card,156750.0
ORD01296,2025-09-02,C0034,Piumi Fernando,Negombo,P008,Bookshelf,Furniture,3,28000,10,8400.0,Online Payment,75600.0
ORD00780,2025-09-02,C0277,Dinesh Rathnayake,Batticaloa,P023,Calculator,Stationery,1,2500,5,125.0,Debit Card,2375.0
ORD02907,2025-09-03,C0391,Chamod Gunawardena,Anuradhapura,P013,Jacket,Clothing,2,12000,0,0.0,Debit Card,24000.0
ORD00278,2025-09-03,C0283,Sanduni Wijesinghe,Matara,P015,Backpack,Clothing,2,6500,10,1300.0,Debit Card,11700.0
ORD00354,2025-09-03,C0254,Sachini Fernando,Jaffna,P016,Coffee Maker,Home Appliances,2,22000,0,0.0,Cash,44000.0
ORD01210,2025-09-03,C0145,Chamod Samarasinghe,Kandy,P003,Tablet,Electronics,1,65000,0,0.0,Debit Card,65000.0
ORD02664,2025-09-03,C0255,Tharindu Fernando,Ratnapura,P013,Jacket,Clothing,1,12000,0,0.0,Credit Card,12000.0
ORD02541,2025-09-03,C0423,Hiruni Karunaratne,Galle,P014,Sneakers,Clothing,4,15000,15,9000.0,Credit Card,51000.0
ORD00193,2025-09-04,C0376,Dinesh Karunaratne,Kurunegala,P005,Smart Watch,Electronics,1,25000,10,2500.0,Credit Card,22500.0
ORD01959,2025-09-04,C0273,Sanduni Rathnayake,Jaffna,P014,Sneakers,Clothing,4,15000,0,0.0,Cash,60000.0
ORD02277,2025-09-04,C0047,Tharindu Gunawardena,Kandy,P013,Jacket,Clothing,4,12000,10,4800.0,Cash,43200.0
ORD02667,2025-09-04,C0055,Ayesha Fernando,Batticaloa,P015,Backpack,Clothing,3,6500,10,1950.0,Cash,17550.0
ORD00080,2025-09-05,C0369,Tharushi Rathnayake,Ratnapura,P025,Desk Organizer,Stationery,1,1800,15,270.0,Online Payment,1530.0
ORD00221,2025-09-05,C0239,Dinesh Wijesinghe,Anuradhapura,P008,Bookshelf,Furniture,1,28000,0,0.0,Debit Card,28000.0
ORD00243,2025-09-06,C0026,Hiruni Bandara,Jaffna,P002,Smartphone,Electronics,1,95000,10,9500.0,Online Payment,85500.0
ORD00750,2025-09-06,C0360,Tharindu Perera,Galle,P021,Notebook,Stationery,1,800,5,40.0,Cash,760.0
ORD00996,2025-09-06,C0071,Nimal Perera,Galle,P010,Computer Table,Furniture,2,42000,10,8400.0,Debit Card,75600.0
ORD01073,2025-09-06,C0245,Nimal Jayasinghe,Colombo,P023,Calculator,Stationery,2,2500,0,0.0,Debit Card,5000.0
ORD02602,2025-09-07,C0070,Sanduni Karunaratne,Colombo,P001,Laptop,Electronics,3,180000,5,27000.0,Online Payment,513000.0
ORD01815,2025-09-07,C0441,Ayesha Bandara,Jaffna,P022,Pen Set,Stationery,1,1200,15,180.0,Credit Card,1020.0
ORD00700,2025-09-07,C0281,Chamod Rathnayake,Matara,P003,Tablet,Electronics,1,65000,10,6500.0,Online Payment,58500.0
ORD02307,2025-09-07,C0466,Dilini Karunaratne,Kurunegala,P005,Smart Watch,Electronics,1,25000,10,2500.0,Cash,22500.0
ORD02904,2025-09-08,C0439,Amal Fernando,Batticaloa,P006,Office Chair,Furniture,1,35000,10,3500.0,Online Payment,31500.0
ORD02961,2025-09-08,C0332,Ravindu Silva,Matara,P001,Laptop,Electronics,2,180000,10,36000.0,Online Payment,324000.0
ORD02736,2025-09-09,C0099,Chamod Wijesinghe,Jaffna,P013,Jacket,Clothing,4,12000,10,4800.0,Credit Card,43200.0
ORD02915,2025-09-09,C0110,Tharindu Silva,Matara,P021,Notebook,Stationery,2,800,0,0.0,Credit Card,1600.0
ORD02355,2025-09-09,C0134,Isuru Perera,Jaffna,P003,Tablet,Electronics,1,65000,10,6500.0,Online Payment,58500.0
ORD01566,2025-09-09,C0168,Hasini Samarasinghe,Negombo,P018,Blender,Home Appliances,2,14000,5,1400.0,Cash,26600.0
ORD01747,2025-09-10,C0115,Amal Jayasinghe,Kurunegala,P020,Microwave Oven,Home Appliances,1,48000,0,0.0,Debit Card,48000.0
ORD00352,2025-09-11,C0142,Kasun Bandara,Ratnapura,P020,Microwave Oven,Home Appliances,2,48000,5,4800.0,Cash,91200.0
ORD00070,2025-09-11,C0103,Amal Karunaratne,Galle,P008,Bookshelf,Furniture,1,28000,0,0.0,Credit Card,28000.0
ORD02123,2025-09-11,C0483,Amal Karunaratne,Kurunegala,P009,Dining Table,Furniture,3,85000,15,38250.0,Cash,216750.0
ORD02663,2025-09-11,C0442,Amal Fernando,Matara,P002,Smartphone,Electronics,1,95000,10,9500.0,Cash,85500.0
ORD02455,2025-09-11,C0249,Ravindu Bandara,Anuradhapura,P019,Rice Cooker,Home Appliances,3,18000,0,0.0,Credit Card,54000.0
ORD01155,2025-09-11,C0342,Tharushi Bandara,Anuradhapura,P023,Calculator,Stationery,3,2500,0,0.0,Credit Card,7500.0
ORD02499,2025-09-11,C0395,Kasun Karunaratne,Galle,P015,Backpack,Clothing,2,6500,10,1300.0,Cash,11700.0
ORD00771,2025-09-11,C0168,Tharushi Karunaratne,Jaffna,P019,Rice Cooker,Home Appliances,4,18000,0,0.0,Online Payment,72000.0
ORD02564,2025-09-12,C0491,Piumi Silva,Batticaloa,P016,Coffee Maker,Home Appliances,1,22000,10,2200.0,Debit Card,19800.0
ORD01174,2025-09-12,C0422,Isuru Samarasinghe,Kandy,P001,Laptop,Electronics,2,180000,10,36000.0,Debit Card,324000.0
ORD01184,2025-09-12,C0395,Kasun Wijesinghe,Galle,P021,Notebook,Stationery,2,800,0,0.0,Cash,1600.0
ORD02878,2025-09-12,C0168,Hasini Gunawardena,Colombo,P012,Jeans,Clothing,1,7500,0,0.0,Credit Card,7500.0
ORD01501,2025-09-12,C0090,Kasun Samarasinghe,Kandy,P005,Smart Watch,Electronics,2,25000,15,7500.0,Online Payment,42500.0
ORD01943,2025-09-12,C0068,Nimal Bandara,Jaffna,P024,File Folder,Stationery,1,650,0,0.0,Online Payment,650.0
ORD01373,2025-09-13,C0395,Piumi Wijesinghe,Kurunegala,P019,Rice Cooker,Home Appliances,1,18000,5,900.0,Debit Card,17100.0
ORD02446,2025-09-13,C0461,Nimal Silva,Negombo,P021,Notebook,Stationery,1,800,0,0.0,Cash,800.0
ORD02629,2025-09-13,C0223,Dinesh Fernando,Jaffna,P015,Backpack,Clothing,1,6500,0,0.0,Cash,6500.0
ORD01706,2025-09-13,C0500,Dinesh Silva,Anuradhapura,P004,Wireless Headphones,Electronics,3,18000,0,0.0,Online Payment,54000.0
ORD02659,2025-09-13,C0002,Tharushi Bandara,Negombo,P008,Bookshelf,Furniture,1,28000,5,1400.0,Credit Card,26600.0
ORD02425,2025-09-13,C0081,Dinesh Perera,Batticaloa,P015,Backpack,Clothing,1,6500,0,0.0,Cash,6500.0
ORD02151,2025-09-13,C0031,Dinesh Perera,Batticaloa,P012,Jeans,Clothing,4,7500,10,3000.0,Online Payment,27000.0
ORD00182,2025-09-14,C0027,Ayesha Jayasinghe,Ratnapura,P004,Wireless Headphones,Electronics,2,18000,0,0.0,Debit Card,36000.0
ORD02074,2025-09-14,C0260,Kavindu Silva,Negombo,P020,Microwave Oven,Home Appliances,1,48000,0,0.0,Cash,48000.0
ORD01851,2025-09-14,C0041,Hiruni Wijesinghe,Anuradhapura,P005,Smart Watch,Electronics,1,25000,10,2500.0,Debit Card,22500.0
ORD01361,2025-09-14,C0481,Piumi Bandara,Anuradhapura,P023,Calculator,Stationery,2,2500,10,500.0,Credit Card,4500.0
ORD01348,2025-09-15,C0200,Dilini Fernando,Galle,P010,Computer Table,Furniture,1,42000,5,2100.0,Debit Card,39900.0
ORD01728,2025-09-15,C0145,Chamod Fernando,Colombo,P003,Tablet,Electronics,1,65000,0,0.0,Online Payment,65000.0
ORD02083,2025-09-15,C0094,Hiruni Gunawardena,Anuradhapura,P019,Rice Cooker,Home Appliances,1,18000,0,0.0,Debit Card,18000.0
ORD01313,2025-09-15,C0071,Dilini Wijesinghe,Ratnapura,P022,Pen Set,Stationery,4,1200,0,0.0,Cash,4800.0
ORD00039,2025-09-15,C0464,Nimal Fernando,Matara,P009,Dining Table,Furniture,1,85000,10,8500.0,Credit Card,76500.0
ORD01620,2025-09-15,C0328,Hiruni Jayasinghe,Matara,P022,Pen Set,Stationery,3,1200,10,360.0,Cash,3240.0
ORD00577,2025-09-15,C0482,Kasun Bandara,Galle,P013,Jacket,Clothing,1,12000,0,0.0,Online Payment,12000.0
ORD02625,2025-09-16,C0061,Sachini Perera,Colombo,P019,Rice Cooker,Home Appliances,4,18000,0,0.0,Online Payment,72000.0
ORD01342,2025-09-16,C0252,Nethmi Wijesinghe,Jaffna,P007,Office Desk,Furniture,2,55000,10,11000.0,Credit Card,99000.0
ORD01948,2025-09-16,C0002,Tharushi Rathnayake,Galle,P002,Smartphone,Electronics,3,95000,0,0.0,Online Payment,285000.0
ORD01458,2025-09-17,C0258,Amal Karunaratne,Negombo,P002,Smartphone,Electronics,2,95000,15,28500.0,Online Payment,161500.0
ORD00196,2025-09-17,C0019,Isuru Wijesinghe,Kurunegala,P025,Desk Organizer,Stationery,1,1800,10,180.0,Debit Card,1620.0
ORD01803,2025-09-17,C0300,Dinesh Samarasinghe,Anuradhapura,P006,Office Chair,Furniture,4,35000,5,7000.0,Credit Card,133000.0
ORD02822,2025-09-17,C0172,Hiruni Rathnayake,Colombo,P003,Tablet,Electronics,1,65000,5,3250.0,Credit Card,61750.0
ORD02244,2025-09-17,C0193,Ravindu Perera,Kandy,P024,File Folder,Stationery,5,650,10,325.0,Debit Card,2925.0
ORD00885,2025-09-17,C0259,Dinithi Gunawardena,Negombo,P013,Jacket,Clothing,2,12000,0,0.0,Cash,24000.0
ORD02709,2025-09-18,C0082,Tharushi Fernando,Batticaloa,P023,Calculator,Stationery,3,2500,5,375.0,Debit Card,7125.0
ORD00864,2025-09-18,C0442,Hasini Perera,Anuradhapura,P018,Blender,Home Appliances,1,14000,0,0.0,Debit Card,14000.0
ORD00676,2025-09-18,C0405,Kasun Wijesinghe,Negombo,P017,Electric Kettle,Home Appliances,2,8500,0,0.0,Cash,17000.0
ORD01831,2025-09-18,C0311,Kasun Wijesinghe,Kandy,P013,Jacket,Clothing,3,12000,10,3600.0,Cash,32400.0
ORD02239,2025-09-18,C0470,Dilini Wijesinghe,Negombo,P014,Sneakers,Clothing,1,15000,5,750.0,Debit Card,14250.0
ORD00962,2025-09-19,C0394,Kasun Silva,Negombo,P014,Sneakers,Clothing,2,15000,0,0.0,Debit Card,30000.0
ORD02575,2025-09-19,C0132,Kasun Gunawardena,Kandy,P002,Smartphone,Electronics,3,95000,15,42750.0,Debit Card,242250.0
ORD00622,2025-09-20,C0416,Kavindu Fernando,Batticaloa,P013,Jacket,Clothing,2,12000,5,1200.0,Cash,22800.0
ORD02657,2025-09-20,C0295,Chamod Perera,Matara,P022,Pen Set,Stationery,2,1200,5,120.0,Cash,2280.0
ORD02707,2025-09-21,C0398,Amal Jayasinghe,Jaffna,P022,Pen Set,Stationery,2,1200,10,240.0,Online Payment,2160.0
ORD02925,2025-09-21,C0307,Hiruni Gunawardena,Colombo,P019,Rice Cooker,Home Appliances,2,18000,10,3600.0,Debit Card,32400.0
ORD00643,2025-09-21,C0450,Sachini Perera,Ratnapura,P009,Dining Table,Furniture,1,85000,10,8500.0,Online Payment,76500.0
ORD02413,2025-09-21,C0440,Sanduni Perera,Colombo,P014,Sneakers,Clothing,1,15000,10,1500.0,Credit Card,13500.0
ORD01474,2025-09-22,C0112,Nethmi Wijesinghe,Colombo,P004,Wireless Headphones,Electronics,2,18000,0,0.0,Online Payment,36000.0
ORD01994,2025-09-22,C0493,Chamod Samarasinghe,Anuradhapura,P016,Coffee Maker,Home Appliances,3,22000,5,3300.0,Credit Card,62700.0
ORD02194,2025-09-22,C0203,Ayesha Silva,Ratnapura,P015,Backpack,Clothing,2,6500,0,0.0,Online Payment,13000.0
ORD00808,2025-09-22,C0322,Ayesha Fernando,Kurunegala,P017,Electric Kettle,Home Appliances,2,8500,0,0.0,Debit Card,17000.0
ORD00964,2025-09-22,C0193,Dinesh Perera,Jaffna,P008,Bookshelf,Furniture,3,28000,5,4200.0,Online Payment,79800.0
ORD02661,2025-09-23,C0444,Amal Jayasinghe,Kandy,P004,Wireless Headphones,Electronics,5,18000,0,0.0,Cash,90000.0
ORD02433,2025-09-23,C0357,Sanduni Gunawardena,Matara,P008,Bookshelf,Furniture,1,28000,5,1400.0,Debit Card,26600.0
ORD02579,2025-09-23,C0347,Sahan Rathnayake,Kandy,P017,Electric Kettle,Home Appliances,3,8500,5,1275.0,Debit Card,24225.0
ORD02944,2025-09-24,C0036,Hiruni Karunaratne,Batticaloa,P016,Coffee Maker,Home Appliances,4,22000,0,0.0,Credit Card,88000.0
ORD01255,2025-09-24,C0338,Nimal Wijesinghe,Kandy,P005,Smart Watch,Electronics,2,25000,0,0.0,Cash,50000.0
ORD02539,2025-09-24,C0149,Dinithi Bandara,Colombo,P011,T-Shirt,Clothing,1,4500,0,0.0,Credit Card,4500.0
ORD02750,2025-09-25,C0239,Dinithi Silva,Kurunegala,P023,Calculator,Stationery,2,2500,0,0.0,Credit Card,5000.0
ORD00973,2025-09-25,C0386,Nethmi Wijesinghe,Jaffna,P022,Pen Set,Stationery,5,1200,10,600.0,Credit Card,5400.0
ORD00871,2025-09-25,C0260,Kasun Jayasinghe,Matara,P020,Microwave Oven,Home Appliances,2,48000,10,9600.0,Online Payment,86400.0
ORD01640,2025-09-25,C0362,Dilini Wijesinghe,Matara,P012,Jeans,Clothing,1,7500,5,375.0,Debit Card,7125.0
ORD01492,2025-09-25,C0491,Tharushi Silva,Galle,P013,Jacket,Clothing,2,12000,0,0.0,Online Payment,24000.0
ORD00279,2025-09-25,C0185,Hiruni Rathnayake,Anuradhapura,P004,Wireless Headphones,Electronics,3,18000,15,8100.0,Debit Card,45900.0
ORD00281,2025-09-25,C0284,Hasini Karunaratne,Matara,P010,Computer Table,Furniture,1,42000,10,4200.0,Credit Card,37800.0
ORD01988,2025-09-25,C0454,Ravindu Gunawardena,Kurunegala,P021,Notebook,Stationery,1,800,10,80.0,Debit Card,720.0
ORD00629,2025-09-26,C0044,Sachini Samarasinghe,Matara,P025,Desk Organizer,Stationery,2,1800,0,0.0,Online Payment,3600.0
ORD00040,2025-09-26,C0083,Nethmi Samarasinghe,Matara,P018,Blender,Home Appliances,1,14000,0,0.0,Credit Card,14000.0
ORD01810,2025-09-27,C0450,Dilini Rathnayake,Matara,P017,Electric Kettle,Home Appliances,4,8500,0,0.0,Cash,34000.0
ORD00516,2025-09-27,C0376,Kasun Fernando,Colombo,P017,Electric Kettle,Home Appliances,2,8500,10,1700.0,Credit Card,15300.0
ORD02310,2025-09-27,C0023,Ravindu Rathnayake,Ratnapura,P009,Dining Table,Furniture,2,85000,0,0.0,Credit Card,170000.0
ORD02052,2025-09-27,C0012,Sachini Samarasinghe,Ratnapura,P009,Dining Table,Furniture,1,85000,5,4250.0,Credit Card,80750.0
ORD00605,2025-09-27,C0278,Dilini Rathnayake,Colombo,P025,Desk Organizer,Stationery,2,1800,10,360.0,Credit Card,3240.0
ORD00363,2025-09-27,C0365,Hasini Fernando,Anuradhapura,P015,Backpack,Clothing,2,6500,0,0.0,Online Payment,13000.0
ORD00334,2025-09-27,C0179,Kasun Rathnayake,Kandy,P025,Desk Organizer,Stationery,3,1800,5,270.0,Debit Card,5130.0
ORD01827,2025-09-28,C0307,Tharushi Bandara,Batticaloa,P005,Smart Watch,Electronics,3,25000,5,3750.0,Credit Card,71250.0
ORD00726,2025-09-28,C0387,Dinesh Perera,Galle,P015,Backpack,Clothing,1,6500,5,325.0,Online Payment,6175.0
ORD02578,2025-09-28,C0074,Ayesha Gunawardena,Jaffna,P014,Sneakers,Clothing,1,15000,0,0.0,Debit Card,15000.0
ORD00005,2025-09-28,C0414,Nimal Rathnayake,Ratnapura,P004,Wireless Headphones,Electronics,5,18000,10,9000.0,Cash,81000.0
ORD01471,2025-09-28,C0048,Ayesha Jayasinghe,Batticaloa,P012,Jeans,Clothing,1,7500,15,1125.0,Credit Card,6375.0
ORD00233,2025-09-29,C0496,Hasini Karunaratne,Jaffna,P024,File Folder,Stationery,1,650,15,97.5,Credit Card,552.5
ORD02511,2025-09-29,C0149,Sanduni Perera,Batticaloa,P006,Office Chair,Furniture,2,35000,10,7000.0,Cash,63000.0
ORD01411,2025-09-29,C0241,Tharindu Rathnayake,Galle,P024,File Folder,Stationery,1,650,0,0.0,Credit Card,650.0
ORD02204,2025-09-29,C0280,Tharushi Karunaratne,Ratnapura,P020,Microwave Oven,Home Appliances,3,48000,5,7200.0,Online Payment,136800.0
ORD01909,2025-09-29,C0154,Nimal Bandara,Batticaloa,P009,Dining Table,Furniture,1,85000,0,0.0,Credit Card,85000.0
ORD01591,2025-09-29,C0319,Sanduni Perera,Colombo,P011,T-Shirt,Clothing,1,4500,15,675.0,Cash,3825.0
ORD02040,2025-09-30,C0048,Piumi Gunawardena,Batticaloa,P013,Jacket,Clothing,1,12000,0,0.0,Credit Card,12000.0
ORD02351,2025-09-30,C0345,Tharindu Fernando,Ratnapura,P017,Electric Kettle,Home Appliances,2,8500,0,0.0,Online Payment,17000.0
ORD00932,2025-09-30,C0191,Tharushi Jayasinghe,Jaffna,P005,Smart Watch,Electronics,3,25000,10,7500.0,Credit Card,67500.0
ORD00593,2025-09-30,C0398,Sachini Fernando,Ratnapura,P016,Coffee Maker,Home Appliances,1,22000,5,1100.0,Online Payment,20900.0
ORD02271,2025-09-30,C0470,Tharindu Fernando,Ratnapura,P012,Jeans,Clothing,2,7500,10,1500.0,Online Payment,13500.0
ORD02370,2025-10-01,C0433,Ayesha Perera,Kandy,P016,Coffee Maker,Home Appliances,1,22000,0,0.0,Cash,22000.0
ORD00730,2025-10-01,C0411,Dinesh Wijesinghe,Batticaloa,P013,Jacket,Clothing,1,12000,5,600.0,Credit Card,11400.0
ORD00289,2025-10-01,C0408,Sachini Fernando,Kurunegala,P013,Jacket,Clothing,1,12000,5,600.0,Credit Card,11400.0
ORD02778,2025-10-01,C0396,Sahan Fernando,Anuradhapura,P006,Office Chair,Furniture,1,35000,10,3500.0,Online Payment,31500.0
ORD02793,2025-10-01,C0469,Tharushi Karunaratne,Ratnapura,P008,Bookshelf,Furniture,1,28000,10,2800.0,Online Payment,25200.0
ORD01825,2025-10-02,C0479,Sahan Wijesinghe,Batticaloa,P017,Electric Kettle,Home Appliances,1,8500,10,850.0,Credit Card,7650.0
ORD01436,2025-10-02,C0354,Isuru Samarasinghe,Anuradhapura,P018,Blender,Home Appliances,1,14000,5,700.0,Debit Card,13300.0
ORD03000,2025-10-02,C0380,Dinithi Fernando,Matara,P003,Tablet,Electronics,1,65000,10,6500.0,Cash,58500.0
ORD00902,2025-10-02,C0289,Dinithi Gunawardena,Kandy,P025,Desk Organizer,Stationery,1,1800,10,180.0,Credit Card,1620.0
ORD01557,2025-10-03,C0118,Sahan Rathnayake,Negombo,P012,Jeans,Clothing,1,7500,10,750.0,Debit Card,6750.0
ORD00413,2025-10-03,C0289,Nimal Silva,Kandy,P003,Tablet,Electronics,2,65000,10,13000.0,Credit Card,117000.0
ORD01374,2025-10-03,C0338,Sahan Karunaratne,Colombo,P004,Wireless Headphones,Electronics,1,18000,10,1800.0,Debit Card,16200.0
ORD01941,2025-10-03,C0128,Dinithi Fernando,Matara,P009,Dining Table,Furniture,2,85000,15,25500.0,Cash,144500.0
ORD02049,2025-10-04,C0009,Ayesha Rathnayake,Anuradhapura,P020,Microwave Oven,Home Appliances,1,48000,0,0.0,Cash,48000.0
ORD01282,2025-10-04,C0358,Chamod Silva,Batticaloa,P015,Backpack,Clothing,1,6500,10,650.0,Credit Card,5850.0
ORD02582,2025-10-04,C0447,Sanduni Jayasinghe,Kandy,P023,Calculator,Stationery,1,2500,10,250.0,Online Payment,2250.0
ORD02465,2025-10-05,C0238,Amal Silva,Colombo,P012,Jeans,Clothing,2,7500,10,1500.0,Debit Card,13500.0
ORD01353,2025-10-05,C0371,Nimal Fernando,Colombo,P016,Coffee Maker,Home Appliances,2,22000,10,4400.0,Online Payment,39600.0
ORD00367,2025-10-05,C0423,Kasun Karunaratne,Kurunegala,P004,Wireless Headphones,Electronics,2,18000,0,0.0,Credit Card,36000.0
ORD01314,2025-10-05,C0074,Isuru Gunawardena,Batticaloa,P003,Tablet,Electronics,1,65000,0,0.0,Online Payment,65000.0
ORD01957,2025-10-06,C0301,Isuru Gunawardena,Batticaloa,P019,Rice Cooker,Home Appliances,2,18000,0,0.0,Online Payment,36000.0
ORD02475,2025-10-07,C0294,Piumi Bandara,Galle,P003,Tablet,Electronics,3,65000,0,0.0,Credit Card,195000.0
ORD01293,2025-10-07,C0190,Dinesh Perera,Matara,P024,File Folder,Stationery,4,650,5,130.0,Debit Card,2470.0
ORD00428,2025-10-08,C0189,Nethmi Samarasinghe,Matara,P021,Notebook,Stationery,4,800,0,0.0,Credit Card,3200.0
ORD00649,2025-10-08,C0078,Isuru Fernando,Galle,P006,Office Chair,Furniture,1,35000,5,1750.0,Credit Card,33250.0
ORD02212,2025-10-08,C0403,Piumi Karunaratne,Matara,P014,Sneakers,Clothing,1,15000,0,0.0,Debit Card,15000.0
ORD00481,2025-10-08,C0204,Sanduni Wijesinghe,Anuradhapura,P005,Smart Watch,Electronics,1,25000,5,1250.0,Debit Card,23750.0
ORD01846,2025-10-08,C0128,Kavindu Bandara,Matara,P020,Microwave Oven,Home Appliances,3,48000,0,0.0,Credit Card,144000.0
ORD01263,2025-10-08,C0247,Isuru Fernando,Kurunegala,P023,Calculator,Stationery,2,2500,5,250.0,Online Payment,4750.0
ORD01466,2025-10-08,C0288,Dilini Fernando,Kurunegala,P015,Backpack,Clothing,2,6500,0,0.0,Online Payment,13000.0
ORD02621,2025-10-08,C0222,Chamod Silva,Colombo,P006,Office Chair,Furniture,1,35000,0,0.0,Credit Card,35000.0
ORD01274,2025-10-09,C0216,Dinesh Fernando,Anuradhapura,P006,Office Chair,Furniture,2,35000,10,7000.0,Credit Card,63000.0
ORD02855,2025-10-09,C0434,Nethmi Wijesinghe,Ratnapura,P020,Microwave Oven,Home Appliances,1,48000,5,2400.0,Online Payment,45600.0
ORD00143,2025-10-09,C0320,Hasini Samarasinghe,Kurunegala,P013,Jacket,Clothing,5,12000,5,3000.0,Online Payment,57000.0
ORD02755,2025-10-09,C0030,Hiruni Jayasinghe,Ratnapura,P012,Jeans,Clothing,2,7500,5,750.0,Credit Card,14250.0
ORD01502,2025-10-09,C0177,Nethmi Karunaratne,Jaffna,P024,File Folder,Stationery,3,650,15,292.5,Cash,1657.5
ORD00959,2025-10-09,C0403,Isuru Bandara,Batticaloa,P015,Backpack,Clothing,1,6500,10,650.0,Online Payment,5850.0
ORD02773,2025-10-10,C0461,Kavindu Fernando,Jaffna,P015,Backpack,Clothing,1,6500,15,975.0,Online Payment,5525.0
ORD01409,2025-10-10,C0233,Hiruni Fernando,Kurunegala,P002,Smartphone,Electronics,1,95000,10,9500.0,Credit Card,85500.0
ORD01564,2025-10-10,C0276,Dilini Rathnayake,Negombo,P004,Wireless Headphones,Electronics,1,18000,0,0.0,Debit Card,18000.0
ORD01874,2025-10-10,C0202,Ravindu Perera,Colombo,P010,Computer Table,Furniture,1,42000,0,0.0,Credit Card,42000.0
ORD01019,2025-10-11,C0475,Ravindu Fernando,Kandy,P003,Tablet,Electronics,1,65000,5,3250.0,Debit Card,61750.0
ORD02594,2025-10-11,C0279,Nethmi Perera,Batticaloa,P024,File Folder,Stationery,2,650,15,195.0,Credit Card,1105.0
ORD01083,2025-10-11,C0033,Sanduni Perera,Batticaloa,P008,Bookshelf,Furniture,1,28000,0,0.0,Cash,28000.0
ORD02292,2025-10-11,C0361,Nimal Gunawardena,Kurunegala,P015,Backpack,Clothing,2,6500,10,1300.0,Cash,11700.0
ORD01507,2025-10-11,C0257,Nimal Karunaratne,Matara,P006,Office Chair,Furniture,2,35000,5,3500.0,Cash,66500.0
ORD01454,2025-10-12,C0365,Tharindu Gunawardena,Ratnapura,P015,Backpack,Clothing,1,6500,5,325.0,Cash,6175.0
ORD02949,2025-10-12,C0383,Kasun Bandara,Negombo,P022,Pen Set,Stationery,2,1200,10,240.0,Cash,2160.0
ORD00797,2025-10-12,C0101,Amal Fernando,Ratnapura,P015,Backpack,Clothing,2,6500,0,0.0,Online Payment,13000.0
ORD00004,2025-10-12,C0080,Isuru Jayasinghe,Kandy,P003,Tablet,Electronics,1,65000,10,6500.0,Debit Card,58500.0
ORD01903,2025-10-12,C0465,Isuru Silva,Matara,P002,Smartphone,Electronics,3,95000,10,28500.0,Debit Card,256500.0
ORD00981,2025-10-12,C0292,Hiruni Rathnayake,Galle,P018,Blender,Home Appliances,1,14000,0,0.0,Cash,14000.0
ORD00150,2025-10-13,C0294,Ravindu Gunawardena,Ratnapura,P025,Desk Organizer,Stationery,3,1800,0,0.0,Debit Card,5400.0
ORD01367,2025-10-13,C0438,Dinithi Gunawardena,Anuradhapura,P001,Laptop,Electronics,3,180000,10,54000.0,Online Payment,486000.0
ORD00023,2025-10-13,C0343,Ayesha Bandara,Ratnapura,P005,Smart Watch,Electronics,2,25000,15,7500.0,Credit Card,42500.0
ORD02828,2025-10-13,C0348,Amal Bandara,Matara,P023,Calculator,Stationery,1,2500,0,0.0,Cash,2500.0
ORD01364,2025-10-14,C0041,Isuru Silva,Ratnapura,P008,Bookshelf,Furniture,1,28000,5,1400.0,Cash,26600.0
ORD02985,2025-10-14,C0135,Nimal Wijesinghe,Kurunegala,P017,Electric Kettle,Home Appliances,2,8500,0,0.0,Cash,17000.0
ORD02100,2025-10-14,C0153,Chamod Silva,Anuradhapura,P023,Calculator,Stationery,1,2500,10,250.0,Debit Card,2250.0
ORD00079,2025-10-14,C0451,Dinithi Wijesinghe,Ratnapura,P001,Laptop,Electronics,2,180000,5,18000.0,Cash,342000.0
ORD02962,2025-10-14,C0085,Nethmi Gunawardena,Anuradhapura,P010,Computer Table,Furniture,4,42000,5,8400.0,Cash,159600.0
ORD01284,2025-10-15,C0165,Ayesha Bandara,Kandy,P009,Dining Table,Furniture,3,85000,0,0.0,Debit Card,255000.0
ORD00980,2025-10-15,C0253,Dinithi Bandara,Colombo,P007,Office Desk,Furniture,5,55000,10,27500.0,Cash,247500.0
ORD00181,2025-10-16,C0399,Sachini Samarasinghe,Ratnapura,P014,Sneakers,Clothing,4,15000,5,3000.0,Credit Card,57000.0
ORD02354,2025-10-16,C0485,Nethmi Silva,Kurunegala,P022,Pen Set,Stationery,1,1200,5,60.0,Credit Card,1140.0
ORD00038,2025-10-16,C0310,Isuru Jayasinghe,Jaffna,P022,Pen Set,Stationery,2,1200,5,120.0,Online Payment,2280.0
ORD02481,2025-10-16,C0485,Sachini Wijesinghe,Kandy,P020,Microwave Oven,Home Appliances,1,48000,0,0.0,Credit Card,48000.0
ORD02684,2025-10-16,C0435,Isuru Fernando,Batticaloa,P018,Blender,Home Appliances,3,14000,0,0.0,Debit Card,42000.0
ORD01190,2025-10-16,C0183,Kasun Karunaratne,Kurunegala,P004,Wireless Headphones,Electronics,1,18000,0,0.0,Cash,18000.0
ORD02319,2025-10-16,C0459,Sanduni Rathnayake,Kurunegala,P025,Desk Organizer,Stationery,3,1800,15,810.0,Debit Card,4590.0
ORD01571,2025-10-17,C0295,Sanduni Fernando,Kandy,P019,Rice Cooker,Home Appliances,1,18000,0,0.0,Credit Card,18000.0
ORD01689,2025-10-17,C0352,Dinithi Gunawardena,Anuradhapura,P024,File Folder,Stationery,1,650,15,97.5,Debit Card,552.5
ORD00538,2025-10-18,C0307,Piumi Gunawardena,Negombo,P007,Office Desk,Furniture,1,55000,0,0.0,Cash,55000.0
ORD02075,2025-10-18,C0178,Nethmi Samarasinghe,Ratnapura,P015,Backpack,Clothing,4,6500,0,0.0,Online Payment,26000.0
ORD00842,2025-10-19,C0165,Nimal Perera,Batticaloa,P002,Smartphone,Electronics,1,95000,10,9500.0,Debit Card,85500.0
ORD01907,2025-10-19,C0171,Amal Gunawardena,Batticaloa,P021,Notebook,Stationery,4,800,0,0.0,Online Payment,3200.0
ORD00895,2025-10-19,C0349,Dinesh Gunawardena,Kurunegala,P019,Rice Cooker,Home Appliances,4,18000,0,0.0,Debit Card,72000.0
ORD00248,2025-10-19,C0233,Piumi Samarasinghe,Anuradhapura,P005,Smart Watch,Electronics,3,25000,15,11250.0,Debit Card,63750.0
ORD01242,2025-10-19,C0433,Tharushi Wijesinghe,Batticaloa,P004,Wireless Headphones,Electronics,5,18000,0,0.0,Cash,90000.0
ORD01931,2025-10-19,C0168,Chamod Fernando,Galle,P017,Electric Kettle,Home Appliances,2,8500,0,0.0,Debit Card,17000.0
ORD00619,2025-10-19,C0306,Amal Samarasinghe,Galle,P010,Computer Table,Furniture,1,42000,5,2100.0,Credit Card,39900.0
ORD02029,2025-10-20,C0294,Chamod Perera,Anuradhapura,P009,Dining Table,Furniture,2,85000,0,0.0,Online Payment,170000.0
ORD02439,2025-10-20,C0033,Nethmi Wijesinghe,Jaffna,P002,Smartphone,Electronics,1,95000,10,9500.0,Cash,85500.0
ORD02231,2025-10-20,C0395,Piumi Karunaratne,Anuradhapura,P022,Pen Set,Stationery,4,1200,0,0.0,Online Payment,4800.0
ORD01161,2025-10-20,C0242,Sahan Karunaratne,Kandy,P014,Sneakers,Clothing,1,15000,15,2250.0,Debit Card,12750.0
ORD02427,2025-10-21,C0323,Tharushi Jayasinghe,Kurunegala,P016,Coffee Maker,Home Appliances,3,22000,0,0.0,Credit Card,66000.0
ORD01519,2025-10-21,C0423,Nethmi Silva,Galle,P013,Jacket,Clothing,1,12000,10,1200.0,Online Payment,10800.0
ORD00721,2025-10-21,C0249,Kasun Silva,Ratnapura,P003,Tablet,Electronics,3,65000,5,9750.0,Debit Card,185250.0
ORD01782,2025-10-21,C0187,Kasun Karunaratne,Kurunegala,P015,Backpack,Clothing,3,6500,0,0.0,Debit Card,19500.0
ORD00124,2025-10-21,C0398,Ravindu Karunaratne,Kurunegala,P008,Bookshelf,Furniture,2,28000,5,2800.0,Credit Card,53200.0
ORD00262,2025-10-21,C0210,Chamod Silva,Matara,P012,Jeans,Clothing,5,7500,10,3750.0,Online Payment,33750.0
ORD01298,2025-10-22,C0362,Dinithi Wijesinghe,Colombo,P004,Wireless Headphones,Electronics,1,18000,15,2700.0,Debit Card,15300.0
ORD00556,2025-10-22,C0048,Sachini Jayasinghe,Kandy,P018,Blender,Home Appliances,4,14000,15,8400.0,Debit Card,47600.0
ORD02919,2025-10-22,C0044,Nimal Rathnayake,Negombo,P024,File Folder,Stationery,1,650,15,97.5,Debit Card,552.5
ORD01403,2025-10-22,C0141,Ayesha Rathnayake,Jaffna,P006,Office Chair,Furniture,1,35000,5,1750.0,Cash,33250.0
ORD00672,2025-10-22,C0219,Dinithi Jayasinghe,Negombo,P017,Electric Kettle,Home Appliances,2,8500,10,1700.0,Credit Card,15300.0
ORD01473,2025-10-23,C0107,Sanduni Samarasinghe,Ratnapura,P024,File Folder,Stationery,3,650,0,0.0,Credit Card,1950.0
ORD02714,2025-10-23,C0138,Piumi Gunawardena,Batticaloa,P018,Blender,Home Appliances,1,14000,10,1400.0,Credit Card,12600.0
ORD00801,2025-10-23,C0084,Tharushi Gunawardena,Galle,P019,Rice Cooker,Home Appliances,2,18000,0,0.0,Credit Card,36000.0
ORD01310,2025-10-23,C0057,Amal Rathnayake,Galle,P015,Backpack,Clothing,2,6500,5,650.0,Credit Card,12350.0
ORD02929,2025-10-23,C0288,Sanduni Bandara,Negombo,P001,Laptop,Electronics,1,180000,0,0.0,Credit Card,180000.0
ORD00728,2025-10-23,C0475,Nethmi Gunawardena,Kurunegala,P017,Electric Kettle,Home Appliances,2,8500,0,0.0,Cash,17000.0
ORD02636,2025-10-23,C0496,Amal Silva,Matara,P005,Smart Watch,Electronics,1,25000,10,2500.0,Cash,22500.0
ORD00188,2025-10-23,C0122,Kavindu Fernando,Colombo,P008,Bookshelf,Furniture,1,28000,15,4200.0,Cash,23800.0
ORD00628,2025-10-24,C0403,Sachini Silva,Galle,P011,T-Shirt,Clothing,1,4500,0,0.0,Online Payment,4500.0
ORD00007,2025-10-24,C0041,Ravindu Fernando,Matara,P009,Dining Table,Furniture,1,85000,10,8500.0,Credit Card,76500.0
ORD00811,2025-10-24,C0150,Hiruni Fernando,Ratnapura,P007,Office Desk,Furniture,3,55000,0,0.0,Cash,165000.0
ORD01418,2025-10-25,C0138,Hiruni Bandara,Matara,P002,Smartphone,Electronics,2,95000,10,19000.0,Debit Card,171000.0
ORD01430,2025-10-26,C0220,Kasun Bandara,Matara,P018,Blender,Home Appliances,1,14000,5,700.0,Credit Card,13300.0
ORD01829,2025-10-26,C0327,Ravindu Bandara,Batticaloa,P021,Notebook,Stationery,3,800,0,0.0,Online Payment,2400.0
ORD00190,2025-10-26,C0220,Amal Karunaratne,Kurunegala,P008,Bookshelf,Furniture,2,28000,0,0.0,Cash,56000.0
ORD02450,2025-10-27,C0027,Dilini Perera,Anuradhapura,P024,File Folder,Stationery,1,650,5,32.5,Online Payment,617.5
ORD01360,2025-10-27,C0067,Dinithi Gunawardena,Anuradhapura,P022,Pen Set,Stationery,1,1200,0,0.0,Cash,1200.0
ORD01915,2025-10-27,C0344,Sahan Gunawardena,Galle,P014,Sneakers,Clothing,1,15000,0,0.0,Debit Card,15000.0
ORD02420,2025-10-27,C0382,Ravindu Wijesinghe,Negombo,P003,Tablet,Electronics,3,65000,5,9750.0,Cash,185250.0
ORD02519,2025-10-27,C0050,Piumi Wijesinghe,Batticaloa,P007,Office Desk,Furniture,3,55000,5,8250.0,Online Payment,156750.0
ORD02775,2025-10-27,C0093,Dinithi Perera,Negombo,P014,Sneakers,Clothing,3,15000,15,6750.0,Debit Card,38250.0
ORD02047,2025-10-28,C0323,Dinithi Fernando,Kurunegala,P002,Smartphone,Electronics,1,95000,0,0.0,Credit Card,95000.0
ORD01636,2025-10-28,C0315,Hasini Fernando,Kurunegala,P008,Bookshelf,Furniture,1,28000,0,0.0,Credit Card,28000.0
ORD00195,2025-10-28,C0104,Nimal Bandara,Colombo,P011,T-Shirt,Clothing,4,4500,10,1800.0,Online Payment,16200.0
ORD02139,2025-10-28,C0293,Isuru Gunawardena,Matara,P011,T-Shirt,Clothing,1,4500,0,0.0,Credit Card,4500.0
ORD02283,2025-10-28,C0117,Tharindu Karunaratne,Ratnapura,P015,Backpack,Clothing,1,6500,5,325.0,Online Payment,6175.0
ORD01525,2025-10-28,C0034,Amal Bandara,Batticaloa,P015,Backpack,Clothing,1,6500,15,975.0,Credit Card,5525.0
ORD00015,2025-10-28,C0223,Chamod Rathnayake,Colombo,P024,File Folder,Stationery,3,650,5,97.5,Credit Card,1852.5
ORD02059,2025-10-29,C0262,Nimal Fernando,Matara,P009,Dining Table,Furniture,1,85000,0,0.0,Credit Card,85000.0
ORD01383,2025-10-29,C0319,Amal Silva,Kurunegala,P002,Smartphone,Electronics,1,95000,0,0.0,Cash,95000.0
ORD02084,2025-10-29,C0096,Ravindu Silva,Ratnapura,P024,File Folder,Stationery,2,650,5,65.0,Online Payment,1235.0
ORD02332,2025-10-29,C0275,Tharindu Bandara,Galle,P022,Pen Set,Stationery,4,1200,0,0.0,Debit Card,4800.0
ORD01533,2025-10-30,C0353,Nethmi Jayasinghe,Anuradhapura,P023,Calculator,Stationery,1,2500,5,125.0,Cash,2375.0
ORD00255,2025-10-30,C0189,Dinithi Bandara,Jaffna,P005,Smart Watch,Electronics,1,25000,15,3750.0,Debit Card,21250.0
ORD01220,2025-10-30,C0083,Kasun Wijesinghe,Batticaloa,P012,Jeans,Clothing,1,7500,0,0.0,Credit Card,7500.0
ORD02251,2025-10-30,C0097,Dilini Gunawardena,Kandy,P010,Computer Table,Furniture,1,42000,5,2100.0,Debit Card,39900.0
ORD02350,2025-10-30,C0496,Tharindu Wijesinghe,Jaffna,P014,Sneakers,Clothing,2,15000,10,3000.0,Debit Card,27000.0
ORD01749,2025-10-30,C0376,Nimal Bandara,Ratnapura,P017,Electric Kettle,Home Appliances,1,8500,10,850.0,Online Payment,7650.0
ORD00386,2025-10-30,C0256,Tharushi Samarasinghe,Anuradhapura,P002,Smartphone,Electronics,1,95000,10,9500.0,Credit Card,85500.0
ORD00126,2025-10-30,C0168,Tharushi Silva,Jaffna,P005,Smart Watch,Electronics,3,25000,10,7500.0,Debit Card,67500.0
ORD00299,2025-10-30,C0409,Ravindu Fernando,Kandy,P009,Dining Table,Furniture,1,85000,0,0.0,Online Payment,85000.0
ORD00317,2025-10-30,C0213,Kasun Fernando,Galle,P012,Jeans,Clothing,1,7500,15,1125.0,Credit Card,6375.0
ORD02816,2025-10-31,C0427,Kavindu Samarasinghe,Kurunegala,P025,Desk Organizer,Stationery,4,1800,0,0.0,Online Payment,7200.0
ORD02482,2025-10-31,C0338,Chamod Fernando,Batticaloa,P005,Smart Watch,Electronics,2,25000,10,5000.0,Credit Card,45000.0
ORD00777,2025-10-31,C0219,Sahan Karunaratne,Ratnapura,P019,Rice Cooker,Home Appliances,3,18000,0,0.0,Debit Card,54000.0
ORD01499,2025-10-31,C0393,Amal Samarasinghe,Negombo,P006,Office Chair,Furniture,1,35000,10,3500.0,Cash,31500.0
ORD02911,2025-11-01,C0254,Kasun Karunaratne,Batticaloa,P017,Electric Kettle,Home Appliances,1,8500,0,0.0,Online Payment,8500.0
ORD01997,2025-11-01,C0082,Amal Bandara,Matara,P025,Desk Organizer,Stationery,2,1800,10,360.0,Online Payment,3240.0
ORD01037,2025-11-01,C0201,Dinithi Silva,Matara,P008,Bookshelf,Furniture,1,28000,10,2800.0,Online Payment,25200.0
ORD00408,2025-11-01,C0122,Dinesh Perera,Matara,P019,Rice Cooker,Home Appliances,2,18000,15,5400.0,Credit Card,30600.0
ORD01233,2025-11-01,C0085,Isuru Jayasinghe,Matara,P016,Coffee Maker,Home Appliances,1,22000,0,0.0,Online Payment,22000.0
ORD00325,2025-11-01,C0471,Dinithi Karunaratne,Kandy,P022,Pen Set,Stationery,1,1200,0,0.0,Credit Card,1200.0
ORD02814,2025-11-02,C0022,Nethmi Perera,Jaffna,P001,Laptop,Electronics,2,180000,0,0.0,Cash,360000.0
ORD00436,2025-11-02,C0097,Tharindu Samarasinghe,Jaffna,P002,Smartphone,Electronics,3,95000,10,28500.0,Debit Card,256500.0
ORD02596,2025-11-02,C0407,Tharindu Silva,Negombo,P001,Laptop,Electronics,1,180000,5,9000.0,Credit Card,171000.0
ORD02291,2025-11-02,C0208,Tharindu Samarasinghe,Colombo,P011,T-Shirt,Clothing,1,4500,15,675.0,Online Payment,3825.0
ORD02823,2025-11-02,C0084,Dilini Bandara,Matara,P020,Microwave Oven,Home Appliances,1,48000,0,0.0,Credit Card,48000.0
ORD02341,2025-11-02,C0194,Dinithi Perera,Galle,P019,Rice Cooker,Home Appliances,2,18000,5,1800.0,Cash,34200.0
ORD00295,2025-11-03,C0084,Hasini Bandara,Batticaloa,P013,Jacket,Clothing,2,12000,10,2400.0,Online Payment,21600.0
ORD02749,2025-11-03,C0122,Nimal Samarasinghe,Anuradhapura,P016,Coffee Maker,Home Appliances,4,22000,15,13200.0,Credit Card,74800.0
ORD02953,2025-11-03,C0261,Amal Karunaratne,Kurunegala,P016,Coffee Maker,Home Appliances,2,22000,5,2200.0,Debit Card,41800.0
ORD02555,2025-11-03,C0271,Piumi Bandara,Batticaloa,P015,Backpack,Clothing,3,6500,15,2925.0,Cash,16575.0
ORD02183,2025-11-03,C0305,Sachini Fernando,Kandy,P006,Office Chair,Furniture,2,35000,15,10500.0,Debit Card,59500.0
ORD01142,2025-11-03,C0248,Kavindu Wijesinghe,Jaffna,P001,Laptop,Electronics,2,180000,10,36000.0,Credit Card,324000.0
ORD01863,2025-11-03,C0192,Amal Jayasinghe,Anuradhapura,P007,Office Desk,Furniture,3,55000,5,8250.0,Online Payment,156750.0
ORD02418,2025-11-03,C0121,Kasun Jayasinghe,Batticaloa,P010,Computer Table,Furniture,4,42000,10,16800.0,Online Payment,151200.0
ORD01929,2025-11-04,C0341,Tharindu Wijesinghe,Matara,P005,Smart Watch,Electronics,1,25000,10,2500.0,Cash,22500.0
ORD00569,2025-11-04,C0129,Piumi Karunaratne,Colombo,P013,Jacket,Clothing,1,12000,0,0.0,Cash,12000.0
ORD00290,2025-11-04,C0351,Kasun Perera,Kandy,P013,Jacket,Clothing,1,12000,15,1800.0,Cash,10200.0
ORD01555,2025-11-04,C0475,Dinithi Bandara,Batticaloa,P022,Pen Set,Stationery,1,1200,0,0.0,Credit Card,1200.0
ORD02760,2025-11-04,C0229,Chamod Samarasinghe,Matara,P007,Office Desk,Furniture,2,55000,5,5500.0,Credit Card,104500.0
ORD01692,2025-11-04,C0074,Nimal Rathnayake,Matara,P023,Calculator,Stationery,3,2500,5,375.0,Online Payment,7125.0
ORD00273,2025-11-04,C0440,Tharindu Rathnayake,Colombo,P018,Blender,Home Appliances,1,14000,10,1400.0,Credit Card,12600.0
ORD01731,2025-11-04,C0391,Ayesha Jayasinghe,Ratnapura,P024,File Folder,Stationery,1,650,0,0.0,Cash,650.0
ORD02931,2025-11-04,C0089,Chamod Jayasinghe,Matara,P023,Calculator,Stationery,1,2500,15,375.0,Cash,2125.0
ORD01881,2025-11-04,C0411,Sahan Fernando,Galle,P018,Blender,Home Appliances,1,14000,5,700.0,Credit Card,13300.0
ORD00353,2025-11-05,C0106,Hiruni Karunaratne,Ratnapura,P007,Office Desk,Furniture,2,55000,5,5500.0,Cash,104500.0
ORD01192,2025-11-05,C0320,Kavindu Jayasinghe,Kandy,P009,Dining Table,Furniture,4,85000,10,34000.0,Debit Card,306000.0
ORD00270,2025-11-06,C0449,Tharindu Samarasinghe,Jaffna,P014,Sneakers,Clothing,1,15000,0,0.0,Credit Card,15000.0
ORD00253,2025-11-06,C0299,Hasini Perera,Negombo,P021,Notebook,Stationery,1,800,5,40.0,Cash,760.0
ORD01429,2025-11-06,C0141,Nethmi Bandara,Kandy,P009,Dining Table,Furniture,4,85000,15,51000.0,Online Payment,289000.0
ORD02464,2025-11-06,C0227,Amal Wijesinghe,Ratnapura,P017,Electric Kettle,Home Appliances,1,8500,10,850.0,Cash,7650.0
ORD01311,2025-11-07,C0250,Kavindu Fernando,Negombo,P001,Laptop,Electronics,1,180000,5,9000.0,Debit Card,171000.0
ORD00802,2025-11-07,C0244,Hiruni Jayasinghe,Kandy,P019,Rice Cooker,Home Appliances,3,18000,0,0.0,Cash,54000.0
ORD01336,2025-11-07,C0473,Sachini Fernando,Anuradhapura,P013,Jacket,Clothing,4,12000,0,0.0,Debit Card,48000.0
ORD02133,2025-11-07,C0102,Ayesha Wijesinghe,Ratnapura,P007,Office Desk,Furniture,1,55000,5,2750.0,Cash,52250.0
ORD00951,2025-11-07,C0151,Ayesha Perera,Galle,P005,Smart Watch,Electronics,3,25000,10,7500.0,Cash,67500.0
ORD01172,2025-11-07,C0437,Ravindu Wijesinghe,Negombo,P018,Blender,Home Appliances,1,14000,5,700.0,Cash,13300.0
ORD00836,2025-11-07,C0319,Dinithi Fernando,Kandy,P022,Pen Set,Stationery,3,1200,15,540.0,Online Payment,3060.0
ORD00788,2025-11-08,C0291,Tharindu Wijesinghe,Galle,P009,Dining Table,Furniture,1,85000,10,8500.0,Debit Card,76500.0
ORD01796,2025-11-08,C0220,Dinithi Karunaratne,Anuradhapura,P021,Notebook,Stationery,2,800,0,0.0,Online Payment,1600.0
ORD01143,2025-11-09,C0476,Hiruni Perera,Anuradhapura,P020,Microwave Oven,Home Appliances,3,48000,0,0.0,Debit Card,144000.0
ORD00626,2025-11-09,C0269,Nimal Jayasinghe,Ratnapura,P019,Rice Cooker,Home Appliances,1,18000,5,900.0,Credit Card,17100.0
ORD00873,2025-11-09,C0161,Hasini Fernando,Kandy,P006,Office Chair,Furniture,1,35000,0,0.0,Online Payment,35000.0
ORD00326,2025-11-09,C0060,Chamod Jayasinghe,Galle,P017,Electric Kettle,Home Appliances,1,8500,0,0.0,Online Payment,8500.0
ORD00845,2025-11-09,C0059,Sanduni Silva,Colombo,P018,Blender,Home Appliances,1,14000,15,2100.0,Online Payment,11900.0
ORD00952,2025-11-09,C0456,Kavindu Bandara,Galle,P024,File Folder,Stationery,1,650,0,0.0,Debit Card,650.0
ORD02411,2025-11-10,C0159,Piumi Gunawardena,Anuradhapura,P013,Jacket,Clothing,1,12000,15,1800.0,Online Payment,10200.0
ORD00200,2025-11-10,C0229,Dinithi Gunawardena,Galle,P023,Calculator,Stationery,1,2500,15,375.0,Cash,2125.0
ORD02607,2025-11-10,C0126,Tharushi Perera,Galle,P008,Bookshelf,Furniture,3,28000,5,4200.0,Credit Card,79800.0
ORD01631,2025-11-10,C0052,Kasun Gunawardena,Kurunegala,P020,Microwave Oven,Home Appliances,1,48000,0,0.0,Online Payment,48000.0
ORD02361,2025-11-10,C0261,Kasun Jayasinghe,Galle,P025,Desk Organizer,Stationery,1,1800,0,0.0,Debit Card,1800.0
ORD01713,2025-11-10,C0135,Nethmi Gunawardena,Kurunegala,P002,Smartphone,Electronics,1,95000,15,14250.0,Cash,80750.0
ORD00018,2025-11-11,C0123,Nimal Bandara,Batticaloa,P003,Tablet,Electronics,1,65000,15,9750.0,Cash,55250.0
ORD01535,2025-11-11,C0484,Chamod Karunaratne,Negombo,P016,Coffee Maker,Home Appliances,2,22000,5,2200.0,Credit Card,41800.0
ORD02058,2025-11-11,C0136,Hasini Perera,Galle,P019,Rice Cooker,Home Appliances,1,18000,0,0.0,Online Payment,18000.0
ORD01606,2025-11-11,C0232,Tharushi Samarasinghe,Kandy,P017,Electric Kettle,Home Appliances,1,8500,5,425.0,Credit Card,8075.0
ORD02655,2025-11-11,C0028,Kavindu Gunawardena,Matara,P018,Blender,Home Appliances,1,14000,0,0.0,Credit Card,14000.0
ORD00542,2025-11-11,C0296,Dilini Gunawardena,Galle,P022,Pen Set,Stationery,1,1200,5,60.0,Online Payment,1140.0
ORD01186,2025-11-11,C0170,Ayesha Silva,Jaffna,P002,Smartphone,Electronics,2,95000,5,9500.0,Cash,180500.0
ORD00800,2025-11-12,C0229,Piumi Fernando,Jaffna,P024,File Folder,Stationery,3,650,10,195.0,Online Payment,1755.0
ORD00260,2025-11-12,C0371,Amal Gunawardena,Negombo,P001,Laptop,Electronics,2,180000,0,0.0,Cash,360000.0
ORD00703,2025-11-12,C0490,Sachini Fernando,Batticaloa,P004,Wireless Headphones,Electronics,2,18000,10,3600.0,Debit Card,32400.0
ORD02648,2025-11-13,C0252,Tharindu Wijesinghe,Jaffna,P012,Jeans,Clothing,2,7500,10,1500.0,Cash,13500.0
ORD01482,2025-11-13,C0406,Tharindu Jayasinghe,Anuradhapura,P013,Jacket,Clothing,1,12000,0,0.0,Credit Card,12000.0
ORD02479,2025-11-13,C0157,Tharindu Perera,Colombo,P013,Jacket,Clothing,1,12000,15,1800.0,Online Payment,10200.0
ORD02412,2025-11-13,C0454,Kasun Gunawardena,Jaffna,P013,Jacket,Clothing,3,12000,10,3600.0,Cash,32400.0
ORD00359,2025-11-14,C0358,Tharushi Bandara,Colombo,P008,Bookshelf,Furniture,1,28000,10,2800.0,Cash,25200.0
ORD01801,2025-11-14,C0283,Nethmi Bandara,Batticaloa,P014,Sneakers,Clothing,1,15000,0,0.0,Cash,15000.0
ORD02849,2025-11-14,C0127,Kavindu Rathnayake,Negombo,P004,Wireless Headphones,Electronics,2,18000,10,3600.0,Credit Card,32400.0
ORD00072,2025-11-15,C0056,Hasini Perera,Negombo,P019,Rice Cooker,Home Appliances,2,18000,10,3600.0,Online Payment,32400.0
ORD00426,2025-11-15,C0364,Hiruni Gunawardena,Galle,P025,Desk Organizer,Stationery,3,1800,0,0.0,Credit Card,5400.0
ORD00687,2025-11-15,C0478,Nimal Karunaratne,Kandy,P011,T-Shirt,Clothing,1,4500,0,0.0,Cash,4500.0
ORD02863,2025-11-15,C0164,Kavindu Fernando,Ratnapura,P009,Dining Table,Furniture,5,85000,5,21250.0,Credit Card,403750.0
ORD02986,2025-11-15,C0033,Kavindu Rathnayake,Colombo,P021,Notebook,Stationery,4,800,0,0.0,Credit Card,3200.0
ORD00840,2025-11-16,C0367,Sachini Rathnayake,Kandy,P019,Rice Cooker,Home Appliances,2,18000,15,5400.0,Online Payment,30600.0
ORD02562,2025-11-17,C0382,Hiruni Samarasinghe,Colombo,P025,Desk Organizer,Stationery,2,1800,0,0.0,Debit Card,3600.0
ORD02529,2025-11-17,C0004,Ayesha Fernando,Galle,P010,Computer Table,Furniture,1,42000,10,4200.0,Credit Card,37800.0
ORD01834,2025-11-17,C0062,Tharindu Silva,Kandy,P012,Jeans,Clothing,3,7500,0,0.0,Cash,22500.0
ORD02314,2025-11-17,C0131,Tharindu Gunawardena,Galle,P010,Computer Table,Furniture,1,42000,5,2100.0,Credit Card,39900.0
ORD01742,2025-11-17,C0325,Ayesha Wijesinghe,Ratnapura,P011,T-Shirt,Clothing,2,4500,10,900.0,Credit Card,8100.0
ORD00237,2025-11-18,C0490,Chamod Rathnayake,Ratnapura,P011,T-Shirt,Clothing,2,4500,5,450.0,Online Payment,8550.0
ORD00308,2025-11-18,C0091,Sachini Jayasinghe,Negombo,P024,File Folder,Stationery,2,650,15,195.0,Credit Card,1105.0
ORD00575,2025-11-18,C0163,Kavindu Wijesinghe,Batticaloa,P021,Notebook,Stationery,1,800,15,120.0,Debit Card,680.0
ORD02970,2025-11-18,C0161,Isuru Karunaratne,Ratnapura,P003,Tablet,Electronics,5,65000,0,0.0,Online Payment,325000.0
ORD02169,2025-11-19,C0128,Kasun Jayasinghe,Galle,P002,Smartphone,Electronics,1,95000,0,0.0,Debit Card,95000.0
ORD00620,2025-11-19,C0012,Sahan Samarasinghe,Ratnapura,P018,Blender,Home Appliances,2,14000,0,0.0,Cash,28000.0
ORD02799,2025-11-19,C0409,Sanduni Perera,Negombo,P019,Rice Cooker,Home Appliances,1,18000,0,0.0,Online Payment,18000.0
ORD01558,2025-11-19,C0231,Kavindu Gunawardena,Batticaloa,P013,Jacket,Clothing,3,12000,0,0.0,Online Payment,36000.0
ORD02243,2025-11-19,C0247,Hasini Silva,Anuradhapura,P004,Wireless Headphones,Electronics,1,18000,15,2700.0,Credit Card,15300.0
ORD02280,2025-11-19,C0096,Tharushi Fernando,Colombo,P024,File Folder,Stationery,1,650,15,97.5,Cash,552.5
ORD00555,2025-11-20,C0212,Dilini Samarasinghe,Ratnapura,P001,Laptop,Electronics,2,180000,5,18000.0,Credit Card,342000.0
ORD01701,2025-11-20,C0313,Dinithi Samarasinghe,Colombo,P022,Pen Set,Stationery,1,1200,0,0.0,Cash,1200.0
ORD00444,2025-11-20,C0442,Chamod Fernando,Anuradhapura,P011,T-Shirt,Clothing,2,4500,0,0.0,Debit Card,9000.0
ORD02561,2025-11-20,C0076,Piumi Gunawardena,Matara,P019,Rice Cooker,Home Appliances,1,18000,10,1800.0,Cash,16200.0
ORD00503,2025-11-20,C0009,Sachini Fernando,Ratnapura,P001,Laptop,Electronics,2,180000,0,0.0,Cash,360000.0
ORD00706,2025-11-21,C0154,Hasini Wijesinghe,Matara,P023,Calculator,Stationery,5,2500,10,1250.0,Cash,11250.0
ORD01928,2025-11-21,C0126,Kavindu Samarasinghe,Matara,P010,Computer Table,Furniture,1,42000,0,0.0,Cash,42000.0
ORD00212,2025-11-21,C0329,Kasun Rathnayake,Anuradhapura,P022,Pen Set,Stationery,2,1200,0,0.0,Credit Card,2400.0
ORD00300,2025-11-21,C0185,Dinesh Fernando,Colombo,P010,Computer Table,Furniture,1,42000,5,2100.0,Cash,39900.0
ORD02105,2025-11-21,C0036,Isuru Perera,Kurunegala,P011,T-Shirt,Clothing,1,4500,5,225.0,Online Payment,4275.0
ORD01463,2025-11-21,C0460,Chamod Karunaratne,Kurunegala,P017,Electric Kettle,Home Appliances,1,8500,10,850.0,Online Payment,7650.0
ORD00648,2025-11-22,C0430,Tharindu Perera,Kurunegala,P014,Sneakers,Clothing,4,15000,5,3000.0,Online Payment,57000.0
ORD00111,2025-11-22,C0382,Ayesha Gunawardena,Matara,P022,Pen Set,Stationery,3,1200,0,0.0,Online Payment,3600.0
ORD02952,2025-11-22,C0469,Nimal Rathnayake,Jaffna,P012,Jeans,Clothing,3,7500,10,2250.0,Online Payment,20250.0
ORD01419,2025-11-22,C0211,Sachini Rathnayake,Matara,P013,Jacket,Clothing,1,12000,0,0.0,Debit Card,12000.0
ORD02200,2025-11-22,C0333,Nimal Bandara,Negombo,P009,Dining Table,Furniture,1,85000,10,8500.0,Online Payment,76500.0
ORD02630,2025-11-22,C0048,Dinithi Samarasinghe,Kurunegala,P023,Calculator,Stationery,1,2500,0,0.0,Debit Card,2500.0
ORD01273,2025-11-22,C0417,Sanduni Bandara,Jaffna,P002,Smartphone,Electronics,3,95000,15,42750.0,Cash,242250.0
ORD01518,2025-11-22,C0258,Piumi Samarasinghe,Matara,P008,Bookshelf,Furniture,3,28000,15,12600.0,Online Payment,71400.0
ORD00220,2025-11-23,C0376,Dilini Gunawardena,Galle,P025,Desk Organizer,Stationery,1,1800,0,0.0,Debit Card,1800.0
ORD02992,2025-11-23,C0246,Isuru Rathnayake,Ratnapura,P022,Pen Set,Stationery,1,1200,0,0.0,Debit Card,1200.0
ORD02888,2025-11-23,C0147,Piumi Karunaratne,Negombo,P023,Calculator,Stationery,1,2500,10,250.0,Credit Card,2250.0
ORD02252,2025-11-23,C0333,Ravindu Fernando,Batticaloa,P017,Electric Kettle,Home Appliances,3,8500,15,3825.0,Debit Card,21675.0
ORD01363,2025-11-23,C0358,Piumi Samarasinghe,Kandy,P002,Smartphone,Electronics,1,95000,10,9500.0,Online Payment,85500.0
ORD02960,2025-11-24,C0403,Hiruni Gunawardena,Ratnapura,P009,Dining Table,Furniture,1,85000,10,8500.0,Credit Card,76500.0
ORD01160,2025-11-24,C0459,Nimal Silva,Colombo,P001,Laptop,Electronics,1,180000,10,18000.0,Credit Card,162000.0
ORD00208,2025-11-24,C0342,Dilini Fernando,Ratnapura,P018,Blender,Home Appliances,1,14000,5,700.0,Credit Card,13300.0
ORD01748,2025-11-24,C0249,Sanduni Karunaratne,Ratnapura,P007,Office Desk,Furniture,3,55000,5,8250.0,Cash,156750.0
ORD00874,2025-11-24,C0232,Ayesha Silva,Negombo,P006,Office Chair,Furniture,2,35000,10,7000.0,Debit Card,63000.0
ORD00497,2025-11-25,C0196,Dinesh Gunawardena,Negombo,P018,Blender,Home Appliances,2,14000,0,0.0,Debit Card,28000.0
ORD02090,2025-11-25,C0388,Ayesha Wijesinghe,Negombo,P008,Bookshelf,Furniture,1,28000,5,1400.0,Cash,26600.0
ORD02533,2025-11-25,C0284,Sanduni Silva,Galle,P019,Rice Cooker,Home Appliances,2,18000,0,0.0,Debit Card,36000.0
ORD02022,2025-11-25,C0482,Isuru Fernando,Galle,P025,Desk Organizer,Stationery,1,1800,10,180.0,Debit Card,1620.0
ORD02241,2025-11-25,C0124,Dinithi Fernando,Galle,P018,Blender,Home Appliances,1,14000,5,700.0,Online Payment,13300.0
ORD02416,2025-11-25,C0106,Nimal Jayasinghe,Batticaloa,P015,Backpack,Clothing,2,6500,0,0.0,Debit Card,13000.0
ORD02756,2025-11-25,C0359,Tharushi Rathnayake,Galle,P013,Jacket,Clothing,3,12000,0,0.0,Debit Card,36000.0
ORD02198,2025-11-25,C0285,Hiruni Fernando,Matara,P011,T-Shirt,Clothing,3,4500,0,0.0,Credit Card,13500.0
ORD01568,2025-11-25,C0240,Ravindu Rathnayake,Kurunegala,P011,T-Shirt,Clothing,1,4500,5,225.0,Debit Card,4275.0
ORD02682,2025-11-26,C0029,Dinesh Gunawardena,Negombo,P005,Smart Watch,Electronics,1,25000,0,0.0,Online Payment,25000.0
ORD00338,2025-11-26,C0425,Ravindu Gunawardena,Anuradhapura,P005,Smart Watch,Electronics,2,25000,5,2500.0,Online Payment,47500.0
ORD01981,2025-11-26,C0236,Chamod Wijesinghe,Kurunegala,P001,Laptop,Electronics,1,180000,0,0.0,Cash,180000.0
ORD00110,2025-11-26,C0446,Isuru Bandara,Batticaloa,P013,Jacket,Clothing,1,12000,10,1200.0,Cash,10800.0
ORD01745,2025-11-26,C0042,Hiruni Rathnayake,Anuradhapura,P020,Microwave Oven,Home Appliances,4,48000,5,9600.0,Cash,182400.0
ORD01401,2025-11-27,C0197,Sanduni Silva,Galle,P002,Smartphone,Electronics,3,95000,5,14250.0,Online Payment,270750.0
ORD01269,2025-11-27,C0220,Chamod Jayasinghe,Jaffna,P003,Tablet,Electronics,1,65000,10,6500.0,Debit Card,58500.0
ORD01633,2025-11-27,C0009,Dinesh Bandara,Batticaloa,P010,Computer Table,Furniture,4,42000,5,8400.0,Credit Card,159600.0
ORD00097,2025-11-27,C0310,Sahan Perera,Kandy,P008,Bookshelf,Furniture,4,28000,0,0.0,Debit Card,112000.0
ORD00214,2025-11-27,C0479,Ravindu Jayasinghe,Ratnapura,P010,Computer Table,Furniture,3,42000,5,6300.0,Credit Card,119700.0
ORD02983,2025-11-27,C0169,Sanduni Perera,Kurunegala,P015,Backpack,Clothing,2,6500,0,0.0,Debit Card,13000.0
ORD00252,2025-11-28,C0480,Ravindu Perera,Negombo,P013,Jacket,Clothing,1,12000,5,600.0,Debit Card,11400.0
ORD00736,2025-11-28,C0132,Chamod Fernando,Negombo,P025,Desk Organizer,Stationery,1,1800,10,180.0,Debit Card,1620.0
ORD00395,2025-11-28,C0031,Amal Silva,Batticaloa,P023,Calculator,Stationery,4,2500,0,0.0,Debit Card,10000.0
ORD02632,2025-11-28,C0391,Ravindu Wijesinghe,Matara,P014,Sneakers,Clothing,1,15000,10,1500.0,Online Payment,13500.0
ORD00623,2025-11-29,C0406,Ayesha Silva,Anuradhapura,P023,Calculator,Stationery,2,2500,0,0.0,Debit Card,5000.0
ORD01151,2025-11-29,C0385,Sachini Samarasinghe,Matara,P005,Smart Watch,Electronics,1,25000,0,0.0,Cash,25000.0
ORD02387,2025-11-29,C0227,Sahan Silva,Galle,P007,Office Desk,Furniture,5,55000,5,13750.0,Credit Card,261250.0
ORD01946,2025-11-29,C0211,Sachini Samarasinghe,Negombo,P015,Backpack,Clothing,2,6500,0,0.0,Credit Card,13000.0
ORD02988,2025-11-29,C0322,Sachini Samarasinghe,Batticaloa,P003,Tablet,Electronics,2,65000,15,19500.0,Online Payment,110500.0
ORD01027,2025-11-30,C0301,Amal Karunaratne,Colombo,P005,Smart Watch,Electronics,1,25000,10,2500.0,Online Payment,22500.0
ORD02689,2025-11-30,C0009,Dinesh Wijesinghe,Anuradhapura,P014,Sneakers,Clothing,1,15000,0,0.0,Online Payment,15000.0
ORD00309,2025-11-30,C0193,Sahan Gunawardena,Kurunegala,P004,Wireless Headphones,Electronics,4,18000,5,3600.0,Credit Card,68400.0
ORD02504,2025-11-30,C0115,Dinithi Wijesinghe,Matara,P021,Notebook,Stationery,2,800,15,240.0,Debit Card,1360.0
ORD02497,2025-11-30,C0363,Amal Gunawardena,Anuradhapura,P016,Coffee Maker,Home Appliances,1,22000,0,0.0,Online Payment,22000.0
ORD01656,2025-12-01,C0197,Kavindu Perera,Batticaloa,P019,Rice Cooker,Home Appliances,1,18000,0,0.0,Credit Card,18000.0
ORD00376,2025-12-01,C0163,Nethmi Wijesinghe,Jaffna,P003,Tablet,Electronics,4,65000,0,0.0,Cash,260000.0
ORD02512,2025-12-01,C0495,Chamod Fernando,Colombo,P006,Office Chair,Furniture,1,35000,15,5250.0,Cash,29750.0
ORD01487,2025-12-01,C0460,Kavindu Gunawardena,Batticaloa,P013,Jacket,Clothing,2,12000,10,2400.0,Online Payment,21600.0
ORD01452,2025-12-01,C0155,Hiruni Fernando,Jaffna,P018,Blender,Home Appliances,1,14000,10,1400.0,Online Payment,12600.0
ORD01901,2025-12-01,C0382,Tharushi Jayasinghe,Batticaloa,P023,Calculator,Stationery,1,2500,0,0.0,Debit Card,2500.0
ORD01887,2025-12-01,C0304,Sachini Fernando,Kandy,P003,Tablet,Electronics,1,65000,0,0.0,Credit Card,65000.0
ORD00068,2025-12-01,C0173,Sachini Wijesinghe,Matara,P009,Dining Table,Furniture,3,85000,15,38250.0,Cash,216750.0
ORD01043,2025-12-01,C0344,Nethmi Rathnayake,Anuradhapura,P003,Tablet,Electronics,1,65000,5,3250.0,Online Payment,61750.0
ORD00944,2025-12-02,C0265,Hasini Bandara,Kurunegala,P015,Backpack,Clothing,1,6500,10,650.0,Online Payment,5850.0
ORD01579,2025-12-02,C0446,Sanduni Bandara,Jaffna,P007,Office Desk,Furniture,1,55000,10,5500.0,Debit Card,49500.0
ORD01599,2025-12-02,C0217,Dilini Silva,Batticaloa,P024,File Folder,Stationery,4,650,0,0.0,Online Payment,2600.0
ORD02313,2025-12-02,C0005,Isuru Silva,Kurunegala,P001,Laptop,Electronics,1,180000,5,9000.0,Online Payment,171000.0
ORD02210,2025-12-02,C0191,Dinithi Perera,Matara,P016,Coffee Maker,Home Appliances,1,22000,0,0.0,Debit Card,22000.0
ORD00369,2025-12-02,C0045,Piumi Rathnayake,Colombo,P012,Jeans,Clothing,1,7500,5,375.0,Credit Card,7125.0
ORD02940,2025-12-02,C0385,Dilini Rathnayake,Kurunegala,P004,Wireless Headphones,Electronics,5,18000,0,0.0,Debit Card,90000.0
ORD02407,2025-12-03,C0159,Isuru Perera,Ratnapura,P022,Pen Set,Stationery,2,1200,10,240.0,Credit Card,2160.0
ORD01510,2025-12-03,C0278,Sachini Rathnayake,Ratnapura,P001,Laptop,Electronics,1,180000,10,18000.0,Debit Card,162000.0
ORD01388,2025-12-03,C0125,Dilini Bandara,Anuradhapura,P011,T-Shirt,Clothing,2,4500,0,0.0,Credit Card,9000.0
ORD01059,2025-12-03,C0069,Sahan Jayasinghe,Colombo,P017,Electric Kettle,Home Appliances,3,8500,10,2550.0,Debit Card,22950.0
ORD01914,2025-12-03,C0332,Ravindu Rathnayake,Colombo,P004,Wireless Headphones,Electronics,1,18000,5,900.0,Credit Card,17100.0
ORD02556,2025-12-03,C0385,Hasini Samarasinghe,Negombo,P009,Dining Table,Furniture,4,85000,0,0.0,Debit Card,340000.0
ORD00741,2025-12-04,C0464,Sachini Karunaratne,Colombo,P017,Electric Kettle,Home Appliances,2,8500,15,2550.0,Online Payment,14450.0
ORD00897,2025-12-04,C0497,Nimal Karunaratne,Anuradhapura,P011,T-Shirt,Clothing,4,4500,0,0.0,Credit Card,18000.0
ORD02933,2025-12-04,C0337,Piumi Wijesinghe,Kandy,P013,Jacket,Clothing,2,12000,10,2400.0,Cash,21600.0
ORD00307,2025-12-04,C0226,Sanduni Gunawardena,Batticaloa,P005,Smart Watch,Electronics,1,25000,5,1250.0,Online Payment,23750.0
ORD00697,2025-12-05,C0404,Sanduni Rathnayake,Anuradhapura,P001,Laptop,Electronics,1,180000,0,0.0,Debit Card,180000.0
ORD02443,2025-12-05,C0206,Hasini Fernando,Jaffna,P007,Office Desk,Furniture,3,55000,5,8250.0,Cash,156750.0
ORD00063,2025-12-05,C0278,Nethmi Gunawardena,Colombo,P007,Office Desk,Furniture,3,55000,10,16500.0,Cash,148500.0
ORD01449,2025-12-05,C0295,Hasini Karunaratne,Negombo,P024,File Folder,Stationery,3,650,15,292.5,Credit Card,1657.5
ORD00492,2025-12-05,C0239,Tharindu Perera,Galle,P011,T-Shirt,Clothing,2,4500,5,450.0,Online Payment,8550.0
ORD02912,2025-12-06,C0420,Sanduni Fernando,Kurunegala,P009,Dining Table,Furniture,2,85000,0,0.0,Online Payment,170000.0
ORD00441,2025-12-06,C0191,Sahan Karunaratne,Negombo,P015,Backpack,Clothing,3,6500,15,2925.0,Cash,16575.0
ORD00495,2025-12-06,C0170,Dilini Wijesinghe,Jaffna,P025,Desk Organizer,Stationery,2,1800,15,540.0,Cash,3060.0
ORD01424,2025-12-06,C0212,Isuru Samarasinghe,Jaffna,P001,Laptop,Electronics,1,180000,0,0.0,Cash,180000.0
ORD00884,2025-12-07,C0477,Ravindu Rathnayake,Kurunegala,P020,Microwave Oven,Home Appliances,4,48000,0,0.0,Cash,192000.0
ORD01714,2025-12-07,C0283,Nimal Silva,Batticaloa,P001,Laptop,Electronics,2,180000,0,0.0,Debit Card,360000.0
ORD01055,2025-12-07,C0090,Sanduni Rathnayake,Kandy,P011,T-Shirt,Clothing,1,4500,15,675.0,Online Payment,3825.0
ORD01433,2025-12-07,C0074,Kasun Fernando,Ratnapura,P006,Office Chair,Furniture,1,35000,15,5250.0,Credit Card,29750.0
ORD02739,2025-12-08,C0385,Dinithi Gunawardena,Kurunegala,P020,Microwave Oven,Home Appliances,2,48000,0,0.0,Cash,96000.0
ORD02853,2025-12-08,C0427,Dinithi Karunaratne,Batticaloa,P024,File Folder,Stationery,1,650,5,32.5,Online Payment,617.5
ORD02163,2025-12-08,C0102,Isuru Karunaratne,Matara,P006,Office Chair,Furniture,3,35000,15,15750.0,Debit Card,89250.0
ORD01305,2025-12-08,C0457,Hiruni Karunaratne,Anuradhapura,P004,Wireless Headphones,Electronics,1,18000,0,0.0,Credit Card,18000.0
ORD00677,2025-12-08,C0175,Sachini Karunaratne,Batticaloa,P001,Laptop,Electronics,3,180000,5,27000.0,Debit Card,513000.0
ORD01162,2025-12-09,C0156,Dinesh Fernando,Colombo,P022,Pen Set,Stationery,2,1200,0,0.0,Debit Card,2400.0
ORD02046,2025-12-09,C0422,Amal Perera,Kandy,P013,Jacket,Clothing,2,12000,5,1200.0,Cash,22800.0
ORD01716,2025-12-10,C0188,Hiruni Gunawardena,Matara,P023,Calculator,Stationery,1,2500,10,250.0,Debit Card,2250.0
ORD02779,2025-12-10,C0408,Isuru Samarasinghe,Matara,P019,Rice Cooker,Home Appliances,1,18000,0,0.0,Credit Card,18000.0
ORD00231,2025-12-11,C0260,Hiruni Samarasinghe,Anuradhapura,P023,Calculator,Stationery,2,2500,15,750.0,Cash,4250.0
ORD00178,2025-12-11,C0449,Dinithi Silva,Batticaloa,P013,Jacket,Clothing,1,12000,0,0.0,Credit Card,12000.0
ORD00848,2025-12-11,C0255,Hiruni Jayasinghe,Galle,P020,Microwave Oven,Home Appliances,1,48000,10,4800.0,Credit Card,43200.0
ORD01479,2025-12-12,C0248,Sachini Wijesinghe,Colombo,P008,Bookshelf,Furniture,3,28000,0,0.0,Online Payment,84000.0
ORD00926,2025-12-12,C0221,Dinesh Karunaratne,Jaffna,P004,Wireless Headphones,Electronics,2,18000,15,5400.0,Debit Card,30600.0
ORD01824,2025-12-12,C0047,Ayesha Jayasinghe,Ratnapura,P017,Electric Kettle,Home Appliances,2,8500,0,0.0,Debit Card,17000.0
ORD02288,2025-12-12,C0447,Tharindu Gunawardena,Ratnapura,P002,Smartphone,Electronics,1,95000,5,4750.0,Online Payment,90250.0
ORD01603,2025-12-12,C0457,Chamod Wijesinghe,Kurunegala,P016,Coffee Maker,Home Appliances,3,22000,15,9900.0,Cash,56100.0
ORD01662,2025-12-13,C0127,Dilini Silva,Jaffna,P016,Coffee Maker,Home Appliances,1,22000,10,2200.0,Cash,19800.0
ORD00678,2025-12-13,C0473,Ayesha Rathnayake,Colombo,P021,Notebook,Stationery,1,800,0,0.0,Online Payment,800.0
ORD00297,2025-12-15,C0310,Dinithi Karunaratne,Matara,P025,Desk Organizer,Stationery,1,1800,5,90.0,Online Payment,1710.0
ORD00989,2025-12-15,C0427,Nimal Jayasinghe,Ratnapura,P008,Bookshelf,Furniture,4,28000,15,16800.0,Cash,95200.0
ORD02776,2025-12-15,C0052,Hiruni Samarasinghe,Anuradhapura,P001,Laptop,Electronics,5,180000,15,135000.0,Credit Card,765000.0
ORD00927,2025-12-15,C0402,Dilini Perera,Ratnapura,P009,Dining Table,Furniture,3,85000,0,0.0,Cash,255000.0
ORD01024,2025-12-15,C0406,Kasun Jayasinghe,Jaffna,P014,Sneakers,Clothing,3,15000,10,4500.0,Credit Card,40500.0
ORD02000,2025-12-15,C0279,Chamod Wijesinghe,Jaffna,P024,File Folder,Stationery,1,650,0,0.0,Online Payment,650.0
ORD02206,2025-12-15,C0302,Sahan Jayasinghe,Colombo,P004,Wireless Headphones,Electronics,1,18000,0,0.0,Credit Card,18000.0
ORD02550,2025-12-15,C0084,Dinesh Fernando,Ratnapura,P020,Microwave Oven,Home Appliances,1,48000,5,2400.0,Debit Card,45600.0
ORD02719,2025-12-17,C0351,Amal Perera,Negombo,P019,Rice Cooker,Home Appliances,1,18000,0,0.0,Online Payment,18000.0
ORD02274,2025-12-17,C0210,Sahan Perera,Anuradhapura,P006,Office Chair,Furniture,1,35000,0,0.0,Debit Card,35000.0
ORD01604,2025-12-17,C0391,Hiruni Wijesinghe,Kandy,P012,Jeans,Clothing,1,7500,0,0.0,Credit Card,7500.0
ORD02026,2025-12-17,C0153,Ravindu Rathnayake,Ratnapura,P024,File Folder,Stationery,3,650,0,0.0,Online Payment,1950.0
ORD02150,2025-12-17,C0164,Sahan Silva,Colombo,P008,Bookshelf,Furniture,2,28000,5,2800.0,Cash,53200.0
ORD00405,2025-12-17,C0088,Sachini Silva,Kandy,P018,Blender,Home Appliances,4,14000,0,0.0,Debit Card,56000.0
ORD02088,2025-12-18,C0272,Dinithi Jayasinghe,Kandy,P008,Bookshelf,Furniture,3,28000,0,0.0,Online Payment,84000.0
ORD02087,2025-12-18,C0200,Chamod Karunaratne,Galle,P013,Jacket,Clothing,4,12000,5,2400.0,Credit Card,45600.0
ORD01260,2025-12-18,C0178,Ayesha Karunaratne,Batticaloa,P018,Blender,Home Appliances,1,14000,5,700.0,Cash,13300.0
ORD00921,2025-12-19,C0225,Ravindu Samarasinghe,Jaffna,P019,Rice Cooker,Home Appliances,4,18000,10,7200.0,Online Payment,64800.0
ORD01485,2025-12-19,C0052,Ayesha Samarasinghe,Matara,P023,Calculator,Stationery,1,2500,15,375.0,Online Payment,2125.0
ORD00584,2025-12-19,C0147,Ayesha Samarasinghe,Colombo,P023,Calculator,Stationery,4,2500,15,1500.0,Debit Card,8500.0
ORD02284,2025-12-19,C0068,Dinithi Wijesinghe,Negombo,P016,Coffee Maker,Home Appliances,3,22000,10,6600.0,Cash,59400.0
ORD01690,2025-12-20,C0326,Nethmi Rathnayake,Galle,P015,Backpack,Clothing,2,6500,10,1300.0,Credit Card,11700.0
ORD02054,2025-12-20,C0469,Sachini Fernando,Anuradhapura,P018,Blender,Home Appliances,4,14000,15,8400.0,Cash,47600.0
ORD02457,2025-12-21,C0353,Piumi Gunawardena,Batticaloa,P002,Smartphone,Electronics,2,95000,0,0.0,Online Payment,190000.0
ORD02378,2025-12-21,C0180,Tharindu Samarasinghe,Matara,P006,Office Chair,Furniture,4,35000,0,0.0,Credit Card,140000.0
ORD00786,2025-12-22,C0216,Nethmi Perera,Negombo,P007,Office Desk,Furniture,1,55000,5,2750.0,Debit Card,52250.0
ORD00642,2025-12-22,C0351,Dilini Jayasinghe,Negombo,P008,Bookshelf,Furniture,5,28000,5,7000.0,Cash,133000.0
ORD00074,2025-12-22,C0273,Tharushi Jayasinghe,Kandy,P017,Electric Kettle,Home Appliances,2,8500,0,0.0,Online Payment,17000.0
ORD02300,2025-12-22,C0495,Hasini Wijesinghe,Anuradhapura,P021,Notebook,Stationery,3,800,10,240.0,Cash,2160.0
ORD01417,2025-12-22,C0357,Sachini Silva,Anuradhapura,P016,Coffee Maker,Home Appliances,2,22000,5,2200.0,Cash,41800.0
ORD02572,2025-12-22,C0405,Dinesh Fernando,Matara,P010,Computer Table,Furniture,1,42000,0,0.0,Credit Card,42000.0
ORD01091,2025-12-23,C0220,Ayesha Fernando,Matara,P010,Computer Table,Furniture,2,42000,0,0.0,Cash,84000.0
ORD02732,2025-12-23,C0491,Isuru Bandara,Jaffna,P006,Office Chair,Furniture,1,35000,0,0.0,Credit Card,35000.0
ORD00036,2025-12-24,C0452,Kasun Bandara,Kurunegala,P010,Computer Table,Furniture,1,42000,5,2100.0,Cash,39900.0
ORD02419,2025-12-24,C0473,Kavindu Gunawardena,Matara,P008,Bookshelf,Furniture,1,28000,10,2800.0,Debit Card,25200.0
ORD02409,2025-12-24,C0249,Sachini Wijesinghe,Negombo,P019,Rice Cooker,Home Appliances,2,18000,5,1800.0,Online Payment,34200.0
ORD02129,2025-12-24,C0351,Isuru Jayasinghe,Ratnapura,P012,Jeans,Clothing,1,7500,10,750.0,Cash,6750.0
ORD01226,2025-12-24,C0239,Nethmi Samarasinghe,Anuradhapura,P004,Wireless Headphones,Electronics,1,18000,0,0.0,Online Payment,18000.0
ORD00943,2025-12-25,C0154,Kavindu Karunaratne,Galle,P023,Calculator,Stationery,1,2500,5,125.0,Cash,2375.0
ORD02890,2025-12-25,C0272,Isuru Wijesinghe,Negombo,P025,Desk Organizer,Stationery,1,1800,10,180.0,Credit Card,1620.0
ORD00537,2025-12-25,C0302,Hasini Fernando,Matara,P005,Smart Watch,Electronics,1,25000,5,1250.0,Cash,23750.0
ORD00633,2025-12-25,C0316,Nethmi Karunaratne,Galle,P015,Backpack,Clothing,1,6500,5,325.0,Credit Card,6175.0
ORD02417,2025-12-25,C0057,Chamod Samarasinghe,Galle,P015,Backpack,Clothing,1,6500,5,325.0,Online Payment,6175.0
ORD00402,2025-12-25,C0132,Dinesh Perera,Colombo,P013,Jacket,Clothing,1,12000,10,1200.0,Credit Card,10800.0
ORD02501,2025-12-25,C0339,Ayesha Silva,Colombo,P023,Calculator,Stationery,3,2500,0,0.0,Online Payment,7500.0
ORD00350,2025-12-26,C0370,Isuru Silva,Matara,P020,Microwave Oven,Home Appliances,2,48000,5,4800.0,Cash,91200.0
ORD00844,2025-12-26,C0029,Ravindu Bandara,Jaffna,P021,Notebook,Stationery,1,800,0,0.0,Cash,800.0
ORD02644,2025-12-26,C0046,Tharindu Perera,Negombo,P018,Blender,Home Appliances,2,14000,0,0.0,Online Payment,28000.0
ORD01654,2025-12-26,C0332,Kasun Jayasinghe,Anuradhapura,P025,Desk Organizer,Stationery,1,1800,5,90.0,Cash,1710.0
ORD02827,2025-12-27,C0182,Ravindu Gunawardena,Negombo,P017,Electric Kettle,Home Appliances,3,8500,15,3825.0,Debit Card,21675.0
ORD00822,2025-12-27,C0083,Hiruni Karunaratne,Jaffna,P017,Electric Kettle,Home Appliances,2,8500,0,0.0,Cash,17000.0
ORD02829,2025-12-27,C0448,Hasini Rathnayake,Anuradhapura,P008,Bookshelf,Furniture,2,28000,5,2800.0,Online Payment,53200.0
ORD00167,2025-12-27,C0260,Kasun Wijesinghe,Anuradhapura,P015,Backpack,Clothing,1,6500,10,650.0,Debit Card,5850.0
ORD02406,2025-12-27,C0122,Isuru Karunaratne,Negombo,P007,Office Desk,Furniture,1,55000,0,0.0,Online Payment,55000.0
ORD00781,2025-12-28,C0460,Sahan Samarasinghe,Matara,P009,Dining Table,Furniture,1,85000,10,8500.0,Debit Card,76500.0
ORD00201,2025-12-28,C0315,Tharushi Wijesinghe,Colombo,P003,Tablet,Electronics,2,65000,10,13000.0,Debit Card,117000.0
ORD01984,2025-12-28,C0161,Sachini Fernando,Ratnapura,P021,Notebook,Stationery,1,800,5,40.0,Debit Card,760.0
ORD01732,2025-12-28,C0210,Nethmi Rathnayake,Kurunegala,P013,Jacket,Clothing,1,12000,15,1800.0,Online Payment,10200.0
ORD00525,2025-12-28,C0419,Dilini Rathnayake,Anuradhapura,P020,Microwave Oven,Home Appliances,1,48000,0,0.0,Online Payment,48000.0
ORD02385,2025-12-29,C0331,Piumi Bandara,Ratnapura,P022,Pen Set,Stationery,2,1200,0,0.0,Cash,2400.0
ORD02234,2025-12-29,C0366,Amal Samarasinghe,Colombo,P003,Tablet,Electronics,2,65000,10,13000.0,Credit Card,117000.0
ORD00385,2025-12-29,C0110,Chamod Wijesinghe,Negombo,P015,Backpack,Clothing,3,6500,0,0.0,Credit Card,19500.0
ORD02390,2025-12-29,C0208,Nimal Gunawardena,Galle,P020,Microwave Oven,Home Appliances,5,48000,10,24000.0,Credit Card,216000.0
ORD00557,2025-12-29,C0112,Hasini Wijesinghe,Galle,P024,File Folder,Stationery,2,650,5,65.0,Online Payment,1235.0
ORD00475,2025-12-30,C0425,Kavindu Samarasinghe,Ratnapura,P012,Jeans,Clothing,2,7500,0,0.0,Credit Card,15000.0
ORD01333,2025-12-30,C0493,Tharindu Rathnayake,Anuradhapura,P009,Dining Table,Furniture,1,85000,0,0.0,Debit Card,85000.0
ORD01453,2025-12-30,C0160,Hiruni Jayasinghe,Ratnapura,P003,Tablet,Electronics,3,65000,5,9750.0,Credit Card,185250.0
ORD00825,2025-12-30,C0195,Tharushi Bandara,Ratnapura,P008,Bookshelf,Furniture,1,28000,10,2800.0,Cash,25200.0
ORD01992,2025-12-30,C0403,Amal Karunaratne,Ratnapura,P006,Office Chair,Furniture,1,35000,0,0.0,Debit Card,35000.0
ORD01234,2025-12-30,C0468,Hasini Gunawardena,Colombo,P018,Blender,Home Appliances,3,14000,5,2100.0,Cash,39900.0
ORD01315,2025-12-30,C0128,Sachini Gunawardena,Matara,P004,Wireless Headphones,Electronics,3,18000,5,2700.0,Debit Card,51300.0
ORD01397,2025-12-30,C0487,Nethmi Gunawardena,Anuradhapura,P024,File Folder,Stationery,3,650,5,97.5,Online Payment,1852.5
ORD01087,2025-12-31,C0448,Sanduni Fernando,Colombo,P015,Backpack,Clothing,3,6500,10,1950.0,Credit Card,17550.0
ORD02317,2025-12-31,C0126,Amal Samarasinghe,Ratnapura,P014,Sneakers,Clothing,2,15000,5,1500.0,Cash,28500.0
ORD00833,2025-12-31,C0244,Dinithi Gunawardena,Anuradhapura,P017,Electric Kettle,Home Appliances,1,8500,15,1275.0,Cash,7225.0
ORD01110,2025-12-31,C0499,Ayesha Silva,Colombo,P004,Wireless Headphones,Electronics,5,18000,10,9000.0,Online Payment,81000.0
ORD01415,2026-01-01,C0279,Ayesha Wijesinghe,Kandy,P008,Bookshelf,Furniture,1,28000,5,1400.0,Online Payment,26600.0
ORD00511,2026-01-01,C0066,Ravindu Fernando,Negombo,P020,Microwave Oven,Home Appliances,1,48000,5,2400.0,Debit Card,45600.0
ORD01541,2026-01-01,C0256,Nethmi Karunaratne,Colombo,P024,File Folder,Stationery,3,650,5,97.5,Credit Card,1852.5
ORD02733,2026-01-02,C0035,Nimal Silva,Kurunegala,P021,Notebook,Stationery,3,800,10,240.0,Cash,2160.0
ORD02196,2026-01-02,C0339,Dinithi Silva,Jaffna,P023,Calculator,Stationery,1,2500,5,125.0,Credit Card,2375.0
ORD01663,2026-01-02,C0031,Ayesha Karunaratne,Kandy,P017,Electric Kettle,Home Appliances,1,8500,10,850.0,Online Payment,7650.0
ORD01795,2026-01-02,C0339,Sachini Perera,Batticaloa,P010,Computer Table,Furniture,1,42000,10,4200.0,Credit Card,37800.0
ORD01254,2026-01-02,C0096,Ravindu Bandara,Negombo,P007,Office Desk,Furniture,2,55000,5,5500.0,Online Payment,104500.0
ORD01894,2026-01-03,C0488,Hiruni Wijesinghe,Negombo,P021,Notebook,Stationery,2,800,10,160.0,Online Payment,1440.0
ORD01786,2026-01-03,C0331,Nethmi Rathnayake,Ratnapura,P022,Pen Set,Stationery,1,1200,0,0.0,Debit Card,1200.0
ORD02780,2026-01-03,C0448,Kavindu Samarasinghe,Kurunegala,P024,File Folder,Stationery,1,650,0,0.0,Online Payment,650.0
ORD01090,2026-01-04,C0448,Nimal Jayasinghe,Anuradhapura,P008,Bookshelf,Furniture,2,28000,10,5600.0,Cash,50400.0
ORD02199,2026-01-04,C0465,Sahan Wijesinghe,Anuradhapura,P005,Smart Watch,Electronics,1,25000,0,0.0,Online Payment,25000.0
ORD00514,2026-01-04,C0069,Sanduni Rathnayake,Anuradhapura,P015,Backpack,Clothing,1,6500,5,325.0,Online Payment,6175.0
ORD00571,2026-01-04,C0287,Piumi Wijesinghe,Kurunegala,P001,Laptop,Electronics,1,180000,10,18000.0,Credit Card,162000.0
ORD00313,2026-01-04,C0360,Piumi Karunaratne,Kandy,P004,Wireless Headphones,Electronics,3,18000,10,5400.0,Credit Card,48600.0
ORD02081,2026-01-05,C0387,Sachini Gunawardena,Batticaloa,P011,T-Shirt,Clothing,2,4500,0,0.0,Cash,9000.0
ORD00912,2026-01-05,C0354,Sachini Wijesinghe,Kandy,P005,Smart Watch,Electronics,1,25000,5,1250.0,Cash,23750.0
ORD00355,2026-01-05,C0479,Sanduni Silva,Matara,P019,Rice Cooker,Home Appliances,1,18000,0,0.0,Online Payment,18000.0
ORD01163,2026-01-05,C0380,Dilini Karunaratne,Ratnapura,P020,Microwave Oven,Home Appliances,1,48000,5,2400.0,Credit Card,45600.0
ORD00597,2026-01-05,C0455,Nimal Bandara,Kandy,P008,Bookshelf,Furniture,2,28000,10,5600.0,Cash,50400.0
ORD01828,2026-01-06,C0365,Piumi Samarasinghe,Kurunegala,P007,Office Desk,Furniture,3,55000,0,0.0,Cash,165000.0
ORD02346,2026-01-06,C0031,Kavindu Karunaratne,Negombo,P025,Desk Organizer,Stationery,3,1800,5,270.0,Debit Card,5130.0
ORD02037,2026-01-06,C0333,Ravindu Samarasinghe,Galle,P022,Pen Set,Stationery,3,1200,0,0.0,Debit Card,3600.0
ORD00985,2026-01-06,C0265,Nimal Bandara,Colombo,P009,Dining Table,Furniture,4,85000,15,51000.0,Debit Card,289000.0
ORD02536,2026-01-07,C0158,Dinithi Fernando,Negombo,P015,Backpack,Clothing,1,6500,5,325.0,Online Payment,6175.0
ORD02263,2026-01-07,C0233,Kasun Karunaratne,Anuradhapura,P013,Jacket,Clothing,1,12000,5,600.0,Credit Card,11400.0
ORD01619,2026-01-07,C0124,Ayesha Gunawardena,Matara,P002,Smartphone,Electronics,2,95000,5,9500.0,Debit Card,180500.0
ORD02875,2026-01-08,C0365,Sahan Wijesinghe,Anuradhapura,P024,File Folder,Stationery,2,650,0,0.0,Credit Card,1300.0
ORD01899,2026-01-08,C0081,Sachini Bandara,Kurunegala,P003,Tablet,Electronics,1,65000,5,3250.0,Online Payment,61750.0
ORD00831,2026-01-08,C0500,Isuru Jayasinghe,Jaffna,P020,Microwave Oven,Home Appliances,3,48000,10,14400.0,Cash,129600.0
ORD02293,2026-01-08,C0492,Sachini Silva,Jaffna,P019,Rice Cooker,Home Appliances,1,18000,0,0.0,Cash,18000.0
ORD01542,2026-01-08,C0341,Nimal Gunawardena,Kandy,P011,T-Shirt,Clothing,2,4500,5,450.0,Cash,8550.0
ORD00519,2026-01-08,C0258,Amal Bandara,Batticaloa,P022,Pen Set,Stationery,1,1200,0,0.0,Online Payment,1200.0
ORD00474,2026-01-08,C0367,Nethmi Fernando,Kandy,P025,Desk Organizer,Stationery,2,1800,0,0.0,Debit Card,3600.0
ORD01590,2026-01-09,C0451,Dinesh Silva,Colombo,P016,Coffee Maker,Home Appliances,1,22000,10,2200.0,Debit Card,19800.0
ORD01262,2026-01-09,C0059,Isuru Perera,Kurunegala,P005,Smart Watch,Electronics,1,25000,0,0.0,Debit Card,25000.0
ORD00042,2026-01-09,C0461,Nimal Jayasinghe,Jaffna,P022,Pen Set,Stationery,1,1200,0,0.0,Debit Card,1200.0
ORD00632,2026-01-10,C0179,Isuru Jayasinghe,Kurunegala,P020,Microwave Oven,Home Appliances,2,48000,5,4800.0,Credit Card,91200.0
ORD02326,2026-01-10,C0290,Dinesh Gunawardena,Kandy,P025,Desk Organizer,Stationery,1,1800,10,180.0,Credit Card,1620.0
ORD02273,2026-01-11,C0255,Amal Karunaratne,Colombo,P024,File Folder,Stationery,1,650,10,65.0,Credit Card,585.0
ORD01849,2026-01-11,C0467,Sahan Rathnayake,Galle,P006,Office Chair,Furniture,1,35000,5,1750.0,Cash,33250.0
ORD01223,2026-01-11,C0263,Dinithi Jayasinghe,Kurunegala,P003,Tablet,Electronics,2,65000,15,19500.0,Debit Card,110500.0
ORD00779,2026-01-11,C0090,Piumi Fernando,Ratnapura,P023,Calculator,Stationery,3,2500,0,0.0,Debit Card,7500.0
ORD00783,2026-01-12,C0410,Kasun Bandara,Anuradhapura,P003,Tablet,Electronics,1,65000,0,0.0,Debit Card,65000.0
ORD02374,2026-01-12,C0167,Hiruni Perera,Colombo,P001,Laptop,Electronics,4,180000,15,108000.0,Credit Card,612000.0
ORD00489,2026-01-12,C0387,Hasini Samarasinghe,Batticaloa,P007,Office Desk,Furniture,3,55000,5,8250.0,Debit Card,156750.0
ORD01524,2026-01-13,C0371,Ravindu Silva,Anuradhapura,P023,Calculator,Stationery,4,2500,10,1000.0,Credit Card,9000.0
ORD01751,2026-01-13,C0239,Tharindu Rathnayake,Matara,P018,Blender,Home Appliances,1,14000,15,2100.0,Debit Card,11900.0
ORD01053,2026-01-13,C0023,Kasun Bandara,Matara,P010,Computer Table,Furniture,3,42000,15,18900.0,Cash,107100.0
ORD01754,2026-01-13,C0073,Sanduni Gunawardena,Ratnapura,P001,Laptop,Electronics,2,180000,10,36000.0,Online Payment,324000.0
ORD02535,2026-01-13,C0315,Kasun Rathnayake,Kandy,P002,Smartphone,Electronics,1,95000,0,0.0,Cash,95000.0
ORD00232,2026-01-13,C0170,Dinesh Gunawardena,Batticaloa,P010,Computer Table,Furniture,3,42000,0,0.0,Online Payment,126000.0
ORD00998,2026-01-13,C0497,Amal Samarasinghe,Batticaloa,P022,Pen Set,Stationery,2,1200,0,0.0,Credit Card,2400.0
ORD02470,2026-01-13,C0294,Chamod Silva,Batticaloa,P010,Computer Table,Furniture,1,42000,10,4200.0,Online Payment,37800.0
ORD02255,2026-01-14,C0419,Sahan Jayasinghe,Batticaloa,P013,Jacket,Clothing,1,12000,0,0.0,Debit Card,12000.0
ORD02089,2026-01-14,C0188,Amal Rathnayake,Ratnapura,P009,Dining Table,Furniture,4,85000,10,34000.0,Cash,306000.0
ORD01822,2026-01-14,C0143,Sachini Wijesinghe,Anuradhapura,P021,Notebook,Stationery,3,800,10,240.0,Debit Card,2160.0
ORD00950,2026-01-14,C0293,Kavindu Perera,Ratnapura,P005,Smart Watch,Electronics,1,25000,5,1250.0,Debit Card,23750.0
ORD00882,2026-01-14,C0299,Nethmi Fernando,Colombo,P016,Coffee Maker,Home Appliances,1,22000,10,2200.0,Online Payment,19800.0
ORD01086,2026-01-15,C0350,Sanduni Jayasinghe,Jaffna,P012,Jeans,Clothing,2,7500,10,1500.0,Cash,13500.0
ORD02498,2026-01-15,C0423,Hasini Silva,Colombo,P021,Notebook,Stationery,3,800,0,0.0,Debit Card,2400.0
ORD00008,2026-01-15,C0182,Isuru Wijesinghe,Kandy,P020,Microwave Oven,Home Appliances,2,48000,5,4800.0,Credit Card,91200.0
ORD01885,2026-01-15,C0061,Kavindu Bandara,Anuradhapura,P016,Coffee Maker,Home Appliances,4,22000,10,8800.0,Credit Card,79200.0
ORD00134,2026-01-15,C0112,Nethmi Rathnayake,Jaffna,P012,Jeans,Clothing,1,7500,10,750.0,Debit Card,6750.0
ORD02885,2026-01-15,C0292,Nethmi Karunaratne,Kurunegala,P008,Bookshelf,Furniture,3,28000,0,0.0,Online Payment,84000.0
ORD01239,2026-01-15,C0417,Dilini Perera,Negombo,P010,Computer Table,Furniture,2,42000,0,0.0,Online Payment,84000.0
ORD00536,2026-01-15,C0448,Nimal Samarasinghe,Matara,P008,Bookshelf,Furniture,4,28000,15,16800.0,Online Payment,95200.0
ORD02391,2026-01-16,C0336,Nimal Gunawardena,Jaffna,P021,Notebook,Stationery,3,800,15,360.0,Credit Card,2040.0
ORD02362,2026-01-16,C0295,Sachini Gunawardena,Negombo,P015,Backpack,Clothing,1,6500,5,325.0,Cash,6175.0
ORD00362,2026-01-16,C0065,Sahan Fernando,Colombo,P011,T-Shirt,Clothing,3,4500,5,675.0,Cash,12825.0
ORD02964,2026-01-16,C0048,Hiruni Fernando,Anuradhapura,P018,Blender,Home Appliances,2,14000,5,1400.0,Credit Card,26600.0
ORD01442,2026-01-16,C0266,Dinithi Wijesinghe,Anuradhapura,P015,Backpack,Clothing,1,6500,10,650.0,Credit Card,5850.0
ORD01783,2026-01-16,C0372,Piumi Samarasinghe,Galle,P011,T-Shirt,Clothing,2,4500,10,900.0,Online Payment,8100.0
ORD01589,2026-01-16,C0317,Tharushi Silva,Matara,P006,Office Chair,Furniture,1,35000,0,0.0,Credit Card,35000.0
ORD02528,2026-01-17,C0306,Ravindu Karunaratne,Matara,P011,T-Shirt,Clothing,1,4500,5,225.0,Credit Card,4275.0
ORD00374,2026-01-17,C0235,Kasun Karunaratne,Kandy,P017,Electric Kettle,Home Appliances,1,8500,10,850.0,Cash,7650.0
ORD02337,2026-01-17,C0368,Isuru Perera,Galle,P017,Electric Kettle,Home Appliances,1,8500,10,850.0,Cash,7650.0
ORD00462,2026-01-17,C0418,Sanduni Silva,Kandy,P013,Jacket,Clothing,1,12000,15,1800.0,Debit Card,10200.0
ORD01904,2026-01-17,C0173,Amal Fernando,Anuradhapura,P025,Desk Organizer,Stationery,3,1800,5,270.0,Credit Card,5130.0
ORD00429,2026-01-17,C0251,Dinithi Rathnayake,Galle,P016,Coffee Maker,Home Appliances,2,22000,10,4400.0,Debit Card,39600.0
ORD01365,2026-01-17,C0372,Tharindu Perera,Jaffna,P023,Calculator,Stationery,1,2500,15,375.0,Cash,2125.0
ORD01013,2026-01-18,C0270,Ayesha Rathnayake,Anuradhapura,P009,Dining Table,Furniture,2,85000,0,0.0,Credit Card,170000.0
ORD00651,2026-01-18,C0095,Sachini Rathnayake,Anuradhapura,P005,Smart Watch,Electronics,1,25000,5,1250.0,Cash,23750.0
ORD01719,2026-01-18,C0034,Tharindu Karunaratne,Jaffna,P025,Desk Organizer,Stationery,1,1800,0,0.0,Cash,1800.0
ORD00634,2026-01-18,C0080,Kasun Fernando,Colombo,P008,Bookshelf,Furniture,4,28000,0,0.0,Debit Card,112000.0
ORD02897,2026-01-18,C0067,Chamod Wijesinghe,Negombo,P003,Tablet,Electronics,1,65000,10,6500.0,Debit Card,58500.0
ORD01141,2026-01-18,C0497,Dinesh Jayasinghe,Jaffna,P018,Blender,Home Appliances,3,14000,0,0.0,Debit Card,42000.0
ORD00286,2026-01-18,C0031,Dinithi Karunaratne,Anuradhapura,P022,Pen Set,Stationery,1,1200,0,0.0,Online Payment,1200.0
ORD00968,2026-01-18,C0277,Chamod Bandara,Ratnapura,P014,Sneakers,Clothing,4,15000,15,9000.0,Cash,51000.0
ORD02758,2026-01-18,C0042,Hasini Gunawardena,Galle,P018,Blender,Home Appliances,1,14000,0,0.0,Debit Card,14000.0
ORD01070,2026-01-18,C0197,Ayesha Wijesinghe,Batticaloa,P003,Tablet,Electronics,1,65000,0,0.0,Cash,65000.0
ORD01830,2026-01-19,C0126,Sachini Rathnayake,Negombo,P019,Rice Cooker,Home Appliances,1,18000,10,1800.0,Credit Card,16200.0
ORD00118,2026-01-19,C0221,Tharindu Bandara,Ratnapura,P014,Sneakers,Clothing,2,15000,0,0.0,Credit Card,30000.0
ORD01246,2026-01-19,C0401,Ravindu Samarasinghe,Negombo,P009,Dining Table,Furniture,3,85000,5,12750.0,Debit Card,242250.0
ORD01225,2026-01-20,C0082,Hasini Gunawardena,Kandy,P008,Bookshelf,Furniture,1,28000,15,4200.0,Cash,23800.0
ORD01581,2026-01-20,C0014,Nethmi Bandara,Matara,P002,Smartphone,Electronics,1,95000,10,9500.0,Credit Card,85500.0
ORD01318,2026-01-20,C0401,Tharushi Fernando,Galle,P017,Electric Kettle,Home Appliances,1,8500,10,850.0,Debit Card,7650.0
ORD00339,2026-01-20,C0232,Kasun Fernando,Matara,P017,Electric Kettle,Home Appliances,2,8500,10,1700.0,Online Payment,15300.0
ORD02502,2026-01-21,C0189,Sachini Samarasinghe,Matara,P025,Desk Organizer,Stationery,1,1800,10,180.0,Cash,1620.0
ORD00637,2026-01-21,C0299,Hiruni Perera,Negombo,P006,Office Chair,Furniture,1,35000,5,1750.0,Debit Card,33250.0
ORD00977,2026-01-21,C0424,Dinithi Jayasinghe,Matara,P006,Office Chair,Furniture,3,35000,0,0.0,Cash,105000.0
ORD02189,2026-01-21,C0197,Piumi Bandara,Negombo,P020,Microwave Oven,Home Appliances,1,48000,5,2400.0,Online Payment,45600.0
ORD02548,2026-01-21,C0323,Tharushi Wijesinghe,Kurunegala,P002,Smartphone,Electronics,2,95000,0,0.0,Cash,190000.0
ORD00553,2026-01-22,C0289,Ayesha Bandara,Kurunegala,P025,Desk Organizer,Stationery,1,1800,15,270.0,Cash,1530.0
ORD00263,2026-01-22,C0193,Kasun Samarasinghe,Galle,P021,Notebook,Stationery,3,800,0,0.0,Credit Card,2400.0
ORD00954,2026-01-22,C0244,Dinithi Silva,Galle,P017,Electric Kettle,Home Appliances,2,8500,15,2550.0,Online Payment,14450.0
ORD01859,2026-01-22,C0070,Amal Wijesinghe,Anuradhapura,P017,Electric Kettle,Home Appliances,3,8500,10,2550.0,Online Payment,22950.0
ORD02001,2026-01-22,C0158,Tharushi Wijesinghe,Negombo,P017,Electric Kettle,Home Appliances,2,8500,0,0.0,Credit Card,17000.0
ORD00847,2026-01-22,C0293,Sachini Jayasinghe,Batticaloa,P004,Wireless Headphones,Electronics,3,18000,0,0.0,Credit Card,54000.0
ORD01048,2026-01-22,C0393,Isuru Bandara,Kurunegala,P008,Bookshelf,Furniture,1,28000,0,0.0,Online Payment,28000.0
ORD00524,2026-01-23,C0188,Hasini Fernando,Ratnapura,P009,Dining Table,Furniture,1,85000,5,4250.0,Online Payment,80750.0
ORD01995,2026-01-23,C0368,Isuru Samarasinghe,Kandy,P013,Jacket,Clothing,1,12000,0,0.0,Cash,12000.0
ORD02574,2026-01-23,C0210,Amal Jayasinghe,Jaffna,P010,Computer Table,Furniture,1,42000,0,0.0,Online Payment,42000.0
ORD01385,2026-01-23,C0426,Hasini Perera,Galle,P013,Jacket,Clothing,3,12000,0,0.0,Cash,36000.0
ORD01987,2026-01-24,C0241,Nimal Samarasinghe,Matara,P015,Backpack,Clothing,1,6500,0,0.0,Cash,6500.0
ORD00564,2026-01-24,C0298,Dinesh Jayasinghe,Kurunegala,P020,Microwave Oven,Home Appliances,3,48000,0,0.0,Debit Card,144000.0
ORD01422,2026-01-24,C0047,Sanduni Jayasinghe,Ratnapura,P003,Tablet,Electronics,2,65000,5,6500.0,Debit Card,123500.0
ORD02568,2026-01-24,C0388,Sachini Silva,Anuradhapura,P003,Tablet,Electronics,1,65000,10,6500.0,Online Payment,58500.0
ORD01127,2026-01-24,C0014,Dinithi Bandara,Kandy,P009,Dining Table,Furniture,1,85000,0,0.0,Online Payment,85000.0
ORD02812,2026-01-24,C0334,Sahan Karunaratne,Galle,P021,Notebook,Stationery,2,800,10,160.0,Cash,1440.0
ORD00282,2026-01-24,C0292,Ravindu Rathnayake,Ratnapura,P021,Notebook,Stationery,4,800,10,320.0,Debit Card,2880.0
ORD00029,2026-01-24,C0002,Sachini Wijesinghe,Anuradhapura,P010,Computer Table,Furniture,1,42000,15,6300.0,Credit Card,35700.0
ORD01843,2026-01-25,C0012,Piumi Wijesinghe,Jaffna,P022,Pen Set,Stationery,1,1200,10,120.0,Debit Card,1080.0
ORD00304,2026-01-25,C0087,Tharindu Wijesinghe,Negombo,P009,Dining Table,Furniture,1,85000,0,0.0,Credit Card,85000.0
ORD01715,2026-01-25,C0103,Ayesha Gunawardena,Matara,P002,Smartphone,Electronics,2,95000,5,9500.0,Online Payment,180500.0
ORD00412,2026-01-26,C0190,Chamod Rathnayake,Colombo,P009,Dining Table,Furniture,1,85000,5,4250.0,Credit Card,80750.0
ORD02438,2026-01-26,C0386,Hasini Perera,Galle,P021,Notebook,Stationery,1,800,15,120.0,Online Payment,680.0
ORD01028,2026-01-26,C0105,Sachini Fernando,Ratnapura,P013,Jacket,Clothing,1,12000,0,0.0,Debit Card,12000.0
ORD01372,2026-01-26,C0240,Ravindu Silva,Colombo,P009,Dining Table,Furniture,3,85000,5,12750.0,Cash,242250.0
ORD01061,2026-01-26,C0267,Sanduni Silva,Anuradhapura,P021,Notebook,Stationery,1,800,15,120.0,Cash,680.0
ORD01850,2026-01-26,C0187,Nimal Bandara,Kandy,P023,Calculator,Stationery,4,2500,0,0.0,Cash,10000.0
ORD02965,2026-01-26,C0422,Dilini Jayasinghe,Batticaloa,P010,Computer Table,Furniture,1,42000,0,0.0,Online Payment,42000.0
ORD01042,2026-01-26,C0176,Sachini Bandara,Matara,P002,Smartphone,Electronics,1,95000,0,0.0,Credit Card,95000.0
ORD02546,2026-01-26,C0255,Kasun Rathnayake,Anuradhapura,P024,File Folder,Stationery,1,650,0,0.0,Online Payment,650.0
ORD02867,2026-01-27,C0145,Tharushi Karunaratne,Jaffna,P007,Office Desk,Furniture,2,55000,10,11000.0,Online Payment,99000.0
ORD02116,2026-01-27,C0461,Piumi Bandara,Kandy,P013,Jacket,Clothing,1,12000,0,0.0,Online Payment,12000.0
ORD00961,2026-01-27,C0132,Kasun Fernando,Kandy,P018,Blender,Home Appliances,1,14000,0,0.0,Credit Card,14000.0
ORD02753,2026-01-27,C0425,Hasini Bandara,Jaffna,P008,Bookshelf,Furniture,3,28000,10,8400.0,Debit Card,75600.0
ORD01431,2026-01-27,C0009,Ayesha Gunawardena,Kurunegala,P025,Desk Organizer,Stationery,2,1800,0,0.0,Online Payment,3600.0
ORD00348,2026-01-28,C0046,Dinesh Fernando,Kurunegala,P012,Jeans,Clothing,3,7500,0,0.0,Online Payment,22500.0
ORD02745,2026-01-28,C0053,Tharindu Perera,Batticaloa,P014,Sneakers,Clothing,1,15000,5,750.0,Cash,14250.0
ORD01038,2026-01-29,C0467,Chamod Karunaratne,Kandy,P013,Jacket,Clothing,2,12000,0,0.0,Credit Card,24000.0
ORD02879,2026-01-29,C0038,Piumi Wijesinghe,Colombo,P005,Smart Watch,Electronics,1,25000,15,3750.0,Cash,21250.0
ORD00222,2026-01-29,C0443,Dinithi Gunawardena,Jaffna,P006,Office Chair,Furniture,3,35000,10,10500.0,Credit Card,94500.0
ORD01197,2026-01-29,C0043,Hasini Gunawardena,Ratnapura,P019,Rice Cooker,Home Appliances,3,18000,5,2700.0,Cash,51300.0
ORD00468,2026-01-30,C0077,Piumi Karunaratne,Colombo,P001,Laptop,Electronics,2,180000,0,0.0,Online Payment,360000.0
ORD00463,2026-01-30,C0354,Ayesha Gunawardena,Galle,P004,Wireless Headphones,Electronics,1,18000,0,0.0,Credit Card,18000.0
ORD02268,2026-01-30,C0309,Chamod Fernando,Kandy,P018,Blender,Home Appliances,2,14000,0,0.0,Debit Card,28000.0
ORD01071,2026-01-30,C0478,Hasini Silva,Jaffna,P025,Desk Organizer,Stationery,1,1800,5,90.0,Debit Card,1710.0
ORD01195,2026-01-30,C0181,Sanduni Rathnayake,Matara,P016,Coffee Maker,Home Appliances,2,22000,10,4400.0,Debit Card,39600.0
ORD00185,2026-01-31,C0042,Dilini Bandara,Colombo,P011,T-Shirt,Clothing,4,4500,10,1800.0,Credit Card,16200.0
ORD02191,2026-01-31,C0073,Chamod Jayasinghe,Batticaloa,P025,Desk Organizer,Stationery,1,1800,10,180.0,Debit Card,1620.0
ORD02396,2026-01-31,C0033,Sanduni Wijesinghe,Anuradhapura,P002,Smartphone,Electronics,1,95000,5,4750.0,Cash,90250.0
ORD02359,2026-01-31,C0477,Dinithi Samarasinghe,Matara,P003,Tablet,Electronics,1,65000,5,3250.0,Credit Card,61750.0
ORD01331,2026-01-31,C0358,Dinesh Rathnayake,Matara,P014,Sneakers,Clothing,1,15000,5,750.0,Online Payment,14250.0
ORD02146,2026-02-01,C0158,Tharindu Bandara,Colombo,P009,Dining Table,Furniture,4,85000,0,0.0,Cash,340000.0
ORD02979,2026-02-01,C0284,Dinithi Bandara,Jaffna,P009,Dining Table,Furniture,4,85000,10,34000.0,Debit Card,306000.0
ORD00480,2026-02-01,C0337,Dinithi Karunaratne,Kurunegala,P017,Electric Kettle,Home Appliances,3,8500,10,2550.0,Credit Card,22950.0
ORD01723,2026-02-01,C0165,Hiruni Bandara,Anuradhapura,P007,Office Desk,Furniture,2,55000,15,16500.0,Credit Card,93500.0
ORD01920,2026-02-02,C0413,Isuru Samarasinghe,Negombo,P024,File Folder,Stationery,1,650,0,0.0,Cash,650.0
ORD02788,2026-02-02,C0387,Ravindu Gunawardena,Ratnapura,P003,Tablet,Electronics,1,65000,5,3250.0,Cash,61750.0
ORD00418,2026-02-02,C0285,Sachini Samarasinghe,Kurunegala,P009,Dining Table,Furniture,2,85000,0,0.0,Online Payment,170000.0
ORD00324,2026-02-02,C0313,Sachini Karunaratne,Kandy,P012,Jeans,Clothing,1,7500,15,1125.0,Credit Card,6375.0
ORD00900,2026-02-02,C0400,Sachini Wijesinghe,Galle,P004,Wireless Headphones,Electronics,1,18000,10,1800.0,Debit Card,16200.0
ORD00274,2026-02-02,C0125,Sahan Bandara,Kurunegala,P021,Notebook,Stationery,1,800,15,120.0,Debit Card,680.0
ORD02261,2026-02-02,C0311,Nethmi Perera,Ratnapura,P008,Bookshelf,Furniture,2,28000,0,0.0,Online Payment,56000.0
ORD00544,2026-02-03,C0494,Amal Fernando,Galle,P016,Coffee Maker,Home Appliances,4,22000,10,8800.0,Cash,79200.0
ORD00747,2026-02-03,C0033,Piumi Wijesinghe,Anuradhapura,P018,Blender,Home Appliances,4,14000,15,8400.0,Cash,47600.0
ORD02045,2026-02-03,C0033,Nimal Fernando,Matara,P017,Electric Kettle,Home Appliances,1,8500,0,0.0,Credit Card,8500.0
ORD01947,2026-02-03,C0181,Isuru Bandara,Anuradhapura,P016,Coffee Maker,Home Appliances,4,22000,10,8800.0,Cash,79200.0
ORD02595,2026-02-04,C0131,Hasini Gunawardena,Jaffna,P006,Office Chair,Furniture,1,35000,0,0.0,Online Payment,35000.0
ORD02021,2026-02-04,C0204,Dinithi Fernando,Colombo,P013,Jacket,Clothing,1,12000,15,1800.0,Cash,10200.0
ORD01999,2026-02-04,C0081,Dilini Jayasinghe,Negombo,P002,Smartphone,Electronics,1,95000,5,4750.0,Debit Card,90250.0
ORD01891,2026-02-05,C0422,Ayesha Fernando,Negombo,P019,Rice Cooker,Home Appliances,1,18000,0,0.0,Debit Card,18000.0
ORD01032,2026-02-05,C0081,Dinesh Silva,Ratnapura,P014,Sneakers,Clothing,1,15000,0,0.0,Online Payment,15000.0
ORD02441,2026-02-05,C0174,Chamod Rathnayake,Kurunegala,P024,File Folder,Stationery,3,650,0,0.0,Credit Card,1950.0
ORD02769,2026-02-05,C0145,Isuru Samarasinghe,Kurunegala,P001,Laptop,Electronics,1,180000,10,18000.0,Credit Card,162000.0
ORD02600,2026-02-05,C0458,Tharushi Silva,Kandy,P019,Rice Cooker,Home Appliances,1,18000,10,1800.0,Cash,16200.0
ORD00316,2026-02-05,C0238,Hasini Samarasinghe,Galle,P012,Jeans,Clothing,5,7500,15,5625.0,Cash,31875.0
ORD01736,2026-02-06,C0082,Kavindu Samarasinghe,Negombo,P008,Bookshelf,Furniture,1,28000,15,4200.0,Online Payment,23800.0
ORD00518,2026-02-06,C0115,Hasini Wijesinghe,Galle,P015,Backpack,Clothing,2,6500,0,0.0,Online Payment,13000.0
ORD02013,2026-02-06,C0189,Dinithi Jayasinghe,Galle,P002,Smartphone,Electronics,1,95000,0,0.0,Cash,95000.0
ORD02247,2026-02-06,C0472,Chamod Karunaratne,Jaffna,P006,Office Chair,Furniture,2,35000,0,0.0,Credit Card,70000.0
ORD01297,2026-02-07,C0052,Ravindu Wijesinghe,Anuradhapura,P007,Office Desk,Furniture,1,55000,5,2750.0,Debit Card,52250.0
ORD01147,2026-02-09,C0192,Kavindu Jayasinghe,Matara,P006,Office Chair,Furniture,2,35000,5,3500.0,Cash,66500.0
ORD00956,2026-02-09,C0174,Piumi Perera,Anuradhapura,P024,File Folder,Stationery,1,650,0,0.0,Credit Card,650.0
ORD00549,2026-02-09,C0208,Hasini Bandara,Ratnapura,P001,Laptop,Electronics,2,180000,0,0.0,Cash,360000.0
ORD02726,2026-02-09,C0331,Sanduni Silva,Anuradhapura,P006,Office Chair,Furniture,2,35000,5,3500.0,Debit Card,66500.0
ORD01556,2026-02-10,C0403,Chamod Silva,Batticaloa,P022,Pen Set,Stationery,1,1200,15,180.0,Online Payment,1020.0
ORD01516,2026-02-10,C0112,Isuru Fernando,Batticaloa,P010,Computer Table,Furniture,1,42000,0,0.0,Online Payment,42000.0
ORD02421,2026-02-10,C0292,Dinithi Karunaratne,Jaffna,P025,Desk Organizer,Stationery,2,1800,5,180.0,Debit Card,3420.0
ORD00162,2026-02-10,C0446,Kavindu Jayasinghe,Jaffna,P011,T-Shirt,Clothing,3,4500,0,0.0,Cash,13500.0
ORD01601,2026-02-11,C0166,Amal Karunaratne,Anuradhapura,P016,Coffee Maker,Home Appliances,3,22000,5,3300.0,Online Payment,62700.0
ORD01764,2026-02-11,C0109,Tharindu Samarasinghe,Colombo,P021,Notebook,Stationery,2,800,5,80.0,Debit Card,1520.0
ORD02513,2026-02-11,C0205,Kavindu Samarasinghe,Batticaloa,P002,Smartphone,Electronics,1,95000,0,0.0,Debit Card,95000.0
ORD00159,2026-02-11,C0442,Nimal Gunawardena,Colombo,P015,Backpack,Clothing,4,6500,10,2600.0,Online Payment,23400.0
ORD00411,2026-02-12,C0242,Ayesha Wijesinghe,Kandy,P021,Notebook,Stationery,2,800,0,0.0,Debit Card,1600.0
ORD02377,2026-02-12,C0271,Kasun Rathnayake,Galle,P002,Smartphone,Electronics,1,95000,5,4750.0,Online Payment,90250.0
ORD00205,2026-02-12,C0161,Sahan Bandara,Kandy,P001,Laptop,Electronics,2,180000,15,54000.0,Online Payment,306000.0
ORD02717,2026-02-12,C0138,Ayesha Fernando,Colombo,P014,Sneakers,Clothing,2,15000,0,0.0,Online Payment,30000.0
ORD02757,2026-02-12,C0247,Tharindu Karunaratne,Galle,P012,Jeans,Clothing,1,7500,5,375.0,Debit Card,7125.0
ORD02680,2026-02-12,C0342,Ayesha Perera,Matara,P015,Backpack,Clothing,2,6500,10,1300.0,Cash,11700.0
ORD02917,2026-02-12,C0206,Kavindu Rathnayake,Colombo,P015,Backpack,Clothing,1,6500,10,650.0,Cash,5850.0
ORD01634,2026-02-12,C0317,Kasun Bandara,Kandy,P003,Tablet,Electronics,2,65000,10,13000.0,Debit Card,117000.0
ORD02494,2026-02-12,C0233,Dinesh Bandara,Matara,P018,Blender,Home Appliances,1,14000,0,0.0,Cash,14000.0
ORD01349,2026-02-13,C0317,Nimal Samarasinghe,Kandy,P019,Rice Cooker,Home Appliances,1,18000,5,900.0,Cash,17100.0
ORD02763,2026-02-13,C0001,Sahan Jayasinghe,Colombo,P019,Rice Cooker,Home Appliances,1,18000,5,900.0,Credit Card,17100.0
ORD00899,2026-02-13,C0131,Chamod Bandara,Matara,P003,Tablet,Electronics,1,65000,5,3250.0,Credit Card,61750.0
ORD02510,2026-02-13,C0376,Hasini Samarasinghe,Ratnapura,P004,Wireless Headphones,Electronics,5,18000,5,4500.0,Cash,85500.0
ORD02651,2026-02-14,C0488,Tharindu Silva,Negombo,P003,Tablet,Electronics,4,65000,15,39000.0,Online Payment,221000.0
ORD02372,2026-02-14,C0350,Sanduni Gunawardena,Jaffna,P007,Office Desk,Furniture,1,55000,0,0.0,Debit Card,55000.0
ORD01734,2026-02-14,C0188,Amal Gunawardena,Galle,P005,Smart Watch,Electronics,2,25000,0,0.0,Credit Card,50000.0
ORD02768,2026-02-14,C0144,Sachini Fernando,Matara,P002,Smartphone,Electronics,1,95000,10,9500.0,Credit Card,85500.0
ORD01758,2026-02-15,C0280,Nimal Samarasinghe,Matara,P021,Notebook,Stationery,3,800,0,0.0,Cash,2400.0
ORD01610,2026-02-15,C0152,Sachini Samarasinghe,Matara,P016,Coffee Maker,Home Appliances,1,22000,0,0.0,Debit Card,22000.0
ORD02202,2026-02-15,C0237,Piumi Silva,Kandy,P009,Dining Table,Furniture,1,85000,5,4250.0,Online Payment,80750.0
ORD00796,2026-02-16,C0317,Ravindu Rathnayake,Kurunegala,P003,Tablet,Electronics,1,65000,5,3250.0,Credit Card,61750.0
ORD01145,2026-02-16,C0182,Amal Fernando,Matara,P016,Coffee Maker,Home Appliances,1,22000,0,0.0,Online Payment,22000.0
ORD00936,2026-02-16,C0454,Piumi Wijesinghe,Kurunegala,P012,Jeans,Clothing,1,7500,5,375.0,Credit Card,7125.0
ORD01575,2026-02-16,C0295,Kavindu Perera,Batticaloa,P013,Jacket,Clothing,1,12000,5,600.0,Debit Card,11400.0
ORD02581,2026-02-16,C0134,Dinithi Perera,Batticaloa,P006,Office Chair,Furniture,1,35000,5,1750.0,Online Payment,33250.0
ORD00096,2026-02-17,C0483,Sahan Samarasinghe,Ratnapura,P016,Coffee Maker,Home Appliances,1,22000,0,0.0,Online Payment,22000.0
ORD01512,2026-02-17,C0017,Hasini Fernando,Anuradhapura,P018,Blender,Home Appliances,5,14000,0,0.0,Credit Card,70000.0
ORD01276,2026-02-17,C0019,Piumi Samarasinghe,Colombo,P011,T-Shirt,Clothing,2,4500,0,0.0,Online Payment,9000.0
ORD01447,2026-02-17,C0479,Sahan Samarasinghe,Ratnapura,P021,Notebook,Stationery,2,800,0,0.0,Credit Card,1600.0
ORD00226,2026-02-17,C0188,Nimal Gunawardena,Colombo,P019,Rice Cooker,Home Appliances,2,18000,10,3600.0,Debit Card,32400.0
ORD00472,2026-02-18,C0212,Nimal Samarasinghe,Ratnapura,P001,Laptop,Electronics,3,180000,5,27000.0,Credit Card,513000.0
ORD00937,2026-02-18,C0229,Isuru Samarasinghe,Batticaloa,P020,Microwave Oven,Home Appliances,2,48000,10,9600.0,Online Payment,86400.0
ORD02587,2026-02-19,C0146,Ayesha Rathnayake,Colombo,P009,Dining Table,Furniture,1,85000,0,0.0,Cash,85000.0
ORD01328,2026-02-19,C0248,Chamod Bandara,Ratnapura,P009,Dining Table,Furniture,3,85000,15,38250.0,Cash,216750.0
ORD02973,2026-02-19,C0424,Piumi Bandara,Ratnapura,P009,Dining Table,Furniture,2,85000,15,25500.0,Online Payment,144500.0
ORD02216,2026-02-19,C0449,Sachini Silva,Galle,P025,Desk Organizer,Stationery,1,1800,5,90.0,Cash,1710.0
ORD02735,2026-02-19,C0298,Hiruni Samarasinghe,Ratnapura,P010,Computer Table,Furniture,2,42000,5,4200.0,Credit Card,79800.0
ORD02825,2026-02-19,C0422,Nimal Bandara,Batticaloa,P013,Jacket,Clothing,2,12000,15,3600.0,Cash,20400.0
ORD02070,2026-02-19,C0292,Tharindu Fernando,Ratnapura,P021,Notebook,Stationery,3,800,0,0.0,Cash,2400.0
ORD02922,2026-02-19,C0098,Hiruni Jayasinghe,Matara,P009,Dining Table,Furniture,4,85000,0,0.0,Debit Card,340000.0
ORD00321,2026-02-19,C0323,Chamod Silva,Matara,P013,Jacket,Clothing,1,12000,5,600.0,Online Payment,11400.0
ORD01116,2026-02-20,C0417,Amal Gunawardena,Ratnapura,P018,Blender,Home Appliances,3,14000,15,6300.0,Cash,35700.0
ORD02356,2026-02-20,C0015,Dilini Wijesinghe,Kurunegala,P015,Backpack,Clothing,3,6500,10,1950.0,Debit Card,17550.0
ORD01793,2026-02-20,C0156,Isuru Samarasinghe,Kandy,P007,Office Desk,Furniture,1,55000,0,0.0,Debit Card,55000.0
ORD01975,2026-02-20,C0152,Sachini Samarasinghe,Anuradhapura,P003,Tablet,Electronics,3,65000,0,0.0,Credit Card,195000.0
ORD02344,2026-02-20,C0286,Dilini Gunawardena,Matara,P015,Backpack,Clothing,4,6500,0,0.0,Online Payment,26000.0
ORD02894,2026-02-20,C0009,Tharindu Bandara,Kurunegala,P003,Tablet,Electronics,1,65000,10,6500.0,Cash,58500.0
ORD01886,2026-02-20,C0221,Ravindu Wijesinghe,Jaffna,P020,Microwave Oven,Home Appliances,3,48000,10,14400.0,Credit Card,129600.0
ORD00053,2026-02-20,C0281,Amal Wijesinghe,Negombo,P007,Office Desk,Furniture,1,55000,10,5500.0,Online Payment,49500.0
ORD01022,2026-02-20,C0421,Hasini Perera,Anuradhapura,P021,Notebook,Stationery,2,800,0,0.0,Online Payment,1600.0
ORD02801,2026-02-21,C0201,Isuru Silva,Colombo,P025,Desk Organizer,Stationery,1,1800,0,0.0,Cash,1800.0
ORD01508,2026-02-21,C0107,Amal Gunawardena,Galle,P009,Dining Table,Furniture,1,85000,10,8500.0,Cash,76500.0
ORD00860,2026-02-21,C0460,Dilini Fernando,Matara,P024,File Folder,Stationery,3,650,5,97.5,Cash,1852.5
ORD02338,2026-02-21,C0130,Sachini Bandara,Colombo,P022,Pen Set,Stationery,5,1200,0,0.0,Debit Card,6000.0
ORD01158,2026-02-22,C0269,Kavindu Bandara,Jaffna,P011,T-Shirt,Clothing,1,4500,0,0.0,Online Payment,4500.0
ORD01391,2026-02-22,C0346,Hasini Silva,Batticaloa,P009,Dining Table,Furniture,3,85000,10,25500.0,Debit Card,229500.0
ORD01344,2026-02-22,C0291,Piumi Fernando,Kurunegala,P006,Office Chair,Furniture,2,35000,15,10500.0,Credit Card,59500.0
ORD01214,2026-02-22,C0460,Hiruni Fernando,Ratnapura,P025,Desk Organizer,Stationery,1,1800,10,180.0,Online Payment,1620.0
ORD01652,2026-02-22,C0196,Ayesha Silva,Kurunegala,P006,Office Chair,Furniture,1,35000,10,3500.0,Credit Card,31500.0
ORD02892,2026-02-22,C0195,Amal Bandara,Matara,P004,Wireless Headphones,Electronics,3,18000,0,0.0,Debit Card,54000.0
ORD00652,2026-02-23,C0392,Amal Wijesinghe,Matara,P008,Bookshelf,Furniture,2,28000,5,2800.0,Credit Card,53200.0
ORD00272,2026-02-23,C0077,Kavindu Gunawardena,Galle,P025,Desk Organizer,Stationery,2,1800,5,180.0,Credit Card,3420.0
ORD00172,2026-02-23,C0397,Sanduni Karunaratne,Colombo,P021,Notebook,Stationery,2,800,0,0.0,Debit Card,1600.0
ORD02065,2026-02-23,C0015,Sanduni Bandara,Batticaloa,P025,Desk Organizer,Stationery,1,1800,0,0.0,Online Payment,1800.0
ORD02544,2026-02-23,C0168,Isuru Jayasinghe,Jaffna,P016,Coffee Maker,Home Appliances,3,22000,0,0.0,Cash,66000.0
ORD01082,2026-02-23,C0226,Dinithi Fernando,Galle,P003,Tablet,Electronics,1,65000,10,6500.0,Cash,58500.0
ORD02136,2026-02-24,C0239,Tharindu Perera,Kandy,P020,Microwave Oven,Home Appliances,3,48000,0,0.0,Cash,144000.0
ORD02487,2026-02-24,C0011,Chamod Perera,Colombo,P001,Laptop,Electronics,1,180000,5,9000.0,Credit Card,171000.0
ORD00803,2026-02-24,C0328,Sahan Gunawardena,Galle,P018,Blender,Home Appliances,1,14000,0,0.0,Credit Card,14000.0
ORD01306,2026-02-25,C0439,Ravindu Silva,Kurunegala,P016,Coffee Maker,Home Appliances,1,22000,10,2200.0,Debit Card,19800.0
ORD02833,2026-02-25,C0289,Dinithi Silva,Colombo,P013,Jacket,Clothing,1,12000,0,0.0,Online Payment,12000.0
ORD00025,2026-02-25,C0240,Nimal Fernando,Colombo,P013,Jacket,Clothing,2,12000,0,0.0,Credit Card,24000.0
ORD02172,2026-02-25,C0465,Sachini Fernando,Galle,P007,Office Desk,Furniture,1,55000,0,0.0,Online Payment,55000.0
ORD00148,2026-02-25,C0182,Tharushi Perera,Negombo,P020,Microwave Oven,Home Appliances,1,48000,0,0.0,Credit Card,48000.0
ORD02830,2026-02-25,C0078,Isuru Silva,Jaffna,P014,Sneakers,Clothing,1,15000,10,1500.0,Online Payment,13500.0
ORD01612,2026-02-25,C0072,Tharindu Rathnayake,Galle,P025,Desk Organizer,Stationery,5,1800,5,450.0,Online Payment,8550.0
ORD01204,2026-02-26,C0370,Sanduni Rathnayake,Colombo,P010,Computer Table,Furniture,1,42000,0,0.0,Cash,42000.0
ORD00732,2026-02-26,C0051,Hiruni Fernando,Anuradhapura,P012,Jeans,Clothing,1,7500,5,375.0,Debit Card,7125.0
ORD02792,2026-02-26,C0386,Tharushi Perera,Kurunegala,P002,Smartphone,Electronics,1,95000,5,4750.0,Online Payment,90250.0
ORD00337,2026-02-26,C0471,Nimal Wijesinghe,Galle,P023,Calculator,Stationery,3,2500,5,375.0,Credit Card,7125.0
ORD01040,2026-02-26,C0391,Piumi Fernando,Kurunegala,P003,Tablet,Electronics,3,65000,10,19500.0,Online Payment,175500.0
ORD02638,2026-02-26,C0160,Chamod Bandara,Kurunegala,P015,Backpack,Clothing,1,6500,5,325.0,Cash,6175.0
ORD00787,2026-02-26,C0297,Sanduni Jayasinghe,Anuradhapura,P019,Rice Cooker,Home Appliances,2,18000,15,5400.0,Online Payment,30600.0
ORD00814,2026-02-26,C0175,Chamod Fernando,Jaffna,P005,Smart Watch,Electronics,2,25000,5,2500.0,Cash,47500.0
ORD00586,2026-02-26,C0452,Piumi Gunawardena,Matara,P008,Bookshelf,Furniture,1,28000,10,2800.0,Online Payment,25200.0
ORD01077,2026-02-26,C0386,Kasun Fernando,Batticaloa,P025,Desk Organizer,Stationery,3,1800,0,0.0,Debit Card,5400.0
ORD00856,2026-02-27,C0137,Kavindu Silva,Negombo,P022,Pen Set,Stationery,2,1200,10,240.0,Credit Card,2160.0
ORD01358,2026-02-27,C0383,Piumi Karunaratne,Colombo,P001,Laptop,Electronics,3,180000,5,27000.0,Cash,513000.0
ORD00617,2026-02-27,C0392,Tharushi Jayasinghe,Batticaloa,P008,Bookshelf,Furniture,2,28000,5,2800.0,Online Payment,53200.0
ORD01779,2026-02-27,C0090,Amal Karunaratne,Colombo,P022,Pen Set,Stationery,1,1200,5,60.0,Debit Card,1140.0
ORD00659,2026-02-28,C0166,Nethmi Perera,Galle,P015,Backpack,Clothing,2,6500,5,650.0,Online Payment,12350.0
ORD00403,2026-02-28,C0253,Sachini Jayasinghe,Ratnapura,P013,Jacket,Clothing,1,12000,15,1800.0,Credit Card,10200.0
ORD00675,2026-02-28,C0024,Sanduni Jayasinghe,Ratnapura,P021,Notebook,Stationery,1,800,5,40.0,Debit Card,760.0
ORD00102,2026-02-28,C0028,Isuru Samarasinghe,Kurunegala,P020,Microwave Oven,Home Appliances,3,48000,15,21600.0,Cash,122400.0
ORD00443,2026-02-28,C0028,Tharindu Silva,Jaffna,P011,T-Shirt,Clothing,1,4500,15,675.0,Credit Card,3825.0
ORD01565,2026-02-28,C0423,Tharindu Silva,Batticaloa,P010,Computer Table,Furniture,2,42000,0,0.0,Online Payment,84000.0
ORD01247,2026-03-01,C0345,Ravindu Perera,Matara,P002,Smartphone,Electronics,1,95000,0,0.0,Debit Card,95000.0
ORD02943,2026-03-01,C0196,Dilini Wijesinghe,Kurunegala,P004,Wireless Headphones,Electronics,1,18000,5,900.0,Debit Card,17100.0
ORD00057,2026-03-01,C0454,Hasini Bandara,Matara,P016,Coffee Maker,Home Appliances,1,22000,0,0.0,Cash,22000.0
ORD01902,2026-03-02,C0048,Ayesha Jayasinghe,Galle,P002,Smartphone,Electronics,3,95000,5,14250.0,Online Payment,270750.0
ORD01972,2026-03-02,C0056,Tharushi Bandara,Galle,P009,Dining Table,Furniture,2,85000,10,17000.0,Online Payment,153000.0
ORD00256,2026-03-02,C0360,Piumi Rathnayake,Ratnapura,P022,Pen Set,Stationery,3,1200,5,180.0,Cash,3420.0
ORD01926,2026-03-02,C0384,Amal Jayasinghe,Anuradhapura,P003,Tablet,Electronics,1,65000,0,0.0,Cash,65000.0
ORD00754,2026-03-02,C0087,Dilini Samarasinghe,Galle,P015,Backpack,Clothing,1,6500,0,0.0,Credit Card,6500.0
ORD00894,2026-03-03,C0472,Kasun Bandara,Anuradhapura,P022,Pen Set,Stationery,1,1200,10,120.0,Cash,1080.0
ORD02701,2026-03-03,C0220,Sahan Silva,Colombo,P015,Backpack,Clothing,2,6500,10,1300.0,Credit Card,11700.0
ORD02099,2026-03-03,C0030,Sanduni Karunaratne,Ratnapura,P014,Sneakers,Clothing,3,15000,15,6750.0,Online Payment,38250.0
ORD02122,2026-03-04,C0063,Ayesha Rathnayake,Anuradhapura,P008,Bookshelf,Furniture,1,28000,10,2800.0,Debit Card,25200.0
ORD00815,2026-03-04,C0236,Kasun Fernando,Galle,P001,Laptop,Electronics,1,180000,5,9000.0,Debit Card,171000.0
ORD02703,2026-03-04,C0355,Tharindu Jayasinghe,Batticaloa,P005,Smart Watch,Electronics,1,25000,10,2500.0,Online Payment,22500.0
ORD01908,2026-03-04,C0476,Nethmi Karunaratne,Batticaloa,P008,Bookshelf,Furniture,4,28000,5,5600.0,Online Payment,106400.0
ORD01134,2026-03-05,C0362,Nethmi Silva,Anuradhapura,P012,Jeans,Clothing,3,7500,5,1125.0,Debit Card,21375.0
ORD00455,2026-03-05,C0426,Dinesh Samarasinghe,Batticaloa,P004,Wireless Headphones,Electronics,1,18000,0,0.0,Online Payment,18000.0
ORD01001,2026-03-05,C0169,Chamod Fernando,Anuradhapura,P002,Smartphone,Electronics,1,95000,0,0.0,Credit Card,95000.0
ORD00759,2026-03-05,C0003,Piumi Bandara,Jaffna,P004,Wireless Headphones,Electronics,5,18000,0,0.0,Debit Card,90000.0
ORD02182,2026-03-05,C0243,Sanduni Rathnayake,Kandy,P006,Office Chair,Furniture,3,35000,10,10500.0,Cash,94500.0
ORD02640,2026-03-05,C0481,Kasun Silva,Kurunegala,P012,Jeans,Clothing,2,7500,5,750.0,Online Payment,14250.0
ORD01875,2026-03-05,C0292,Isuru Gunawardena,Galle,P014,Sneakers,Clothing,2,15000,5,1500.0,Credit Card,28500.0
ORD00566,2026-03-06,C0359,Dilini Jayasinghe,Matara,P009,Dining Table,Furniture,1,85000,0,0.0,Credit Card,85000.0
ORD02767,2026-03-06,C0495,Amal Samarasinghe,Galle,P015,Backpack,Clothing,1,6500,0,0.0,Debit Card,6500.0
ORD00663,2026-03-06,C0158,Kavindu Rathnayake,Negombo,P021,Notebook,Stationery,1,800,0,0.0,Credit Card,800.0
ORD02260,2026-03-06,C0281,Isuru Wijesinghe,Ratnapura,P005,Smart Watch,Electronics,1,25000,10,2500.0,Credit Card,22500.0
ORD02597,2026-03-06,C0052,Dinesh Samarasinghe,Batticaloa,P002,Smartphone,Electronics,1,95000,5,4750.0,Online Payment,90250.0
ORD00387,2026-03-06,C0103,Hiruni Bandara,Ratnapura,P001,Laptop,Electronics,5,180000,10,90000.0,Online Payment,810000.0
ORD00574,2026-03-08,C0324,Dinithi Karunaratne,Matara,P003,Tablet,Electronics,1,65000,10,6500.0,Credit Card,58500.0
ORD02253,2026-03-08,C0401,Piumi Silva,Jaffna,P011,T-Shirt,Clothing,1,4500,10,450.0,Cash,4050.0
ORD00719,2026-03-08,C0181,Kavindu Wijesinghe,Galle,P002,Smartphone,Electronics,2,95000,5,9500.0,Debit Card,180500.0
ORD01798,2026-03-09,C0353,Hasini Karunaratne,Kurunegala,P022,Pen Set,Stationery,1,1200,0,0.0,Online Payment,1200.0
ORD01120,2026-03-10,C0484,Amal Bandara,Negombo,P002,Smartphone,Electronics,4,95000,5,19000.0,Online Payment,361000.0
ORD00863,2026-03-10,C0112,Tharindu Fernando,Galle,P007,Office Desk,Furniture,4,55000,15,33000.0,Online Payment,187000.0
ORD00947,2026-03-10,C0226,Ayesha Gunawardena,Galle,P005,Smart Watch,Electronics,2,25000,15,7500.0,Online Payment,42500.0
ORD00433,2026-03-10,C0459,Sachini Jayasinghe,Anuradhapura,P009,Dining Table,Furniture,1,85000,5,4250.0,Online Payment,80750.0
ORD00327,2026-03-10,C0096,Ayesha Samarasinghe,Galle,P018,Blender,Home Appliances,1,14000,5,700.0,Credit Card,13300.0
ORD02910,2026-03-10,C0316,Isuru Bandara,Galle,P017,Electric Kettle,Home Appliances,1,8500,0,0.0,Credit Card,8500.0
ORD00261,2026-03-10,C0177,Kasun Samarasinghe,Colombo,P003,Tablet,Electronics,5,65000,15,48750.0,Cash,276250.0
ORD02713,2026-03-10,C0085,Nimal Wijesinghe,Galle,P020,Microwave Oven,Home Appliances,3,48000,10,14400.0,Cash,129600.0
ORD01076,2026-03-10,C0085,Tharushi Wijesinghe,Negombo,P017,Electric Kettle,Home Appliances,4,8500,10,3400.0,Debit Card,30600.0
ORD02744,2026-03-10,C0438,Sahan Rathnayake,Kurunegala,P005,Smart Watch,Electronics,2,25000,10,5000.0,Debit Card,45000.0
ORD02506,2026-03-10,C0303,Kavindu Fernando,Anuradhapura,P019,Rice Cooker,Home Appliances,2,18000,15,5400.0,Cash,30600.0
ORD00714,2026-03-11,C0310,Amal Karunaratne,Anuradhapura,P024,File Folder,Stationery,1,650,5,32.5,Online Payment,617.5
ORD01456,2026-03-11,C0110,Dinithi Samarasinghe,Jaffna,P013,Jacket,Clothing,1,12000,0,0.0,Credit Card,12000.0
ORD02166,2026-03-12,C0052,Kavindu Jayasinghe,Batticaloa,P001,Laptop,Electronics,3,180000,0,0.0,Cash,540000.0
ORD00094,2026-03-12,C0059,Piumi Bandara,Galle,P009,Dining Table,Furniture,3,85000,0,0.0,Cash,255000.0
ORD01438,2026-03-12,C0359,Kasun Gunawardena,Galle,P025,Desk Organizer,Stationery,1,1800,0,0.0,Credit Card,1800.0
ORD02218,2026-03-12,C0083,Chamod Fernando,Galle,P005,Smart Watch,Electronics,1,25000,15,3750.0,Online Payment,21250.0
ORD02686,2026-03-12,C0308,Kasun Perera,Kurunegala,P008,Bookshelf,Furniture,1,28000,0,0.0,Debit Card,28000.0
ORD02225,2026-03-12,C0039,Tharindu Fernando,Galle,P002,Smartphone,Electronics,1,95000,5,4750.0,Credit Card,90250.0
ORD02376,2026-03-12,C0014,Dinithi Wijesinghe,Jaffna,P019,Rice Cooker,Home Appliances,2,18000,0,0.0,Credit Card,36000.0
ORD02162,2026-03-13,C0361,Tharushi Karunaratne,Negombo,P016,Coffee Maker,Home Appliances,1,22000,0,0.0,Cash,22000.0
ORD02064,2026-03-13,C0444,Ravindu Samarasinghe,Jaffna,P004,Wireless Headphones,Electronics,3,18000,0,0.0,Debit Card,54000.0
ORD01950,2026-03-13,C0394,Amal Rathnayake,Ratnapura,P003,Tablet,Electronics,2,65000,10,13000.0,Debit Card,117000.0
ORD02990,2026-03-13,C0263,Kavindu Wijesinghe,Matara,P016,Coffee Maker,Home Appliances,2,22000,5,2200.0,Cash,41800.0
ORD01480,2026-03-13,C0397,Sahan Karunaratne,Matara,P019,Rice Cooker,Home Appliances,1,18000,0,0.0,Debit Card,18000.0
ORD01665,2026-03-13,C0207,Tharushi Gunawardena,Kandy,P016,Coffee Maker,Home Appliances,1,22000,0,0.0,Debit Card,22000.0
ORD02642,2026-03-13,C0210,Amal Perera,Kandy,P005,Smart Watch,Electronics,2,25000,0,0.0,Online Payment,50000.0
ORD00146,2026-03-14,C0161,Sahan Jayasinghe,Galle,P022,Pen Set,Stationery,4,1200,0,0.0,Cash,4800.0
ORD01356,2026-03-14,C0282,Tharindu Fernando,Anuradhapura,P004,Wireless Headphones,Electronics,3,18000,10,5400.0,Debit Card,48600.0
ORD01576,2026-03-14,C0078,Sahan Bandara,Batticaloa,P022,Pen Set,Stationery,3,1200,15,540.0,Credit Card,3060.0
ORD00984,2026-03-14,C0329,Nimal Jayasinghe,Matara,P014,Sneakers,Clothing,1,15000,15,2250.0,Online Payment,12750.0
ORD02467,2026-03-14,C0325,Isuru Silva,Batticaloa,P024,File Folder,Stationery,1,650,5,32.5,Debit Card,617.5
ORD02120,2026-03-14,C0410,Sanduni Karunaratne,Kandy,P021,Notebook,Stationery,1,800,0,0.0,Credit Card,800.0
ORD00670,2026-03-14,C0432,Piumi Fernando,Negombo,P016,Coffee Maker,Home Appliances,1,22000,5,1100.0,Debit Card,20900.0
ORD00654,2026-03-14,C0208,Nimal Karunaratne,Matara,P024,File Folder,Stationery,1,650,0,0.0,Cash,650.0
ORD00851,2026-03-14,C0108,Dilini Fernando,Negombo,P017,Electric Kettle,Home Appliances,3,8500,10,2550.0,Debit Card,22950.0
ORD02785,2026-03-14,C0026,Kavindu Rathnayake,Matara,P024,File Folder,Stationery,1,650,5,32.5,Online Payment,617.5
ORD02382,2026-03-14,C0045,Hiruni Jayasinghe,Colombo,P016,Coffee Maker,Home Appliances,1,22000,0,0.0,Online Payment,22000.0
ORD00271,2026-03-14,C0285,Ayesha Perera,Kurunegala,P021,Notebook,Stationery,2,800,10,160.0,Online Payment,1440.0
ORD00251,2026-03-14,C0264,Sanduni Fernando,Matara,P022,Pen Set,Stationery,1,1200,0,0.0,Online Payment,1200.0
ORD02305,2026-03-15,C0024,Hiruni Karunaratne,Negombo,P003,Tablet,Electronics,1,65000,5,3250.0,Cash,61750.0
ORD02968,2026-03-15,C0162,Sahan Samarasinghe,Anuradhapura,P002,Smartphone,Electronics,2,95000,5,9500.0,Online Payment,180500.0
ORD01135,2026-03-15,C0267,Ravindu Wijesinghe,Kandy,P010,Computer Table,Furniture,1,42000,10,4200.0,Cash,37800.0
ORD00067,2026-03-15,C0070,Nethmi Silva,Colombo,P009,Dining Table,Furniture,1,85000,5,4250.0,Online Payment,80750.0
ORD00335,2026-03-15,C0085,Dinithi Silva,Jaffna,P007,Office Desk,Furniture,3,55000,10,16500.0,Debit Card,148500.0
ORD00513,2026-03-15,C0087,Amal Jayasinghe,Jaffna,P008,Bookshelf,Furniture,2,28000,10,5600.0,Debit Card,50400.0
ORD02845,2026-03-15,C0312,Dinesh Karunaratne,Negombo,P018,Blender,Home Appliances,4,14000,10,5600.0,Credit Card,50400.0
ORD00491,2026-03-15,C0143,Piumi Wijesinghe,Galle,P006,Office Chair,Furniture,2,35000,5,3500.0,Cash,66500.0
ORD02645,2026-03-16,C0223,Sanduni Bandara,Negombo,P010,Computer Table,Furniture,1,42000,0,0.0,Debit Card,42000.0
ORD01153,2026-03-16,C0500,Dinithi Perera,Matara,P016,Coffee Maker,Home Appliances,1,22000,15,3300.0,Cash,18700.0
ORD00322,2026-03-16,C0200,Amal Bandara,Jaffna,P009,Dining Table,Furniture,3,85000,0,0.0,Cash,255000.0
ORD01154,2026-03-16,C0127,Dinithi Silva,Ratnapura,P006,Office Chair,Furniture,1,35000,0,0.0,Debit Card,35000.0
ORD00158,2026-03-17,C0090,Tharindu Gunawardena,Ratnapura,P023,Calculator,Stationery,1,2500,10,250.0,Cash,2250.0
ORD00199,2026-03-17,C0309,Chamod Samarasinghe,Negombo,P011,T-Shirt,Clothing,1,4500,10,450.0,Debit Card,4050.0
ORD00838,2026-03-17,C0451,Dinesh Gunawardena,Anuradhapura,P011,T-Shirt,Clothing,3,4500,15,2025.0,Online Payment,11475.0
ORD02614,2026-03-17,C0277,Sachini Wijesinghe,Batticaloa,P018,Blender,Home Appliances,3,14000,5,2100.0,Online Payment,39900.0
ORD01653,2026-03-17,C0451,Sahan Rathnayake,Kandy,P006,Office Chair,Furniture,1,35000,5,1750.0,Credit Card,33250.0
ORD01837,2026-03-17,C0124,Ravindu Bandara,Batticaloa,P020,Microwave Oven,Home Appliances,2,48000,5,4800.0,Debit Card,91200.0
ORD01292,2026-03-18,C0109,Tharindu Gunawardena,Ratnapura,P014,Sneakers,Clothing,2,15000,0,0.0,Online Payment,30000.0
ORD02856,2026-03-18,C0014,Nethmi Samarasinghe,Matara,P005,Smart Watch,Electronics,3,25000,10,7500.0,Cash,67500.0
ORD00880,2026-03-18,C0439,Isuru Karunaratne,Jaffna,P010,Computer Table,Furniture,2,42000,5,4200.0,Online Payment,79800.0
ORD02149,2026-03-18,C0219,Hasini Perera,Matara,P008,Bookshelf,Furniture,1,28000,5,1400.0,Cash,26600.0
ORD01573,2026-03-18,C0419,Sahan Rathnayake,Anuradhapura,P024,File Folder,Stationery,1,650,10,65.0,Cash,585.0
ORD01553,2026-03-19,C0345,Kavindu Fernando,Anuradhapura,P011,T-Shirt,Clothing,2,4500,0,0.0,Credit Card,9000.0
ORD02634,2026-03-19,C0227,Tharindu Perera,Kandy,P002,Smartphone,Electronics,2,95000,5,9500.0,Cash,180500.0
ORD02869,2026-03-19,C0250,Nimal Samarasinghe,Batticaloa,P018,Blender,Home Appliances,1,14000,0,0.0,Credit Card,14000.0
ORD01329,2026-03-19,C0075,Amal Silva,Galle,P024,File Folder,Stationery,2,650,0,0.0,Credit Card,1300.0
ORD01227,2026-03-20,C0103,Sachini Jayasinghe,Kandy,P011,T-Shirt,Clothing,1,4500,15,675.0,Credit Card,3825.0
ORD00935,2026-03-21,C0032,Sachini Perera,Galle,P019,Rice Cooker,Home Appliances,1,18000,5,900.0,Online Payment,17100.0
ORD00903,2026-03-21,C0323,Tharushi Fernando,Colombo,P017,Electric Kettle,Home Appliances,1,8500,15,1275.0,Credit Card,7225.0
ORD01586,2026-03-21,C0485,Kavindu Bandara,Kandy,P021,Notebook,Stationery,2,800,10,160.0,Online Payment,1440.0
ORD00625,2026-03-21,C0214,Dinesh Bandara,Batticaloa,P001,Laptop,Electronics,2,180000,10,36000.0,Cash,324000.0
ORD00305,2026-03-22,C0142,Tharushi Wijesinghe,Anuradhapura,P003,Tablet,Electronics,1,65000,5,3250.0,Online Payment,61750.0
ORD01094,2026-03-22,C0367,Amal Silva,Kurunegala,P013,Jacket,Clothing,3,12000,5,1800.0,Debit Card,34200.0
ORD00762,2026-03-22,C0129,Sanduni Karunaratne,Anuradhapura,P002,Smartphone,Electronics,1,95000,0,0.0,Credit Card,95000.0
ORD01737,2026-03-22,C0486,Chamod Rathnayake,Colombo,P012,Jeans,Clothing,4,7500,0,0.0,Debit Card,30000.0
ORD00766,2026-03-23,C0075,Isuru Karunaratne,Anuradhapura,P006,Office Chair,Furniture,1,35000,0,0.0,Online Payment,35000.0
ORD01681,2026-03-23,C0316,Dilini Rathnayake,Galle,P015,Backpack,Clothing,2,6500,0,0.0,Credit Card,13000.0
ORD02213,2026-03-23,C0135,Chamod Perera,Negombo,P011,T-Shirt,Clothing,1,4500,10,450.0,Online Payment,4050.0
ORD02472,2026-03-23,C0126,Nethmi Silva,Matara,P006,Office Chair,Furniture,3,35000,5,5250.0,Credit Card,99750.0
ORD01848,2026-03-23,C0371,Nethmi Gunawardena,Kandy,P014,Sneakers,Clothing,1,15000,5,750.0,Debit Card,14250.0
ORD02525,2026-03-23,C0447,Ayesha Silva,Kurunegala,P014,Sneakers,Clothing,3,15000,0,0.0,Credit Card,45000.0
ORD00742,2026-03-23,C0207,Kasun Samarasinghe,Jaffna,P001,Laptop,Electronics,1,180000,15,27000.0,Cash,153000.0
ORD00397,2026-03-24,C0406,Ayesha Jayasinghe,Galle,P023,Calculator,Stationery,4,2500,10,1000.0,Credit Card,9000.0
ORD02164,2026-03-24,C0456,Sachini Gunawardena,Galle,P003,Tablet,Electronics,1,65000,0,0.0,Credit Card,65000.0
ORD00712,2026-03-24,C0500,Tharindu Fernando,Galle,P021,Notebook,Stationery,3,800,15,360.0,Online Payment,2040.0
ORD02681,2026-03-24,C0318,Dinesh Bandara,Batticaloa,P012,Jeans,Clothing,2,7500,0,0.0,Cash,15000.0
ORD00928,2026-03-25,C0410,Nethmi Fernando,Kandy,P020,Microwave Oven,Home Appliances,2,48000,0,0.0,Cash,96000.0
ORD00505,2026-03-25,C0196,Sachini Perera,Anuradhapura,P006,Office Chair,Furniture,2,35000,0,0.0,Online Payment,70000.0
ORD01952,2026-03-25,C0464,Tharindu Perera,Jaffna,P021,Notebook,Stationery,1,800,5,40.0,Credit Card,760.0
ORD00179,2026-03-25,C0023,Tharushi Jayasinghe,Jaffna,P015,Backpack,Clothing,2,6500,15,1950.0,Credit Card,11050.0
ORD02232,2026-03-25,C0462,Sachini Bandara,Jaffna,P022,Pen Set,Stationery,1,1200,0,0.0,Online Payment,1200.0
ORD02301,2026-03-25,C0145,Nimal Rathnayake,Kandy,P025,Desk Organizer,Stationery,1,1800,5,90.0,Credit Card,1710.0
ORD02181,2026-03-25,C0478,Amal Samarasinghe,Galle,P002,Smartphone,Electronics,3,95000,5,14250.0,Cash,270750.0
ORD02405,2026-03-25,C0334,Sachini Perera,Anuradhapura,P011,T-Shirt,Clothing,2,4500,15,1350.0,Online Payment,7650.0
ORD01865,2026-03-26,C0130,Ayesha Gunawardena,Anuradhapura,P023,Calculator,Stationery,1,2500,5,125.0,Online Payment,2375.0
ORD01346,2026-03-26,C0219,Sachini Fernando,Batticaloa,P003,Tablet,Electronics,1,65000,5,3250.0,Cash,61750.0
ORD01639,2026-03-26,C0213,Piumi Samarasinghe,Batticaloa,P007,Office Desk,Furniture,1,55000,10,5500.0,Online Payment,49500.0
ORD01148,2026-03-26,C0337,Nethmi Silva,Galle,P012,Jeans,Clothing,2,7500,0,0.0,Debit Card,15000.0
ORD01025,2026-03-26,C0231,Piumi Perera,Kurunegala,P005,Smart Watch,Electronics,2,25000,0,0.0,Debit Card,50000.0
ORD00171,2026-03-26,C0269,Hiruni Karunaratne,Galle,P012,Jeans,Clothing,1,7500,5,375.0,Online Payment,7125.0
ORD00931,2026-03-26,C0497,Tharushi Perera,Jaffna,P016,Coffee Maker,Home Appliances,1,22000,0,0.0,Cash,22000.0
ORD01873,2026-03-27,C0375,Sahan Silva,Galle,P025,Desk Organizer,Stationery,4,1800,0,0.0,Online Payment,7200.0
ORD02794,2026-03-27,C0341,Isuru Perera,Matara,P016,Coffee Maker,Home Appliances,2,22000,0,0.0,Credit Card,44000.0
ORD01377,2026-03-28,C0093,Sahan Wijesinghe,Negombo,P016,Coffee Maker,Home Appliances,1,22000,0,0.0,Credit Card,22000.0
ORD01046,2026-03-28,C0184,Chamod Bandara,Colombo,P022,Pen Set,Stationery,2,1200,15,360.0,Cash,2040.0
ORD02415,2026-03-28,C0041,Dinesh Karunaratne,Kurunegala,P005,Smart Watch,Electronics,2,25000,10,5000.0,Credit Card,45000.0
ORD00791,2026-03-28,C0134,Dilini Silva,Jaffna,P018,Blender,Home Appliances,2,14000,10,2800.0,Debit Card,25200.0
ORD00739,2026-03-29,C0367,Sahan Fernando,Colombo,P003,Tablet,Electronics,1,65000,5,3250.0,Online Payment,61750.0
ORD02898,2026-03-29,C0291,Sahan Perera,Matara,P009,Dining Table,Furniture,2,85000,10,17000.0,Credit Card,153000.0
ORD00425,2026-03-29,C0109,Tharushi Rathnayake,Ratnapura,P012,Jeans,Clothing,3,7500,0,0.0,Cash,22500.0
ORD02036,2026-03-29,C0090,Isuru Wijesinghe,Ratnapura,P024,File Folder,Stationery,1,650,5,32.5,Debit Card,617.5
ORD00583,2026-03-29,C0158,Dilini Gunawardena,Negombo,P005,Smart Watch,Electronics,1,25000,0,0.0,Credit Card,25000.0
ORD00155,2026-03-29,C0213,Sahan Bandara,Ratnapura,P004,Wireless Headphones,Electronics,1,18000,0,0.0,Debit Card,18000.0
ORD00054,2026-03-29,C0227,Isuru Samarasinghe,Anuradhapura,P024,File Folder,Stationery,1,650,0,0.0,Debit Card,650.0
ORD01457,2026-03-29,C0185,Hiruni Bandara,Colombo,P019,Rice Cooker,Home Appliances,1,18000,0,0.0,Debit Card,18000.0
ORD02214,2026-03-30,C0175,Piumi Perera,Batticaloa,P015,Backpack,Clothing,3,6500,5,975.0,Debit Card,18525.0
ORD00934,2026-03-30,C0075,Amal Samarasinghe,Kandy,P003,Tablet,Electronics,1,65000,10,6500.0,Credit Card,58500.0
ORD02963,2026-03-31,C0099,Amal Gunawardena,Matara,P006,Office Chair,Furniture,3,35000,5,5250.0,Cash,99750.0
ORD01694,2026-03-31,C0488,Sachini Rathnayake,Kurunegala,P011,T-Shirt,Clothing,1,4500,10,450.0,Credit Card,4050.0
ORD01362,2026-03-31,C0366,Kavindu Jayasinghe,Ratnapura,P010,Computer Table,Furniture,3,42000,5,6300.0,Debit Card,119700.0
ORD01615,2026-03-31,C0073,Sahan Jayasinghe,Colombo,P021,Notebook,Stationery,1,800,5,40.0,Cash,760.0
ORD00330,2026-03-31,C0251,Chamod Fernando,Batticaloa,P001,Laptop,Electronics,3,180000,5,27000.0,Debit Card,513000.0
ORD01974,2026-04-01,C0143,Sanduni Wijesinghe,Batticaloa,P007,Office Desk,Furniture,4,55000,0,0.0,Credit Card,220000.0
ORD01016,2026-04-01,C0266,Dilini Bandara,Batticaloa,P002,Smartphone,Electronics,1,95000,10,9500.0,Online Payment,85500.0
ORD02866,2026-04-01,C0274,Piumi Perera,Galle,P013,Jacket,Clothing,1,12000,10,1200.0,Cash,10800.0
ORD01389,2026-04-01,C0376,Tharushi Jayasinghe,Kandy,P012,Jeans,Clothing,2,7500,0,0.0,Debit Card,15000.0
ORD01511,2026-04-01,C0078,Nethmi Rathnayake,Jaffna,P018,Blender,Home Appliances,2,14000,10,2800.0,Debit Card,25200.0
ORD01659,2026-04-01,C0016,Dinithi Perera,Ratnapura,P004,Wireless Headphones,Electronics,3,18000,5,2700.0,Debit Card,51300.0
ORD01807,2026-04-01,C0414,Dinesh Fernando,Galle,P005,Smart Watch,Electronics,1,25000,0,0.0,Online Payment,25000.0
ORD01266,2026-04-02,C0217,Dinithi Wijesinghe,Kurunegala,P020,Microwave Oven,Home Appliances,1,48000,10,4800.0,Online Payment,43200.0
ORD01628,2026-04-02,C0402,Nimal Jayasinghe,Anuradhapura,P023,Calculator,Stationery,5,2500,5,625.0,Credit Card,11875.0
ORD01179,2026-04-02,C0119,Tharushi Jayasinghe,Galle,P016,Coffee Maker,Home Appliances,1,22000,0,0.0,Online Payment,22000.0
ORD00694,2026-04-02,C0316,Dilini Wijesinghe,Kurunegala,P007,Office Desk,Furniture,2,55000,0,0.0,Online Payment,110000.0
ORD02989,2026-04-03,C0276,Nimal Silva,Jaffna,P021,Notebook,Stationery,5,800,5,200.0,Debit Card,3800.0
ORD02969,2026-04-03,C0298,Sanduni Wijesinghe,Kandy,P021,Notebook,Stationery,3,800,10,240.0,Online Payment,2160.0
ORD02743,2026-04-03,C0039,Ravindu Fernando,Anuradhapura,P012,Jeans,Clothing,1,7500,10,750.0,Credit Card,6750.0
ORD00109,2026-04-03,C0276,Ayesha Jayasinghe,Kurunegala,P018,Blender,Home Appliances,3,14000,10,4200.0,Online Payment,37800.0
ORD01500,2026-04-03,C0167,Kavindu Perera,Batticaloa,P004,Wireless Headphones,Electronics,1,18000,0,0.0,Online Payment,18000.0
ORD00990,2026-04-03,C0297,Dinesh Fernando,Colombo,P002,Smartphone,Electronics,1,95000,0,0.0,Credit Card,95000.0
ORD00723,2026-04-03,C0190,Chamod Wijesinghe,Jaffna,P016,Coffee Maker,Home Appliances,1,22000,0,0.0,Debit Card,22000.0
ORD01416,2026-04-03,C0167,Ravindu Gunawardena,Kandy,P006,Office Chair,Furniture,1,35000,10,3500.0,Cash,31500.0
ORD02167,2026-04-03,C0302,Ayesha Rathnayake,Kandy,P009,Dining Table,Furniture,1,85000,5,4250.0,Credit Card,80750.0
ORD02676,2026-04-04,C0450,Tharushi Samarasinghe,Kandy,P001,Laptop,Electronics,1,180000,5,9000.0,Cash,171000.0
ORD00081,2026-04-04,C0406,Amal Fernando,Negombo,P008,Bookshelf,Furniture,1,28000,5,1400.0,Debit Card,26600.0
ORD02520,2026-04-05,C0292,Nimal Samarasinghe,Anuradhapura,P024,File Folder,Stationery,4,650,0,0.0,Online Payment,2600.0
ORD00416,2026-04-05,C0089,Chamod Bandara,Jaffna,P005,Smart Watch,Electronics,1,25000,0,0.0,Online Payment,25000.0
ORD02620,2026-04-05,C0484,Nimal Samarasinghe,Galle,P004,Wireless Headphones,Electronics,1,18000,10,1800.0,Debit Card,16200.0
ORD02050,2026-04-05,C0454,Tharindu Gunawardena,Matara,P022,Pen Set,Stationery,1,1200,0,0.0,Debit Card,1200.0
ORD02599,2026-04-05,C0356,Chamod Perera,Galle,P025,Desk Organizer,Stationery,1,1800,10,180.0,Credit Card,1620.0
ORD00490,2026-04-05,C0091,Kasun Silva,Galle,P024,File Folder,Stationery,2,650,10,130.0,Cash,1170.0
ORD02108,2026-04-05,C0461,Nethmi Wijesinghe,Matara,P005,Smart Watch,Electronics,2,25000,0,0.0,Debit Card,50000.0
ORD01870,2026-04-05,C0207,Sanduni Karunaratne,Anuradhapura,P012,Jeans,Clothing,2,7500,5,750.0,Debit Card,14250.0
ORD01676,2026-04-05,C0066,Ravindu Fernando,Kandy,P004,Wireless Headphones,Electronics,1,18000,15,2700.0,Cash,15300.0
ORD00204,2026-04-06,C0486,Dilini Jayasinghe,Anuradhapura,P025,Desk Organizer,Stationery,1,1800,0,0.0,Debit Card,1800.0
ORD01746,2026-04-06,C0200,Isuru Wijesinghe,Galle,P012,Jeans,Clothing,3,7500,0,0.0,Online Payment,22500.0
ORD02939,2026-04-06,C0351,Hiruni Gunawardena,Negombo,P011,T-Shirt,Clothing,1,4500,10,450.0,Debit Card,4050.0
ORD01041,2026-04-07,C0085,Sahan Bandara,Ratnapura,P002,Smartphone,Electronics,1,95000,0,0.0,Online Payment,95000.0
ORD02491,2026-04-07,C0204,Piumi Gunawardena,Galle,P015,Backpack,Clothing,3,6500,5,975.0,Credit Card,18525.0
ORD01017,2026-04-07,C0240,Tharushi Gunawardena,Kurunegala,P016,Coffee Maker,Home Appliances,1,22000,10,2200.0,Cash,19800.0
ORD02708,2026-04-07,C0030,Ayesha Samarasinghe,Batticaloa,P015,Backpack,Clothing,1,6500,10,650.0,Debit Card,5850.0
ORD02930,2026-04-07,C0224,Chamod Silva,Jaffna,P019,Rice Cooker,Home Appliances,5,18000,5,4500.0,Online Payment,85500.0
ORD02028,2026-04-08,C0354,Amal Karunaratne,Colombo,P017,Electric Kettle,Home Appliances,1,8500,0,0.0,Debit Card,8500.0
ORD02180,2026-04-08,C0485,Dilini Samarasinghe,Ratnapura,P024,File Folder,Stationery,4,650,15,390.0,Debit Card,2210.0
ORD01602,2026-04-08,C0110,Nethmi Karunaratne,Negombo,P018,Blender,Home Appliances,1,14000,5,700.0,Debit Card,13300.0
ORD00655,2026-04-08,C0234,Nimal Bandara,Ratnapura,P018,Blender,Home Appliances,1,14000,0,0.0,Online Payment,14000.0
ORD02861,2026-04-08,C0134,Sahan Karunaratne,Matara,P022,Pen Set,Stationery,1,1200,0,0.0,Online Payment,1200.0
ORD00658,2026-04-08,C0047,Hiruni Fernando,Galle,P025,Desk Organizer,Stationery,2,1800,0,0.0,Online Payment,3600.0
ORD02060,2026-04-08,C0105,Sahan Fernando,Matara,P016,Coffee Maker,Home Appliances,2,22000,0,0.0,Online Payment,44000.0
ORD00145,2026-04-08,C0455,Ravindu Gunawardena,Kurunegala,P015,Backpack,Clothing,1,6500,0,0.0,Debit Card,6500.0
ORD01089,2026-04-08,C0317,Ayesha Samarasinghe,Matara,P022,Pen Set,Stationery,1,1200,10,120.0,Cash,1080.0
ORD02017,2026-04-08,C0141,Sanduni Jayasinghe,Matara,P003,Tablet,Electronics,1,65000,0,0.0,Debit Card,65000.0
ORD00378,2026-04-08,C0158,Nethmi Wijesinghe,Kandy,P003,Tablet,Electronics,1,65000,5,3250.0,Cash,61750.0
ORD02728,2026-04-09,C0371,Amal Samarasinghe,Ratnapura,P014,Sneakers,Clothing,1,15000,0,0.0,Online Payment,15000.0
ORD01925,2026-04-09,C0097,Amal Karunaratne,Kurunegala,P001,Laptop,Electronics,5,180000,10,90000.0,Debit Card,810000.0
ORD00773,2026-04-09,C0254,Ravindu Fernando,Ratnapura,P025,Desk Organizer,Stationery,1,1800,10,180.0,Credit Card,1620.0
ORD00782,2026-04-09,C0249,Hiruni Samarasinghe,Kandy,P016,Coffee Maker,Home Appliances,2,22000,5,2200.0,Online Payment,41800.0
ORD02363,2026-04-10,C0446,Sahan Silva,Jaffna,P012,Jeans,Clothing,3,7500,0,0.0,Debit Card,22500.0
ORD02624,2026-04-10,C0123,Hasini Fernando,Batticaloa,P001,Laptop,Electronics,1,180000,0,0.0,Cash,180000.0
ORD01399,2026-04-10,C0195,Sanduni Rathnayake,Galle,P017,Electric Kettle,Home Appliances,2,8500,5,850.0,Cash,16150.0
ORD00360,2026-04-10,C0314,Dinithi Perera,Negombo,P022,Pen Set,Stationery,2,1200,0,0.0,Cash,2400.0
ORD00083,2026-04-10,C0139,Kavindu Wijesinghe,Jaffna,P004,Wireless Headphones,Electronics,2,18000,10,3600.0,Cash,32400.0
ORD00994,2026-04-10,C0265,Sanduni Karunaratne,Jaffna,P004,Wireless Headphones,Electronics,1,18000,0,0.0,Credit Card,18000.0
ORD02145,2026-04-10,C0061,Tharindu Wijesinghe,Jaffna,P014,Sneakers,Clothing,4,15000,10,6000.0,Debit Card,54000.0
ORD01393,2026-04-10,C0008,Chamod Fernando,Matara,P009,Dining Table,Furniture,3,85000,15,38250.0,Cash,216750.0
ORD02815,2026-04-11,C0082,Sachini Silva,Ratnapura,P006,Office Chair,Furniture,2,35000,10,7000.0,Credit Card,63000.0
ORD02980,2026-04-11,C0472,Nimal Bandara,Kurunegala,P002,Smartphone,Electronics,1,95000,10,9500.0,Online Payment,85500.0
ORD01240,2026-04-12,C0212,Tharushi Jayasinghe,Kurunegala,P018,Blender,Home Appliances,1,14000,10,1400.0,Cash,12600.0
ORD02140,2026-04-12,C0334,Kavindu Samarasinghe,Kandy,P005,Smart Watch,Electronics,3,25000,5,3750.0,Credit Card,71250.0
ORD01074,2026-04-12,C0484,Tharindu Wijesinghe,Jaffna,P020,Microwave Oven,Home Appliances,2,48000,0,0.0,Cash,96000.0
ORD00589,2026-04-12,C0317,Nethmi Wijesinghe,Batticaloa,P016,Coffee Maker,Home Appliances,1,22000,0,0.0,Credit Card,22000.0
ORD02445,2026-04-13,C0187,Amal Rathnayake,Matara,P005,Smart Watch,Electronics,3,25000,10,7500.0,Debit Card,67500.0
ORD00122,2026-04-13,C0433,Kavindu Bandara,Matara,P016,Coffee Maker,Home Appliances,1,22000,10,2200.0,Debit Card,19800.0
ORD01627,2026-04-13,C0435,Sahan Jayasinghe,Kurunegala,P012,Jeans,Clothing,5,7500,5,1875.0,Debit Card,35625.0
ORD01478,2026-04-13,C0304,Hasini Gunawardena,Matara,P016,Coffee Maker,Home Appliances,3,22000,5,3300.0,Debit Card,62700.0
ORD00751,2026-04-13,C0313,Chamod Karunaratne,Kandy,P004,Wireless Headphones,Electronics,1,18000,5,900.0,Cash,17100.0
ORD00473,2026-04-13,C0487,Sanduni Jayasinghe,Colombo,P008,Bookshelf,Furniture,3,28000,10,8400.0,Online Payment,75600.0
ORD01771,2026-04-14,C0201,Dinithi Silva,Anuradhapura,P016,Coffee Maker,Home Appliances,2,22000,5,2200.0,Credit Card,41800.0
ORD00478,2026-04-14,C0338,Hasini Samarasinghe,Galle,P016,Coffee Maker,Home Appliances,1,22000,0,0.0,Online Payment,22000.0
ORD00563,2026-04-14,C0500,Dinesh Samarasinghe,Anuradhapura,P011,T-Shirt,Clothing,2,4500,0,0.0,Credit Card,9000.0
ORD01670,2026-04-14,C0487,Chamod Bandara,Kurunegala,P003,Tablet,Electronics,2,65000,15,19500.0,Credit Card,110500.0
ORD02720,2026-04-15,C0094,Sahan Wijesinghe,Matara,P019,Rice Cooker,Home Appliances,1,18000,0,0.0,Online Payment,18000.0
ORD00035,2026-04-15,C0319,Hasini Fernando,Kandy,P018,Blender,Home Appliances,1,14000,5,700.0,Credit Card,13300.0
ORD00775,2026-04-16,C0440,Hasini Karunaratne,Colombo,P015,Backpack,Clothing,1,6500,0,0.0,Online Payment,6500.0
ORD01256,2026-04-16,C0475,Dinithi Fernando,Kandy,P005,Smart Watch,Electronics,1,25000,0,0.0,Cash,25000.0
ORD00974,2026-04-16,C0492,Dinithi Jayasinghe,Colombo,P023,Calculator,Stationery,1,2500,0,0.0,Online Payment,2500.0
ORD00161,2026-04-17,C0426,Dilini Fernando,Matara,P004,Wireless Headphones,Electronics,1,18000,10,1800.0,Cash,16200.0
ORD02267,2026-04-17,C0250,Nethmi Wijesinghe,Kandy,P022,Pen Set,Stationery,2,1200,15,360.0,Debit Card,2040.0
ORD02188,2026-04-17,C0298,Sachini Silva,Negombo,P021,Notebook,Stationery,1,800,10,80.0,Debit Card,720.0
ORD02500,2026-04-17,C0471,Hiruni Fernando,Kurunegala,P019,Rice Cooker,Home Appliances,1,18000,5,900.0,Debit Card,17100.0
ORD01625,2026-04-17,C0294,Hiruni Perera,Matara,P021,Notebook,Stationery,2,800,10,160.0,Cash,1440.0
ORD00595,2026-04-17,C0377,Dinesh Samarasinghe,Jaffna,P016,Coffee Maker,Home Appliances,1,22000,5,1100.0,Debit Card,20900.0
ORD01221,2026-04-17,C0133,Ayesha Wijesinghe,Anuradhapura,P021,Notebook,Stationery,4,800,0,0.0,Online Payment,3200.0
ORD00657,2026-04-18,C0086,Tharushi Wijesinghe,Batticaloa,P002,Smartphone,Electronics,2,95000,0,0.0,Online Payment,190000.0
ORD01437,2026-04-18,C0363,Ayesha Samarasinghe,Ratnapura,P024,File Folder,Stationery,5,650,0,0.0,Cash,3250.0
ORD02078,2026-04-18,C0254,Dinithi Samarasinghe,Anuradhapura,P013,Jacket,Clothing,2,12000,10,2400.0,Online Payment,21600.0
ORD02227,2026-04-18,C0284,Dilini Silva,Kurunegala,P009,Dining Table,Furniture,4,85000,0,0.0,Debit Card,340000.0
ORD01290,2026-04-18,C0449,Dinesh Fernando,Jaffna,P001,Laptop,Electronics,3,180000,0,0.0,Debit Card,540000.0
ORD02009,2026-04-18,C0492,Hiruni Gunawardena,Ratnapura,P024,File Folder,Stationery,3,650,0,0.0,Cash,1950.0
ORD00120,2026-04-18,C0327,Sahan Rathnayake,Negombo,P022,Pen Set,Stationery,1,1200,15,180.0,Debit Card,1020.0
ORD02591,2026-04-18,C0069,Amal Wijesinghe,Negombo,P003,Tablet,Electronics,1,65000,15,9750.0,Debit Card,55250.0
ORD01527,2026-04-19,C0370,Kasun Perera,Colombo,P022,Pen Set,Stationery,2,1200,15,360.0,Online Payment,2040.0
ORD00855,2026-04-19,C0076,Ravindu Silva,Negombo,P014,Sneakers,Clothing,1,15000,0,0.0,Credit Card,15000.0
ORD00009,2026-04-19,C0195,Sahan Samarasinghe,Jaffna,P022,Pen Set,Stationery,1,1200,0,0.0,Credit Card,1200.0
ORD01036,2026-04-19,C0295,Nimal Fernando,Negombo,P021,Notebook,Stationery,3,800,15,360.0,Debit Card,2040.0
ORD01858,2026-04-19,C0126,Nethmi Silva,Kandy,P023,Calculator,Stationery,1,2500,0,0.0,Cash,2500.0
ORD00978,2026-04-19,C0190,Isuru Rathnayake,Colombo,P008,Bookshelf,Furniture,2,28000,5,2800.0,Debit Card,53200.0
ORD00908,2026-04-19,C0092,Chamod Gunawardena,Colombo,P003,Tablet,Electronics,1,65000,5,3250.0,Debit Card,61750.0
ORD02302,2026-04-20,C0305,Piumi Perera,Kurunegala,P023,Calculator,Stationery,2,2500,10,500.0,Cash,4500.0
ORD02171,2026-04-20,C0303,Nethmi Fernando,Matara,P013,Jacket,Clothing,2,12000,5,1200.0,Cash,22800.0
ORD02804,2026-04-20,C0047,Nethmi Perera,Ratnapura,P014,Sneakers,Clothing,3,15000,5,2250.0,Debit Card,42750.0
ORD02770,2026-04-20,C0089,Isuru Wijesinghe,Matara,P003,Tablet,Electronics,1,65000,10,6500.0,Credit Card,58500.0
ORD01486,2026-04-20,C0362,Ravindu Fernando,Matara,P005,Smart Watch,Electronics,1,25000,0,0.0,Online Payment,25000.0
ORD00194,2026-04-21,C0357,Ayesha Silva,Galle,P003,Tablet,Electronics,2,65000,15,19500.0,Cash,110500.0
ORD01882,2026-04-21,C0464,Tharindu Fernando,Ratnapura,P017,Electric Kettle,Home Appliances,1,8500,10,850.0,Online Payment,7650.0
ORD01594,2026-04-21,C0213,Piumi Rathnayake,Galle,P020,Microwave Oven,Home Appliances,3,48000,0,0.0,Debit Card,144000.0
ORD00131,2026-04-21,C0466,Kavindu Gunawardena,Kandy,P005,Smart Watch,Electronics,1,25000,0,0.0,Debit Card,25000.0
ORD00370,2026-04-21,C0189,Hasini Rathnayake,Jaffna,P024,File Folder,Stationery,4,650,5,130.0,Credit Card,2470.0
ORD02718,2026-04-21,C0453,Amal Bandara,Kandy,P013,Jacket,Clothing,4,12000,15,7200.0,Cash,40800.0
ORD01271,2026-04-22,C0291,Sanduni Bandara,Ratnapura,P003,Tablet,Electronics,1,65000,5,3250.0,Credit Card,61750.0
ORD00071,2026-04-22,C0359,Sahan Jayasinghe,Galle,P020,Microwave Oven,Home Appliances,2,48000,0,0.0,Credit Card,96000.0
ORD01618,2026-04-23,C0219,Hasini Silva,Anuradhapura,P025,Desk Organizer,Stationery,1,1800,0,0.0,Cash,1800.0
ORD00826,2026-04-23,C0057,Hiruni Silva,Anuradhapura,P025,Desk Organizer,Stationery,1,1800,5,90.0,Cash,1710.0
ORD02998,2026-04-23,C0467,Isuru Wijesinghe,Negombo,P013,Jacket,Clothing,3,12000,5,1800.0,Online Payment,34200.0
ORD00891,2026-04-24,C0224,Dinesh Rathnayake,Colombo,P015,Backpack,Clothing,1,6500,15,975.0,Online Payment,5525.0
ORD00581,2026-04-24,C0500,Piumi Wijesinghe,Ratnapura,P015,Backpack,Clothing,1,6500,0,0.0,Online Payment,6500.0
ORD00066,2026-04-24,C0471,Tharindu Karunaratne,Ratnapura,P001,Laptop,Electronics,4,180000,0,0.0,Cash,720000.0
ORD00604,2026-04-25,C0141,Dinithi Samarasinghe,Galle,P003,Tablet,Electronics,2,65000,15,19500.0,Debit Card,110500.0
ORD01877,2026-04-25,C0469,Chamod Rathnayake,Kandy,P003,Tablet,Electronics,2,65000,10,13000.0,Debit Card,117000.0
ORD01445,2026-04-25,C0305,Chamod Fernando,Kurunegala,P021,Notebook,Stationery,2,800,5,80.0,Debit Card,1520.0
ORD01208,2026-04-25,C0245,Sanduni Gunawardena,Matara,P006,Office Chair,Furniture,1,35000,10,3500.0,Online Payment,31500.0
ORD01319,2026-04-25,C0182,Tharushi Rathnayake,Matara,P014,Sneakers,Clothing,1,15000,0,0.0,Online Payment,15000.0
ORD01724,2026-04-26,C0148,Hasini Perera,Anuradhapura,P006,Office Chair,Furniture,2,35000,0,0.0,Credit Card,70000.0
ORD02453,2026-04-26,C0323,Tharindu Jayasinghe,Ratnapura,P003,Tablet,Electronics,1,65000,10,6500.0,Cash,58500.0
ORD01878,2026-04-26,C0490,Sahan Karunaratne,Ratnapura,P018,Blender,Home Appliances,3,14000,10,4200.0,Debit Card,37800.0
ORD00114,2026-04-26,C0401,Sahan Jayasinghe,Batticaloa,P023,Calculator,Stationery,1,2500,0,0.0,Debit Card,2500.0
ORD00225,2026-04-27,C0147,Piumi Perera,Kandy,P014,Sneakers,Clothing,1,15000,5,750.0,Debit Card,14250.0
ORD02328,2026-04-27,C0086,Dinesh Gunawardena,Ratnapura,P017,Electric Kettle,Home Appliances,1,8500,0,0.0,Debit Card,8500.0
ORD02946,2026-04-27,C0445,Nimal Fernando,Anuradhapura,P001,Laptop,Electronics,4,180000,10,72000.0,Credit Card,648000.0
ORD02941,2026-04-27,C0221,Sahan Perera,Colombo,P002,Smartphone,Electronics,1,95000,15,14250.0,Debit Card,80750.0
ORD02275,2026-04-27,C0091,Hiruni Silva,Ratnapura,P020,Microwave Oven,Home Appliances,1,48000,5,2400.0,Cash,45600.0
ORD02414,2026-04-27,C0102,Nimal Karunaratne,Matara,P009,Dining Table,Furniture,2,85000,0,0.0,Online Payment,170000.0
ORD00192,2026-04-27,C0023,Sachini Jayasinghe,Negombo,P024,File Folder,Stationery,1,650,0,0.0,Debit Card,650.0
ORD02672,2026-04-28,C0071,Nethmi Karunaratne,Colombo,P023,Calculator,Stationery,1,2500,0,0.0,Online Payment,2500.0
ORD00693,2026-04-28,C0463,Nimal Fernando,Matara,P002,Smartphone,Electronics,1,95000,10,9500.0,Credit Card,85500.0
ORD02958,2026-04-28,C0147,Piumi Gunawardena,Anuradhapura,P012,Jeans,Clothing,2,7500,0,0.0,Debit Card,15000.0
ORD01616,2026-04-28,C0119,Nethmi Wijesinghe,Kandy,P018,Blender,Home Appliances,2,14000,15,4200.0,Credit Card,23800.0
ORD01387,2026-04-29,C0338,Hiruni Samarasinghe,Anuradhapura,P011,T-Shirt,Clothing,1,4500,5,225.0,Credit Card,4275.0
ORD02671,2026-04-29,C0473,Chamod Samarasinghe,Ratnapura,P022,Pen Set,Stationery,3,1200,15,540.0,Cash,3060.0
ORD01302,2026-04-29,C0057,Nimal Perera,Batticaloa,P022,Pen Set,Stationery,5,1200,5,300.0,Credit Card,5700.0
ORD01958,2026-04-29,C0320,Isuru Bandara,Kurunegala,P002,Smartphone,Electronics,3,95000,10,28500.0,Online Payment,256500.0
ORD01707,2026-04-30,C0195,Ayesha Silva,Colombo,P019,Rice Cooker,Home Appliances,2,18000,10,3600.0,Online Payment,32400.0
ORD00024,2026-04-30,C0414,Tharushi Bandara,Kandy,P004,Wireless Headphones,Electronics,2,18000,10,3600.0,Online Payment,32400.0
ORD01230,2026-04-30,C0110,Nimal Bandara,Colombo,P025,Desk Organizer,Stationery,2,1800,5,180.0,Debit Card,3420.0
ORD00761,2026-05-01,C0255,Chamod Silva,Colombo,P002,Smartphone,Electronics,2,95000,5,9500.0,Credit Card,180500.0
ORD01809,2026-05-01,C0018,Sahan Gunawardena,Ratnapura,P023,Calculator,Stationery,1,2500,0,0.0,Cash,2500.0
ORD00794,2026-05-01,C0459,Kavindu Karunaratne,Galle,P019,Rice Cooker,Home Appliances,2,18000,15,5400.0,Debit Card,30600.0
ORD01166,2026-05-01,C0390,Isuru Samarasinghe,Galle,P002,Smartphone,Electronics,1,95000,10,9500.0,Debit Card,85500.0
ORD02706,2026-05-01,C0103,Hasini Gunawardena,Kandy,P011,T-Shirt,Clothing,2,4500,15,1350.0,Online Payment,7650.0
ORD02847,2026-05-01,C0338,Dilini Bandara,Colombo,P015,Backpack,Clothing,2,6500,10,1300.0,Cash,11700.0
ORD02802,2026-05-01,C0099,Hasini Karunaratne,Galle,P025,Desk Organizer,Stationery,3,1800,0,0.0,Credit Card,5400.0
ORD00432,2026-05-01,C0467,Tharindu Silva,Batticaloa,P001,Laptop,Electronics,1,180000,5,9000.0,Debit Card,171000.0
ORD01704,2026-05-02,C0174,Chamod Wijesinghe,Negombo,P004,Wireless Headphones,Electronics,3,18000,0,0.0,Credit Card,54000.0
ORD02790,2026-05-02,C0474,Chamod Karunaratne,Kandy,P001,Laptop,Electronics,3,180000,5,27000.0,Debit Card,513000.0
ORD02197,2026-05-02,C0369,Tharushi Perera,Kurunegala,P006,Office Chair,Furniture,5,35000,0,0.0,Debit Card,175000.0
ORD01330,2026-05-03,C0246,Kavindu Wijesinghe,Kandy,P019,Rice Cooker,Home Appliances,1,18000,5,900.0,Online Payment,17100.0
ORD01228,2026-05-03,C0059,Sahan Rathnayake,Colombo,P018,Blender,Home Appliances,1,14000,15,2100.0,Credit Card,11900.0
ORD01095,2026-05-03,C0488,Dinesh Silva,Ratnapura,P021,Notebook,Stationery,2,800,0,0.0,Debit Card,1600.0
ORD01595,2026-05-03,C0241,Sahan Silva,Kurunegala,P022,Pen Set,Stationery,2,1200,0,0.0,Online Payment,2400.0
ORD00415,2026-05-03,C0154,Kasun Gunawardena,Colombo,P017,Electric Kettle,Home Appliances,2,8500,0,0.0,Cash,17000.0
ORD02950,2026-05-03,C0306,Ayesha Karunaratne,Anuradhapura,P005,Smart Watch,Electronics,3,25000,10,7500.0,Credit Card,67500.0
ORD00140,2026-05-03,C0230,Dilini Samarasinghe,Batticaloa,P004,Wireless Headphones,Electronics,1,18000,5,900.0,Cash,17100.0
ORD02400,2026-05-04,C0412,Amal Silva,Colombo,P009,Dining Table,Furniture,1,85000,0,0.0,Cash,85000.0
ORD01936,2026-05-04,C0022,Ayesha Jayasinghe,Matara,P018,Blender,Home Appliances,1,14000,0,0.0,Credit Card,14000.0
ORD01738,2026-05-04,C0312,Kavindu Silva,Jaffna,P017,Electric Kettle,Home Appliances,4,8500,5,1700.0,Online Payment,32300.0
ORD01132,2026-05-04,C0304,Tharindu Wijesinghe,Colombo,P022,Pen Set,Stationery,2,1200,0,0.0,Credit Card,2400.0
ORD02270,2026-05-04,C0172,Hiruni Karunaratne,Kandy,P015,Backpack,Clothing,1,6500,5,325.0,Debit Card,6175.0
ORD01645,2026-05-04,C0445,Tharindu Fernando,Kurunegala,P003,Tablet,Electronics,4,65000,5,13000.0,Debit Card,247000.0
ORD02219,2026-05-05,C0356,Ayesha Wijesinghe,Matara,P005,Smart Watch,Electronics,3,25000,0,0.0,Online Payment,75000.0
ORD00088,2026-05-05,C0059,Kasun Gunawardena,Anuradhapura,P003,Tablet,Electronics,2,65000,0,0.0,Credit Card,130000.0
ORD01812,2026-05-05,C0035,Chamod Karunaratne,Matara,P004,Wireless Headphones,Electronics,2,18000,5,1800.0,Credit Card,34200.0
ORD00905,2026-05-05,C0154,Tharindu Silva,Negombo,P008,Bookshelf,Furniture,2,28000,5,2800.0,Cash,53200.0
ORD01354,2026-05-05,C0156,Ravindu Perera,Colombo,P001,Laptop,Electronics,3,180000,5,27000.0,Online Payment,513000.0
ORD01820,2026-05-06,C0315,Hiruni Gunawardena,Galle,P008,Bookshelf,Furniture,2,28000,5,2800.0,Online Payment,53200.0
ORD02426,2026-05-06,C0390,Nimal Rathnayake,Kurunegala,P010,Computer Table,Furniture,3,42000,10,12600.0,Credit Card,113400.0
ORD00698,2026-05-06,C0237,Chamod Wijesinghe,Kurunegala,P020,Microwave Oven,Home Appliances,2,48000,0,0.0,Online Payment,96000.0
ORD02226,2026-05-06,C0176,Ravindu Gunawardena,Kurunegala,P023,Calculator,Stationery,2,2500,10,500.0,Cash,4500.0
ORD01780,2026-05-06,C0104,Sahan Perera,Negombo,P007,Office Desk,Furniture,1,55000,15,8250.0,Cash,46750.0
ORD00988,2026-05-07,C0222,Amal Karunaratne,Kurunegala,P009,Dining Table,Furniture,1,85000,15,12750.0,Credit Card,72250.0
ORD02173,2026-05-07,C0293,Sahan Bandara,Jaffna,P006,Office Chair,Furniture,3,35000,10,10500.0,Credit Card,94500.0
ORD02628,2026-05-07,C0133,Sachini Bandara,Colombo,P002,Smartphone,Electronics,1,95000,5,4750.0,Credit Card,90250.0
ORD02154,2026-05-07,C0431,Dinesh Silva,Negombo,P015,Backpack,Clothing,1,6500,0,0.0,Cash,6500.0
ORD01065,2026-05-08,C0041,Dilini Gunawardena,Matara,P006,Office Chair,Furniture,1,35000,10,3500.0,Online Payment,31500.0
ORD02697,2026-05-08,C0341,Nimal Bandara,Kandy,P016,Coffee Maker,Home Appliances,1,22000,5,1100.0,Cash,20900.0
ORD01529,2026-05-08,C0424,Nimal Wijesinghe,Matara,P024,File Folder,Stationery,3,650,10,195.0,Online Payment,1755.0
ORD01919,2026-05-08,C0343,Dinithi Wijesinghe,Kandy,P012,Jeans,Clothing,3,7500,10,2250.0,Credit Card,20250.0
ORD00535,2026-05-09,C0338,Tharindu Karunaratne,Ratnapura,P001,Laptop,Electronics,3,180000,10,54000.0,Online Payment,486000.0
ORD02783,2026-05-09,C0380,Sahan Silva,Kandy,P013,Jacket,Clothing,2,12000,5,1200.0,Debit Card,22800.0
ORD00554,2026-05-09,C0060,Sahan Fernando,Matara,P021,Notebook,Stationery,3,800,5,120.0,Credit Card,2280.0
ORD01093,2026-05-09,C0340,Piumi Bandara,Jaffna,P007,Office Desk,Furniture,1,55000,0,0.0,Cash,55000.0
ORD01805,2026-05-09,C0249,Ravindu Perera,Matara,P025,Desk Organizer,Stationery,2,1800,0,0.0,Online Payment,3600.0
ORD02278,2026-05-09,C0034,Nimal Jayasinghe,Ratnapura,P021,Notebook,Stationery,2,800,0,0.0,Cash,1600.0
ORD00970,2026-05-09,C0140,Dinithi Wijesinghe,Matara,P012,Jeans,Clothing,3,7500,5,1125.0,Debit Card,21375.0
ORD00406,2026-05-10,C0361,Amal Gunawardena,Galle,P020,Microwave Oven,Home Appliances,3,48000,0,0.0,Cash,144000.0
ORD01168,2026-05-10,C0215,Hiruni Samarasinghe,Colombo,P006,Office Chair,Furniture,2,35000,0,0.0,Debit Card,70000.0
ORD01108,2026-05-10,C0150,Tharindu Bandara,Jaffna,P024,File Folder,Stationery,1,650,0,0.0,Debit Card,650.0
ORD01115,2026-05-11,C0331,Tharushi Wijesinghe,Batticaloa,P005,Smart Watch,Electronics,1,25000,0,0.0,Credit Card,25000.0
ORD01390,2026-05-11,C0310,Ravindu Rathnayake,Matara,P008,Bookshelf,Furniture,2,28000,0,0.0,Credit Card,56000.0
ORD02493,2026-05-11,C0209,Kasun Samarasinghe,Kurunegala,P021,Notebook,Stationery,1,800,10,80.0,Credit Card,720.0
ORD02115,2026-05-11,C0070,Sachini Silva,Batticaloa,P002,Smartphone,Electronics,1,95000,0,0.0,Online Payment,95000.0
ORD01539,2026-05-12,C0332,Chamod Samarasinghe,Anuradhapura,P006,Office Chair,Furniture,1,35000,10,3500.0,Cash,31500.0
ORD02024,2026-05-12,C0218,Piumi Silva,Batticaloa,P007,Office Desk,Furniture,5,55000,5,13750.0,Debit Card,261250.0
ORD00640,2026-05-12,C0444,Dinithi Samarasinghe,Kandy,P006,Office Chair,Furniture,1,35000,15,5250.0,Cash,29750.0
ORD00512,2026-05-13,C0231,Sanduni Karunaratne,Negombo,P023,Calculator,Stationery,2,2500,10,500.0,Debit Card,4500.0
ORD00421,2026-05-13,C0293,Dinithi Rathnayake,Colombo,P006,Office Chair,Furniture,1,35000,0,0.0,Online Payment,35000.0
ORD01420,2026-05-13,C0373,Ravindu Jayasinghe,Colombo,P010,Computer Table,Furniture,1,42000,5,2100.0,Credit Card,39900.0
ORD00746,2026-05-14,C0044,Nethmi Bandara,Galle,P002,Smartphone,Electronics,1,95000,5,4750.0,Online Payment,90250.0
ORD01563,2026-05-14,C0128,Sahan Karunaratne,Batticaloa,P013,Jacket,Clothing,1,12000,0,0.0,Debit Card,12000.0
ORD00156,2026-05-14,C0270,Kavindu Perera,Jaffna,P013,Jacket,Clothing,5,12000,0,0.0,Cash,60000.0
ORD02982,2026-05-14,C0227,Ravindu Fernando,Galle,P022,Pen Set,Stationery,3,1200,5,180.0,Cash,3420.0
ORD01548,2026-05-14,C0154,Hasini Perera,Batticaloa,P014,Sneakers,Clothing,3,15000,0,0.0,Online Payment,45000.0
ORD00340,2026-05-15,C0168,Hasini Perera,Kandy,P024,File Folder,Stationery,5,650,10,325.0,Cash,2925.0
ORD00065,2026-05-15,C0113,Sahan Gunawardena,Anuradhapura,P001,Laptop,Electronics,1,180000,10,18000.0,Credit Card,162000.0
ORD02187,2026-05-15,C0146,Piumi Samarasinghe,Jaffna,P011,T-Shirt,Clothing,2,4500,10,900.0,Cash,8100.0
ORD02905,2026-05-16,C0124,Isuru Bandara,Galle,P023,Calculator,Stationery,2,2500,15,750.0,Credit Card,4250.0
ORD01744,2026-05-16,C0289,Ayesha Perera,Kurunegala,P017,Electric Kettle,Home Appliances,3,8500,10,2550.0,Credit Card,22950.0
ORD00283,2026-05-16,C0495,Ayesha Rathnayake,Galle,P024,File Folder,Stationery,3,650,0,0.0,Credit Card,1950.0
ORD01030,2026-05-16,C0014,Chamod Bandara,Kandy,P013,Jacket,Clothing,1,12000,5,600.0,Debit Card,11400.0
ORD01498,2026-05-17,C0236,Dilini Perera,Batticaloa,P022,Pen Set,Stationery,1,1200,10,120.0,Debit Card,1080.0
ORD00075,2026-05-17,C0055,Tharushi Jayasinghe,Anuradhapura,P023,Calculator,Stationery,1,2500,0,0.0,Debit Card,2500.0
ORD01986,2026-05-18,C0268,Kasun Silva,Galle,P025,Desk Organizer,Stationery,1,1800,0,0.0,Debit Card,1800.0
ORD01739,2026-05-18,C0007,Kavindu Silva,Kurunegala,P021,Notebook,Stationery,1,800,10,80.0,Cash,720.0
ORD02675,2026-05-18,C0397,Dinesh Samarasinghe,Jaffna,P016,Coffee Maker,Home Appliances,1,22000,5,1100.0,Cash,20900.0
ORD02649,2026-05-18,C0210,Piumi Silva,Galle,P011,T-Shirt,Clothing,3,4500,0,0.0,Online Payment,13500.0
ORD00298,2026-05-18,C0117,Dilini Samarasinghe,Matara,P014,Sneakers,Clothing,1,15000,10,1500.0,Cash,13500.0
ORD01460,2026-05-18,C0089,Ayesha Samarasinghe,Kandy,P002,Smartphone,Electronics,1,95000,0,0.0,Credit Card,95000.0
ORD02803,2026-05-18,C0062,Piumi Silva,Matara,P023,Calculator,Stationery,1,2500,5,125.0,Credit Card,2375.0
ORD00142,2026-05-18,C0365,Nethmi Fernando,Kandy,P011,T-Shirt,Clothing,2,4500,0,0.0,Credit Card,9000.0
ORD00373,2026-05-19,C0493,Nimal Silva,Negombo,P003,Tablet,Electronics,1,65000,5,3250.0,Online Payment,61750.0
ORD02622,2026-05-19,C0352,Tharindu Perera,Kurunegala,P011,T-Shirt,Clothing,1,4500,5,225.0,Credit Card,4275.0
ORD02062,2026-05-19,C0458,Hasini Samarasinghe,Galle,P004,Wireless Headphones,Electronics,2,18000,5,1800.0,Online Payment,34200.0
ORD02386,2026-05-20,C0342,Tharushi Wijesinghe,Ratnapura,P009,Dining Table,Furniture,3,85000,15,38250.0,Credit Card,216750.0
ORD01596,2026-05-20,C0384,Hasini Bandara,Galle,P008,Bookshelf,Furniture,2,28000,0,0.0,Credit Card,56000.0
ORD02916,2026-05-20,C0231,Nethmi Rathnayake,Jaffna,P007,Office Desk,Furniture,4,55000,10,22000.0,Cash,198000.0
ORD00476,2026-05-20,C0072,Tharushi Fernando,Negombo,P020,Microwave Oven,Home Appliances,1,48000,0,0.0,Online Payment,48000.0
ORD02887,2026-05-20,C0479,Kavindu Jayasinghe,Negombo,P009,Dining Table,Furniture,5,85000,0,0.0,Cash,425000.0
ORD02019,2026-05-20,C0480,Sachini Gunawardena,Matara,P024,File Folder,Stationery,1,650,0,0.0,Cash,650.0
ORD00892,2026-05-20,C0058,Tharindu Fernando,Kurunegala,P003,Tablet,Electronics,1,65000,5,3250.0,Credit Card,61750.0
ORD00132,2026-05-20,C0060,Dinesh Bandara,Ratnapura,P005,Smart Watch,Electronics,1,25000,10,2500.0,Online Payment,22500.0
ORD02460,2026-05-21,C0053,Chamod Silva,Galle,P016,Coffee Maker,Home Appliances,4,22000,5,4400.0,Credit Card,83600.0
ORD00165,2026-05-21,C0238,Hasini Karunaratne,Anuradhapura,P022,Pen Set,Stationery,4,1200,10,480.0,Debit Card,4320.0
ORD00805,2026-05-21,C0287,Nethmi Bandara,Colombo,P001,Laptop,Electronics,1,180000,5,9000.0,Online Payment,171000.0
ORD00210,2026-05-21,C0014,Dilini Samarasinghe,Batticaloa,P012,Jeans,Clothing,1,7500,0,0.0,Cash,7500.0
ORD01435,2026-05-21,C0130,Tharushi Wijesinghe,Kurunegala,P005,Smart Watch,Electronics,1,25000,10,2500.0,Cash,22500.0
ORD01103,2026-05-22,C0150,Sachini Perera,Kurunegala,P005,Smart Watch,Electronics,3,25000,5,3750.0,Credit Card,71250.0
ORD01711,2026-05-22,C0009,Dinithi Karunaratne,Matara,P006,Office Chair,Furniture,1,35000,5,1750.0,Credit Card,33250.0
ORD00920,2026-05-22,C0319,Dilini Rathnayake,Matara,P001,Laptop,Electronics,1,180000,5,9000.0,Online Payment,171000.0
ORD00704,2026-05-22,C0331,Nimal Fernando,Jaffna,P005,Smart Watch,Electronics,3,25000,0,0.0,Credit Card,75000.0
ORD02902,2026-05-22,C0136,Piumi Rathnayake,Matara,P018,Blender,Home Appliances,4,14000,10,5600.0,Online Payment,50400.0
ORD00469,2026-05-23,C0446,Chamod Fernando,Anuradhapura,P011,T-Shirt,Clothing,1,4500,5,225.0,Cash,4275.0
ORD02729,2026-05-23,C0187,Tharushi Perera,Galle,P002,Smartphone,Electronics,2,95000,0,0.0,Credit Card,190000.0
ORD00917,2026-05-23,C0378,Hasini Karunaratne,Ratnapura,P010,Computer Table,Furniture,1,42000,10,4200.0,Online Payment,37800.0
ORD01264,2026-05-23,C0224,Hiruni Gunawardena,Jaffna,P009,Dining Table,Furniture,1,85000,5,4250.0,Online Payment,80750.0
ORD00247,2026-05-23,C0096,Kavindu Perera,Colombo,P010,Computer Table,Furniture,2,42000,0,0.0,Debit Card,84000.0
ORD01955,2026-05-24,C0271,Amal Silva,Colombo,P011,T-Shirt,Clothing,3,4500,10,1350.0,Debit Card,12150.0
ORD01912,2026-05-24,C0298,Isuru Samarasinghe,Ratnapura,P010,Computer Table,Furniture,3,42000,5,6300.0,Online Payment,119700.0
ORD02637,2026-05-24,C0135,Sanduni Silva,Anuradhapura,P008,Bookshelf,Furniture,3,28000,10,8400.0,Credit Card,75600.0
ORD02067,2026-05-24,C0121,Sachini Samarasinghe,Galle,P001,Laptop,Electronics,1,180000,0,0.0,Online Payment,180000.0
ORD00683,2026-05-24,C0450,Ravindu Jayasinghe,Anuradhapura,P010,Computer Table,Furniture,1,42000,5,2100.0,Credit Card,39900.0
ORD02896,2026-05-24,C0415,Dinesh Jayasinghe,Matara,P002,Smartphone,Electronics,1,95000,15,14250.0,Cash,80750.0
ORD00849,2026-05-24,C0326,Kasun Samarasinghe,Jaffna,P010,Computer Table,Furniture,1,42000,5,2100.0,Online Payment,39900.0
ORD01808,2026-05-24,C0188,Tharushi Perera,Ratnapura,P023,Calculator,Stationery,1,2500,0,0.0,Online Payment,2500.0
ORD02170,2026-05-24,C0476,Sachini Karunaratne,Ratnapura,P016,Coffee Maker,Home Appliances,2,22000,0,0.0,Credit Card,44000.0
ORD01644,2026-05-25,C0303,Tharushi Fernando,Galle,P001,Laptop,Electronics,2,180000,0,0.0,Debit Card,360000.0
ORD02012,2026-05-25,C0136,Kavindu Karunaratne,Kandy,P024,File Folder,Stationery,4,650,0,0.0,Credit Card,2600.0
ORD00592,2026-05-26,C0191,Nethmi Perera,Kurunegala,P003,Tablet,Electronics,3,65000,0,0.0,Cash,195000.0
ORD01058,2026-05-26,C0152,Isuru Silva,Matara,P007,Office Desk,Furniture,2,55000,5,5500.0,Online Payment,104500.0
ORD00888,2026-05-27,C0447,Sahan Jayasinghe,Matara,P010,Computer Table,Furniture,4,42000,5,8400.0,Debit Card,159600.0
ORD01236,2026-05-27,C0443,Sanduni Fernando,Matara,P009,Dining Table,Furniture,2,85000,0,0.0,Online Payment,170000.0
ORD00793,2026-05-27,C0394,Tharindu Rathnayake,Kurunegala,P005,Smart Watch,Electronics,1,25000,10,2500.0,Debit Card,22500.0
ORD00311,2026-05-27,C0072,Kavindu Bandara,Negombo,P022,Pen Set,Stationery,1,1200,10,120.0,Online Payment,1080.0
ORD00011,2026-05-27,C0203,Nethmi Silva,Negombo,P005,Smart Watch,Electronics,1,25000,5,1250.0,Online Payment,23750.0
ORD02061,2026-05-27,C0342,Hiruni Silva,Galle,P003,Tablet,Electronics,1,65000,0,0.0,Cash,65000.0
ORD02357,2026-05-27,C0170,Nethmi Gunawardena,Batticaloa,P023,Calculator,Stationery,3,2500,5,375.0,Debit Card,7125.0
ORD00600,2026-05-27,C0047,Dinithi Jayasinghe,Colombo,P002,Smartphone,Electronics,1,95000,0,0.0,Cash,95000.0
ORD01213,2026-05-28,C0100,Sanduni Gunawardena,Kurunegala,P005,Smart Watch,Electronics,2,25000,0,0.0,Debit Card,50000.0
ORD01334,2026-05-28,C0439,Hiruni Bandara,Kurunegala,P023,Calculator,Stationery,2,2500,0,0.0,Credit Card,5000.0
ORD02616,2026-05-28,C0270,Sahan Wijesinghe,Anuradhapura,P009,Dining Table,Furniture,1,85000,5,4250.0,Online Payment,80750.0
ORD02696,2026-05-28,C0238,Dinesh Jayasinghe,Matara,P009,Dining Table,Furniture,3,85000,15,38250.0,Credit Card,216750.0
ORD00229,2026-05-28,C0021,Nimal Perera,Galle,P023,Calculator,Stationery,1,2500,15,375.0,Online Payment,2125.0
ORD01761,2026-05-28,C0164,Sanduni Gunawardena,Matara,P001,Laptop,Electronics,2,180000,5,18000.0,Online Payment,342000.0
ORD02654,2026-05-28,C0290,Ayesha Wijesinghe,Galle,P005,Smart Watch,Electronics,1,25000,5,1250.0,Credit Card,23750.0
ORD01489,2026-05-29,C0422,Amal Karunaratne,Batticaloa,P025,Desk Organizer,Stationery,1,1800,0,0.0,Credit Card,1800.0
ORD01425,2026-05-29,C0204,Ayesha Perera,Galle,P010,Computer Table,Furniture,1,42000,5,2100.0,Credit Card,39900.0
ORD02967,2026-05-30,C0485,Hasini Perera,Galle,P006,Office Chair,Furniture,1,35000,0,0.0,Cash,35000.0
ORD02566,2026-05-30,C0368,Dinesh Perera,Negombo,P011,T-Shirt,Clothing,1,4500,0,0.0,Debit Card,4500.0
ORD01495,2026-05-30,C0191,Ayesha Jayasinghe,Ratnapura,P012,Jeans,Clothing,1,7500,0,0.0,Online Payment,7500.0
ORD02797,2026-05-30,C0390,Sanduni Karunaratne,Colombo,P013,Jacket,Clothing,1,12000,5,600.0,Online Payment,11400.0
ORD01244,2026-05-31,C0298,Nimal Wijesinghe,Matara,P007,Office Desk,Furniture,1,55000,15,8250.0,Online Payment,46750.0
ORD02221,2026-05-31,C0418,Sahan Samarasinghe,Ratnapura,P021,Notebook,Stationery,1,800,0,0.0,Cash,800.0
ORD00269,2026-05-31,C0149,Ravindu Karunaratne,Kurunegala,P019,Rice Cooker,Home Appliances,2,18000,10,3600.0,Credit Card,32400.0
ORD00552,2026-05-31,C0151,Sanduni Fernando,Ratnapura,P009,Dining Table,Furniture,3,85000,5,12750.0,Online Payment,242250.0
ORD01288,2026-06-01,C0055,Tharindu Bandara,Kurunegala,P013,Jacket,Clothing,5,12000,5,3000.0,Online Payment,57000.0
ORD00824,2026-06-01,C0436,Ayesha Jayasinghe,Batticaloa,P006,Office Chair,Furniture,1,35000,0,0.0,Credit Card,35000.0
ORD02690,2026-06-02,C0420,Hasini Gunawardena,Kandy,P011,T-Shirt,Clothing,1,4500,10,450.0,Debit Card,4050.0
ORD02786,2026-06-02,C0490,Hiruni Wijesinghe,Negombo,P007,Office Desk,Furniture,1,55000,10,5500.0,Online Payment,49500.0
ORD00494,2026-06-02,C0082,Tharushi Samarasinghe,Ratnapura,P013,Jacket,Clothing,1,12000,5,600.0,Credit Card,11400.0
ORD00224,2026-06-02,C0235,Ravindu Bandara,Batticaloa,P012,Jeans,Clothing,1,7500,5,375.0,Online Payment,7125.0
ORD00144,2026-06-02,C0310,Tharushi Fernando,Kandy,P021,Notebook,Stationery,2,800,5,80.0,Online Payment,1520.0
ORD00941,2026-06-02,C0057,Nimal Jayasinghe,Negombo,P021,Notebook,Stationery,2,800,0,0.0,Cash,1600.0
ORD02238,2026-06-02,C0147,Hiruni Fernando,Matara,P012,Jeans,Clothing,5,7500,5,1875.0,Debit Card,35625.0
ORD00930,2026-06-03,C0256,Dinesh Silva,Kurunegala,P011,T-Shirt,Clothing,3,4500,0,0.0,Credit Card,13500.0
ORD00357,2026-06-03,C0147,Hiruni Gunawardena,Matara,P023,Calculator,Stationery,1,2500,0,0.0,Debit Card,2500.0
ORD01727,2026-06-03,C0328,Kavindu Bandara,Matara,P009,Dining Table,Furniture,3,85000,5,12750.0,Cash,242250.0
ORD01802,2026-06-03,C0228,Kasun Samarasinghe,Galle,P015,Backpack,Clothing,1,6500,10,650.0,Cash,5850.0
ORD01787,2026-06-03,C0471,Tharindu Karunaratne,Kurunegala,P018,Blender,Home Appliances,2,14000,0,0.0,Credit Card,28000.0
ORD00999,2026-06-04,C0420,Piumi Perera,Matara,P012,Jeans,Clothing,1,7500,5,375.0,Credit Card,7125.0
ORD00016,2026-06-04,C0468,Dinesh Wijesinghe,Ratnapura,P020,Microwave Oven,Home Appliances,1,48000,10,4800.0,Credit Card,43200.0
ORD00470,2026-06-04,C0115,Piumi Gunawardena,Matara,P008,Bookshelf,Furniture,1,28000,15,4200.0,Online Payment,23800.0
ORD00929,2026-06-04,C0054,Chamod Fernando,Jaffna,P012,Jeans,Clothing,1,7500,5,375.0,Online Payment,7125.0
ORD01063,2026-06-04,C0041,Tharushi Rathnayake,Negombo,P006,Office Chair,Furniture,2,35000,5,3500.0,Online Payment,66500.0
ORD00108,2026-06-04,C0137,Amal Wijesinghe,Negombo,P019,Rice Cooker,Home Appliances,2,18000,15,5400.0,Credit Card,30600.0
ORD01642,2026-06-04,C0363,Ayesha Samarasinghe,Kurunegala,P004,Wireless Headphones,Electronics,3,18000,5,2700.0,Debit Card,51300.0
ORD00439,2026-06-04,C0154,Chamod Samarasinghe,Galle,P010,Computer Table,Furniture,1,42000,0,0.0,Debit Card,42000.0
ORD00965,2026-06-05,C0386,Hiruni Gunawardena,Kandy,P009,Dining Table,Furniture,1,85000,15,12750.0,Online Payment,72250.0
ORD01669,2026-06-05,C0269,Chamod Samarasinghe,Kurunegala,P022,Pen Set,Stationery,2,1200,5,120.0,Cash,2280.0
ORD02573,2026-06-05,C0467,Ravindu Rathnayake,Anuradhapura,P006,Office Chair,Furniture,1,35000,0,0.0,Online Payment,35000.0
ORD01011,2026-06-05,C0496,Hasini Rathnayake,Jaffna,P024,File Folder,Stationery,1,650,15,97.5,Cash,552.5
ORD00176,2026-06-05,C0186,Amal Jayasinghe,Negombo,P006,Office Chair,Furniture,4,35000,10,14000.0,Online Payment,126000.0
ORD02250,2026-06-05,C0431,Dinithi Samarasinghe,Anuradhapura,P023,Calculator,Stationery,1,2500,0,0.0,Cash,2500.0
ORD02330,2026-06-05,C0466,Hasini Rathnayake,Galle,P017,Electric Kettle,Home Appliances,1,8500,5,425.0,Cash,8075.0
ORD00365,2026-06-06,C0002,Nimal Perera,Jaffna,P002,Smartphone,Electronics,1,95000,10,9500.0,Credit Card,85500.0
ORD02860,2026-06-06,C0001,Dilini Jayasinghe,Ratnapura,P024,File Folder,Stationery,1,650,0,0.0,Debit Card,650.0
ORD00106,2026-06-06,C0362,Sahan Gunawardena,Anuradhapura,P016,Coffee Maker,Home Appliances,1,22000,0,0.0,Online Payment,22000.0
ORD00047,2026-06-06,C0205,Piumi Jayasinghe,Colombo,P004,Wireless Headphones,Electronics,3,18000,5,2700.0,Credit Card,51300.0
ORD01072,2026-06-06,C0364,Ayesha Jayasinghe,Colombo,P021,Notebook,Stationery,1,800,10,80.0,Credit Card,720.0
ORD01718,2026-06-06,C0459,Dinesh Perera,Galle,P025,Desk Organizer,Stationery,1,1800,0,0.0,Credit Card,1800.0
ORD00259,2026-06-07,C0229,Nimal Rathnayake,Galle,P017,Electric Kettle,Home Appliances,1,8500,0,0.0,Online Payment,8500.0
ORD00315,2026-06-07,C0383,Hiruni Samarasinghe,Batticaloa,P023,Calculator,Stationery,2,2500,15,750.0,Debit Card,4250.0
ORD01056,2026-06-08,C0328,Ravindu Samarasinghe,Batticaloa,P023,Calculator,Stationery,5,2500,5,625.0,Cash,11875.0
ORD00049,2026-06-08,C0060,Sachini Karunaratne,Jaffna,P009,Dining Table,Furniture,1,85000,10,8500.0,Cash,76500.0
ORD02981,2026-06-08,C0315,Tharushi Samarasinghe,Jaffna,P007,Office Desk,Furniture,1,55000,15,8250.0,Cash,46750.0
ORD02977,2026-06-08,C0393,Tharindu Perera,Anuradhapura,P001,Laptop,Electronics,4,180000,10,72000.0,Cash,648000.0
ORD01530,2026-06-08,C0323,Nethmi Gunawardena,Kandy,P004,Wireless Headphones,Electronics,1,18000,5,900.0,Cash,17100.0
ORD01990,2026-06-08,C0117,Sanduni Jayasinghe,Colombo,P012,Jeans,Clothing,1,7500,0,0.0,Online Payment,7500.0
ORD02190,2026-06-08,C0160,Tharindu Fernando,Anuradhapura,P001,Laptop,Electronics,1,180000,10,18000.0,Cash,162000.0
ORD02545,2026-06-09,C0290,Dinesh Jayasinghe,Matara,P022,Pen Set,Stationery,1,1200,5,60.0,Debit Card,1140.0
ORD01504,2026-06-09,C0372,Kasun Jayasinghe,Negombo,P014,Sneakers,Clothing,1,15000,0,0.0,Debit Card,15000.0
ORD01767,2026-06-09,C0395,Sachini Bandara,Galle,P004,Wireless Headphones,Electronics,1,18000,0,0.0,Credit Card,18000.0
ORD01570,2026-06-09,C0192,Amal Karunaratne,Matara,P002,Smartphone,Electronics,4,95000,10,38000.0,Online Payment,342000.0
ORD02091,2026-06-09,C0423,Hasini Fernando,Kandy,P016,Coffee Maker,Home Appliances,2,22000,0,0.0,Cash,44000.0
ORD00529,2026-06-09,C0021,Hasini Silva,Colombo,P006,Office Chair,Furniture,1,35000,0,0.0,Online Payment,35000.0
ORD00380,2026-06-10,C0026,Kavindu Wijesinghe,Galle,P001,Laptop,Electronics,4,180000,15,108000.0,Credit Card,612000.0
ORD00202,2026-06-10,C0411,Chamod Perera,Galle,P020,Microwave Oven,Home Appliances,2,48000,15,14400.0,Cash,81600.0
ORD00918,2026-06-10,C0303,Dinithi Rathnayake,Jaffna,P023,Calculator,Stationery,1,2500,0,0.0,Online Payment,2500.0
ORD01572,2026-06-10,C0434,Kasun Karunaratne,Anuradhapura,P020,Microwave Oven,Home Appliances,2,48000,5,4800.0,Cash,91200.0
ORD02932,2026-06-10,C0397,Hiruni Samarasinghe,Galle,P005,Smart Watch,Electronics,1,25000,15,3750.0,Cash,21250.0
ORD01712,2026-06-10,C0144,Hiruni Perera,Anuradhapura,P011,T-Shirt,Clothing,4,4500,0,0.0,Credit Card,18000.0
ORD00499,2026-06-11,C0043,Dinesh Silva,Ratnapura,P018,Blender,Home Appliances,1,14000,0,0.0,Credit Card,14000.0
ORD00498,2026-06-11,C0412,Hiruni Rathnayake,Anuradhapura,P002,Smartphone,Electronics,1,95000,5,4750.0,Debit Card,90250.0
ORD02098,2026-06-11,C0270,Piumi Jayasinghe,Matara,P006,Office Chair,Furniture,3,35000,10,10500.0,Online Payment,94500.0
ORD02889,2026-06-11,C0047,Dinesh Samarasinghe,Colombo,P021,Notebook,Stationery,2,800,10,160.0,Debit Card,1440.0
ORD01395,2026-06-12,C0444,Hiruni Gunawardena,Matara,P012,Jeans,Clothing,1,7500,5,375.0,Debit Card,7125.0
ORD00055,2026-06-12,C0340,Dinithi Jayasinghe,Kandy,P025,Desk Organizer,Stationery,1,1800,5,90.0,Credit Card,1710.0
ORD02285,2026-06-12,C0474,Tharindu Rathnayake,Jaffna,P010,Computer Table,Furniture,3,42000,0,0.0,Credit Card,126000.0
ORD01497,2026-06-12,C0417,Dinithi Rathnayake,Matara,P002,Smartphone,Electronics,1,95000,0,0.0,Cash,95000.0
ORD02109,2026-06-12,C0379,Chamod Jayasinghe,Negombo,P007,Office Desk,Furniture,4,55000,0,0.0,Credit Card,220000.0
ORD00853,2026-06-13,C0442,Chamod Karunaratne,Anuradhapura,P007,Office Desk,Furniture,2,55000,15,16500.0,Debit Card,93500.0
ORD00656,2026-06-13,C0392,Nimal Bandara,Negombo,P015,Backpack,Clothing,1,6500,5,325.0,Debit Card,6175.0
ORD00320,2026-06-13,C0090,Piumi Silva,Kurunegala,P018,Blender,Home Appliances,1,14000,15,2100.0,Credit Card,11900.0
ORD02203,2026-06-14,C0435,Dinesh Bandara,Kurunegala,P020,Microwave Oven,Home Appliances,1,48000,10,4800.0,Online Payment,43200.0
ORD00889,2026-06-14,C0161,Tharushi Silva,Kurunegala,P024,File Folder,Stationery,5,650,0,0.0,Online Payment,3250.0
ORD02157,2026-06-14,C0050,Dilini Rathnayake,Kandy,P005,Smart Watch,Electronics,2,25000,0,0.0,Debit Card,50000.0
ORD00547,2026-06-15,C0147,Isuru Perera,Batticaloa,P017,Electric Kettle,Home Appliances,2,8500,5,850.0,Credit Card,16150.0
ORD01977,2026-06-15,C0093,Piumi Bandara,Galle,P008,Bookshelf,Furniture,4,28000,0,0.0,Credit Card,112000.0
ORD00522,2026-06-15,C0465,Dilini Gunawardena,Anuradhapura,P015,Backpack,Clothing,3,6500,0,0.0,Debit Card,19500.0
ORD01402,2026-06-16,C0143,Hasini Karunaratne,Kurunegala,P004,Wireless Headphones,Electronics,1,18000,0,0.0,Cash,18000.0
ORD02844,2026-06-16,C0094,Ravindu Jayasinghe,Jaffna,P001,Laptop,Electronics,2,180000,15,54000.0,Online Payment,306000.0
ORD01117,2026-06-16,C0429,Hasini Samarasinghe,Kandy,P025,Desk Organizer,Stationery,3,1800,0,0.0,Credit Card,5400.0
ORD02789,2026-06-16,C0191,Hiruni Karunaratne,Batticaloa,P002,Smartphone,Electronics,4,95000,0,0.0,Online Payment,380000.0
ORD00467,2026-06-16,C0268,Dinithi Fernando,Matara,P022,Pen Set,Stationery,2,1200,15,360.0,Debit Card,2040.0
ORD01248,2026-06-16,C0420,Dinithi Jayasinghe,Kurunegala,P006,Office Chair,Furniture,4,35000,10,14000.0,Credit Card,126000.0
ORD01085,2026-06-17,C0493,Sahan Rathnayake,Anuradhapura,P025,Desk Organizer,Stationery,1,1800,10,180.0,Debit Card,1620.0
ORD00539,2026-06-17,C0004,Sachini Bandara,Kurunegala,P014,Sneakers,Clothing,1,15000,0,0.0,Online Payment,15000.0
ORD00731,2026-06-17,C0173,Chamod Jayasinghe,Ratnapura,P001,Laptop,Electronics,2,180000,0,0.0,Cash,360000.0
ORD02112,2026-06-17,C0126,Tharushi Wijesinghe,Anuradhapura,P006,Office Chair,Furniture,1,35000,15,5250.0,Debit Card,29750.0
ORD01100,2026-06-17,C0340,Dinithi Karunaratne,Jaffna,P004,Wireless Headphones,Electronics,1,18000,15,2700.0,Debit Card,15300.0
ORD00050,2026-06-17,C0474,Piumi Bandara,Kurunegala,P014,Sneakers,Clothing,1,15000,10,1500.0,Debit Card,13500.0
ORD00141,2026-06-18,C0155,Nethmi Perera,Colombo,P016,Coffee Maker,Home Appliances,3,22000,10,6600.0,Cash,59400.0
ORD00318,2026-06-18,C0248,Dilini Rathnayake,Kandy,P015,Backpack,Clothing,2,6500,15,1950.0,Debit Card,11050.0
ORD02246,2026-06-18,C0121,Ravindu Karunaratne,Kandy,P005,Smart Watch,Electronics,5,25000,15,18750.0,Cash,106250.0
ORD02942,2026-06-18,C0403,Tharushi Samarasinghe,Galle,P010,Computer Table,Furniture,2,42000,10,8400.0,Cash,75600.0
ORD00785,2026-06-18,C0488,Amal Wijesinghe,Matara,P022,Pen Set,Stationery,2,1200,0,0.0,Online Payment,2400.0
ORD00688,2026-06-18,C0393,Kavindu Perera,Batticaloa,P025,Desk Organizer,Stationery,1,1800,5,90.0,Debit Card,1710.0
ORD00546,2026-06-18,C0147,Dinithi Perera,Galle,P021,Notebook,Stationery,1,800,0,0.0,Credit Card,800.0
ORD02265,2026-06-19,C0296,Piumi Silva,Matara,P001,Laptop,Electronics,1,180000,0,0.0,Cash,180000.0
ORD00770,2026-06-19,C0251,Isuru Karunaratne,Anuradhapura,P015,Backpack,Clothing,1,6500,10,650.0,Credit Card,5850.0
ORD00717,2026-06-20,C0456,Dinithi Fernando,Jaffna,P016,Coffee Maker,Home Appliances,2,22000,0,0.0,Debit Card,44000.0
ORD02774,2026-06-20,C0186,Ayesha Gunawardena,Colombo,P014,Sneakers,Clothing,3,15000,5,2250.0,Debit Card,42750.0
ORD01047,2026-06-20,C0329,Dinesh Gunawardena,Negombo,P015,Backpack,Clothing,1,6500,0,0.0,Cash,6500.0
ORD02837,2026-06-20,C0486,Sahan Karunaratne,Jaffna,P004,Wireless Headphones,Electronics,1,18000,5,900.0,Cash,17100.0
ORD00090,2026-06-20,C0195,Nethmi Rathnayake,Negombo,P019,Rice Cooker,Home Appliances,5,18000,5,4500.0,Cash,85500.0
ORD01441,2026-06-20,C0166,Dinithi Jayasinghe,Batticaloa,P021,Notebook,Stationery,1,800,5,40.0,Credit Card,760.0
ORD02924,2026-06-20,C0474,Isuru Karunaratne,Batticaloa,P022,Pen Set,Stationery,1,1200,5,60.0,Cash,1140.0
ORD01949,2026-06-21,C0149,Isuru Gunawardena,Kandy,P010,Computer Table,Furniture,1,42000,5,2100.0,Credit Card,39900.0
ORD02080,2026-06-21,C0001,Sachini Silva,Jaffna,P012,Jeans,Clothing,1,7500,5,375.0,Cash,7125.0
ORD01861,2026-06-21,C0480,Tharushi Silva,Ratnapura,P016,Coffee Maker,Home Appliances,1,22000,0,0.0,Credit Card,22000.0
ORD01031,2026-06-21,C0036,Nethmi Perera,Kurunegala,P017,Electric Kettle,Home Appliances,1,8500,10,850.0,Online Payment,7650.0
ORD00607,2026-06-21,C0350,Ayesha Samarasinghe,Galle,P020,Microwave Oven,Home Appliances,1,48000,10,4800.0,Debit Card,43200.0
ORD00191,2026-06-21,C0500,Dilini Fernando,Ratnapura,P018,Blender,Home Appliances,2,14000,0,0.0,Online Payment,28000.0
ORD00234,2026-06-21,C0323,Dinithi Gunawardena,Galle,P022,Pen Set,Stationery,1,1200,0,0.0,Credit Card,1200.0
ORD01481,2026-06-21,C0102,Hasini Silva,Galle,P022,Pen Set,Stationery,1,1200,0,0.0,Cash,1200.0
ORD02095,2026-06-22,C0050,Ravindu Gunawardena,Anuradhapura,P011,T-Shirt,Clothing,1,4500,5,225.0,Credit Card,4275.0
ORD02480,2026-06-22,C0246,Ravindu Jayasinghe,Ratnapura,P011,T-Shirt,Clothing,3,4500,10,1350.0,Online Payment,12150.0
ORD01232,2026-06-22,C0110,Sahan Silva,Colombo,P003,Tablet,Electronics,3,65000,10,19500.0,Debit Card,175500.0
ORD01860,2026-06-22,C0239,Hiruni Jayasinghe,Batticaloa,P019,Rice Cooker,Home Appliances,2,18000,10,3600.0,Debit Card,32400.0
ORD01814,2026-06-22,C0341,Sahan Karunaratne,Ratnapura,P001,Laptop,Electronics,1,180000,0,0.0,Debit Card,180000.0
ORD00257,2026-06-23,C0229,Hiruni Jayasinghe,Kandy,P019,Rice Cooker,Home Appliances,1,18000,5,900.0,Credit Card,17100.0
ORD02423,2026-06-23,C0389,Piumi Silva,Galle,P008,Bookshelf,Furniture,1,28000,10,2800.0,Online Payment,25200.0
ORD02014,2026-06-23,C0328,Hasini Wijesinghe,Kandy,P018,Blender,Home Appliances,1,14000,5,700.0,Online Payment,13300.0
ORD00113,2026-06-23,C0467,Nethmi Perera,Galle,P014,Sneakers,Clothing,3,15000,0,0.0,Cash,45000.0
ORD00610,2026-06-23,C0320,Hasini Wijesinghe,Colombo,P012,Jeans,Clothing,1,7500,0,0.0,Cash,7500.0
ORD00946,2026-06-23,C0207,Hasini Samarasinghe,Ratnapura,P025,Desk Organizer,Stationery,1,1800,5,90.0,Online Payment,1710.0
ORD02598,2026-06-23,C0221,Dinesh Gunawardena,Jaffna,P002,Smartphone,Electronics,1,95000,0,0.0,Online Payment,95000.0
ORD00562,2026-06-23,C0410,Tharushi Rathnayake,Ratnapura,P002,Smartphone,Electronics,2,95000,10,19000.0,Credit Card,171000.0
ORD02848,2026-06-23,C0221,Hasini Jayasinghe,Anuradhapura,P005,Smart Watch,Electronics,3,25000,5,3750.0,Cash,71250.0
ORD01130,2026-06-24,C0373,Kavindu Karunaratne,Anuradhapura,P004,Wireless Headphones,Electronics,2,18000,5,1800.0,Debit Card,34200.0
ORD01879,2026-06-24,C0080,Hasini Samarasinghe,Negombo,P020,Microwave Oven,Home Appliances,3,48000,5,7200.0,Credit Card,136800.0
ORD01308,2026-06-24,C0090,Sahan Jayasinghe,Kurunegala,P013,Jacket,Clothing,2,12000,5,1200.0,Debit Card,22800.0
ORD00671,2026-06-24,C0212,Hiruni Bandara,Jaffna,P020,Microwave Oven,Home Appliances,1,48000,0,0.0,Online Payment,48000.0
ORD01008,2026-06-24,C0410,Dinithi Gunawardena,Kandy,P004,Wireless Headphones,Electronics,1,18000,0,0.0,Credit Card,18000.0
ORD00394,2026-06-24,C0245,Amal Jayasinghe,Batticaloa,P007,Office Desk,Furniture,3,55000,10,16500.0,Credit Card,148500.0
ORD01139,2026-06-25,C0351,Dinithi Perera,Batticaloa,P015,Backpack,Clothing,4,6500,5,1300.0,Credit Card,24700.0
ORD00292,2026-06-25,C0471,Nimal Bandara,Jaffna,P023,Calculator,Stationery,3,2500,15,1125.0,Debit Card,6375.0
ORD01106,2026-06-25,C0373,Kavindu Wijesinghe,Jaffna,P023,Calculator,Stationery,3,2500,10,750.0,Cash,6750.0
ORD01667,2026-06-25,C0426,Nimal Bandara,Kandy,P010,Computer Table,Furniture,3,42000,0,0.0,Debit Card,126000.0
ORD02371,2026-06-26,C0211,Sanduni Silva,Jaffna,P015,Backpack,Clothing,1,6500,0,0.0,Online Payment,6500.0
ORD00823,2026-06-26,C0112,Isuru Wijesinghe,Galle,P025,Desk Organizer,Stationery,2,1800,0,0.0,Credit Card,3600.0
ORD02262,2026-06-26,C0350,Ayesha Karunaratne,Kandy,P012,Jeans,Clothing,1,7500,10,750.0,Credit Card,6750.0
ORD02042,2026-06-26,C0161,Hasini Jayasinghe,Kandy,P009,Dining Table,Furniture,3,85000,5,12750.0,Online Payment,242250.0
ORD02831,2026-06-26,C0209,Kavindu Karunaratne,Kandy,P005,Smart Watch,Electronics,1,25000,5,1250.0,Online Payment,23750.0
ORD01685,2026-06-26,C0148,Piumi Silva,Galle,P018,Blender,Home Appliances,4,14000,0,0.0,Cash,56000.0
ORD01513,2026-06-27,C0190,Kavindu Wijesinghe,Kurunegala,P015,Backpack,Clothing,2,6500,0,0.0,Credit Card,13000.0
ORD02015,2026-06-27,C0245,Sanduni Perera,Batticaloa,P005,Smart Watch,Electronics,3,25000,10,7500.0,Credit Card,67500.0
ORD01989,2026-06-27,C0077,Sachini Gunawardena,Batticaloa,P004,Wireless Headphones,Electronics,1,18000,0,0.0,Debit Card,18000.0
ORD01695,2026-06-27,C0106,Ravindu Bandara,Jaffna,P019,Rice Cooker,Home Appliances,1,18000,10,1800.0,Online Payment,16200.0
ORD00163,2026-06-28,C0262,Isuru Jayasinghe,Kurunegala,P024,File Folder,Stationery,4,650,0,0.0,Credit Card,2600.0
ORD01930,2026-06-28,C0187,Kasun Rathnayake,Negombo,P024,File Folder,Stationery,1,650,0,0.0,Cash,650.0
ORD01414,2026-06-28,C0337,Chamod Wijesinghe,Jaffna,P010,Computer Table,Furniture,2,42000,15,12600.0,Online Payment,71400.0
ORD02160,2026-06-28,C0489,Sahan Rathnayake,Negombo,P007,Office Desk,Furniture,3,55000,0,0.0,Cash,165000.0
ORD01496,2026-06-29,C0389,Sachini Fernando,Galle,P001,Laptop,Electronics,1,180000,5,9000.0,Credit Card,171000.0
ORD00588,2026-06-29,C0415,Sahan Gunawardena,Jaffna,P003,Tablet,Electronics,1,65000,5,3250.0,Cash,61750.0
ORD00729,2026-06-29,C0327,Dilini Gunawardena,Batticaloa,P021,Notebook,Stationery,3,800,10,240.0,Debit Card,2160.0
ORD01551,2026-06-29,C0128,Sanduni Wijesinghe,Ratnapura,P017,Electric Kettle,Home Appliances,1,8500,15,1275.0,Cash,7225.0
ORD02403,2026-06-29,C0291,Nethmi Gunawardena,Colombo,P019,Rice Cooker,Home Appliances,4,18000,15,10800.0,Credit Card,61200.0
ORD00854,2026-06-30,C0415,Dinithi Gunawardena,Batticaloa,P024,File Folder,Stationery,2,650,5,65.0,Debit Card,1235.0
ORD00727,2026-06-30,C0120,Sachini Gunawardena,Anuradhapura,P009,Dining Table,Furniture,1,85000,10,8500.0,Cash,76500.0
ORD01971,2026-06-30,C0090,Tharushi Fernando,Kandy,P025,Desk Organizer,Stationery,1,1800,0,0.0,Credit Card,1800.0
ORD00019,2026-06-30,C0393,Tharindu Silva,Anuradhapura,P018,Blender,Home Appliances,1,14000,10,1400.0,Credit Card,12600.0
ORD01608,2026-06-30,C0186,Piumi Bandara,Ratnapura,P006,Office Chair,Furniture,1,35000,0,0.0,Credit Card,35000.0
ORD01855,2026-07-01,C0064,Nethmi Samarasinghe,Kurunegala,P024,File Folder,Stationery,1,650,0,0.0,Credit Card,650.0
ORD00115,2026-07-01,C0195,Sanduni Rathnayake,Ratnapura,P002,Smartphone,Electronics,2,95000,5,9500.0,Debit Card,180500.0
ORD01173,2026-07-01,C0122,Kavindu Perera,Galle,P009,Dining Table,Furniture,4,85000,5,17000.0,Cash,323000.0
ORD00484,2026-07-01,C0147,Tharushi Perera,Ratnapura,P004,Wireless Headphones,Electronics,1,18000,0,0.0,Cash,18000.0
ORD00180,2026-07-01,C0123,Kavindu Rathnayake,Jaffna,P012,Jeans,Clothing,2,7500,15,2250.0,Online Payment,12750.0
ORD02193,2026-07-02,C0205,Piumi Samarasinghe,Jaffna,P020,Microwave Oven,Home Appliances,1,48000,10,4800.0,Credit Card,43200.0
ORD00246,2026-07-02,C0379,Nimal Silva,Matara,P006,Office Chair,Furniture,4,35000,0,0.0,Online Payment,140000.0
ORD02514,2026-07-02,C0427,Sahan Jayasinghe,Ratnapura,P004,Wireless Headphones,Electronics,3,18000,0,0.0,Credit Card,54000.0
ORD00341,2026-07-02,C0204,Isuru Gunawardena,Jaffna,P016,Coffee Maker,Home Appliances,1,22000,5,1100.0,Debit Card,20900.0
ORD00813,2026-07-02,C0297,Dilini Silva,Colombo,P005,Smart Watch,Electronics,2,25000,10,5000.0,Online Payment,45000.0
ORD00744,2026-07-02,C0437,Sanduni Fernando,Anuradhapura,P025,Desk Organizer,Stationery,3,1800,5,270.0,Credit Card,5130.0
ORD01423,2026-07-03,C0102,Chamod Samarasinghe,Matara,P023,Calculator,Stationery,1,2500,0,0.0,Debit Card,2500.0
ORD00084,2026-07-03,C0487,Chamod Bandara,Jaffna,P024,File Folder,Stationery,1,650,5,32.5,Cash,617.5
ORD02327,2026-07-03,C0191,Sanduni Samarasinghe,Ratnapura,P003,Tablet,Electronics,2,65000,10,13000.0,Online Payment,117000.0
ORD01823,2026-07-03,C0310,Sanduni Wijesinghe,Anuradhapura,P017,Electric Kettle,Home Appliances,1,8500,0,0.0,Online Payment,8500.0
ORD01421,2026-07-03,C0106,Dinesh Karunaratne,Batticaloa,P011,T-Shirt,Clothing,1,4500,0,0.0,Cash,4500.0
ORD01911,2026-07-03,C0417,Piumi Gunawardena,Colombo,P017,Electric Kettle,Home Appliances,3,8500,5,1275.0,Cash,24225.0
ORD00129,2026-07-04,C0064,Nethmi Jayasinghe,Negombo,P019,Rice Cooker,Home Appliances,1,18000,10,1800.0,Cash,16200.0
ORD00323,2026-07-04,C0096,Dilini Jayasinghe,Jaffna,P015,Backpack,Clothing,1,6500,15,975.0,Debit Card,5525.0
ORD02222,2026-07-04,C0008,Dinesh Rathnayake,Batticaloa,P017,Electric Kettle,Home Appliances,5,8500,15,6375.0,Online Payment,36125.0
ORD01054,2026-07-04,C0406,Hasini Silva,Negombo,P004,Wireless Headphones,Electronics,2,18000,10,3600.0,Credit Card,32400.0
ORD00679,2026-07-04,C0459,Sanduni Rathnayake,Matara,P024,File Folder,Stationery,1,650,5,32.5,Debit Card,617.5
ORD01678,2026-07-04,C0147,Kavindu Karunaratne,Negombo,P004,Wireless Headphones,Electronics,3,18000,10,5400.0,Credit Card,48600.0
ORD00264,2026-07-05,C0202,Hiruni Silva,Jaffna,P001,Laptop,Electronics,3,180000,5,27000.0,Online Payment,513000.0
ORD01978,2026-07-06,C0283,Kasun Jayasinghe,Ratnapura,P018,Blender,Home Appliances,1,14000,5,700.0,Debit Card,13300.0
ORD02477,2026-07-06,C0079,Tharushi Samarasinghe,Matara,P018,Blender,Home Appliances,1,14000,10,1400.0,Debit Card,12600.0
ORD02810,2026-07-06,C0058,Tharushi Rathnayake,Ratnapura,P001,Laptop,Electronics,1,180000,10,18000.0,Debit Card,162000.0
ORD02808,2026-07-06,C0225,Isuru Perera,Kurunegala,P009,Dining Table,Furniture,5,85000,0,0.0,Debit Card,425000.0
ORD00914,2026-07-06,C0098,Kasun Wijesinghe,Anuradhapura,P005,Smart Watch,Electronics,1,25000,0,0.0,Cash,25000.0
ORD00336,2026-07-06,C0087,Sanduni Wijesinghe,Negombo,P019,Rice Cooker,Home Appliances,1,18000,0,0.0,Credit Card,18000.0
ORD00976,2026-07-06,C0042,Kasun Samarasinghe,Colombo,P022,Pen Set,Stationery,1,1200,0,0.0,Debit Card,1200.0
ORD00076,2026-07-06,C0397,Ayesha Rathnayake,Matara,P024,File Folder,Stationery,2,650,10,130.0,Credit Card,1170.0
ORD00760,2026-07-07,C0260,Ravindu Rathnayake,Jaffna,P009,Dining Table,Furniture,1,85000,0,0.0,Credit Card,85000.0
ORD02077,2026-07-07,C0394,Chamod Perera,Batticaloa,P015,Backpack,Clothing,1,6500,0,0.0,Cash,6500.0
ORD00069,2026-07-07,C0027,Dilini Bandara,Kandy,P025,Desk Organizer,Stationery,4,1800,0,0.0,Cash,7200.0
ORD02488,2026-07-07,C0173,Isuru Samarasinghe,Matara,P007,Office Desk,Furniture,3,55000,0,0.0,Debit Card,165000.0
ORD00017,2026-07-07,C0489,Hiruni Perera,Batticaloa,P011,T-Shirt,Clothing,1,4500,0,0.0,Debit Card,4500.0
ORD00020,2026-07-07,C0387,Isuru Wijesinghe,Matara,P022,Pen Set,Stationery,2,1200,15,360.0,Online Payment,2040.0
ORD02496,2026-07-08,C0435,Hiruni Bandara,Kurunegala,P006,Office Chair,Furniture,1,35000,0,0.0,Online Payment,35000.0
ORD01888,2026-07-08,C0220,Ayesha Fernando,Galle,P002,Smartphone,Electronics,1,95000,0,0.0,Cash,95000.0
ORD01641,2026-07-08,C0183,Kasun Silva,Kurunegala,P023,Calculator,Stationery,1,2500,0,0.0,Cash,2500.0
ORD02437,2026-07-08,C0426,Amal Perera,Ratnapura,P021,Notebook,Stationery,1,800,0,0.0,Debit Card,800.0
ORD00138,2026-07-08,C0129,Chamod Fernando,Colombo,P005,Smart Watch,Electronics,1,25000,5,1250.0,Debit Card,23750.0
ORD02294,2026-07-08,C0480,Sanduni Jayasinghe,Kandy,P002,Smartphone,Electronics,1,95000,5,4750.0,Cash,90250.0
ORD02068,2026-07-08,C0074,Kasun Silva,Galle,P008,Bookshelf,Furniture,2,28000,10,5600.0,Credit Card,50400.0
ORD02101,2026-07-09,C0324,Sanduni Karunaratne,Matara,P012,Jeans,Clothing,3,7500,10,2250.0,Debit Card,20250.0
ORD02685,2026-07-09,C0438,Kavindu Samarasinghe,Kandy,P008,Bookshelf,Furniture,1,28000,5,1400.0,Cash,26600.0
ORD02290,2026-07-09,C0258,Isuru Samarasinghe,Negombo,P006,Office Chair,Furniture,1,35000,5,1750.0,Online Payment,33250.0
ORD02893,2026-07-09,C0217,Amal Rathnayake,Colombo,P010,Computer Table,Furniture,1,42000,0,0.0,Online Payment,42000.0
ORD00560,2026-07-09,C0491,Nimal Rathnayake,Kurunegala,P020,Microwave Oven,Home Appliances,1,48000,5,2400.0,Online Payment,45600.0
ORD01051,2026-07-09,C0203,Tharushi Fernando,Jaffna,P007,Office Desk,Furniture,1,55000,10,5500.0,Credit Card,49500.0
ORD02043,2026-07-09,C0077,Ravindu Karunaratne,Negombo,P017,Electric Kettle,Home Appliances,1,8500,0,0.0,Cash,8500.0
ORD00691,2026-07-10,C0180,Piumi Jayasinghe,Negombo,P005,Smart Watch,Electronics,4,25000,5,5000.0,Credit Card,95000.0
ORD01185,2026-07-10,C0377,Sanduni Fernando,Jaffna,P005,Smart Watch,Electronics,1,25000,15,3750.0,Credit Card,21250.0
ORD00393,2026-07-10,C0159,Chamod Rathnayake,Colombo,P003,Tablet,Electronics,1,65000,5,3250.0,Cash,61750.0
ORD01697,2026-07-10,C0334,Nethmi Wijesinghe,Batticaloa,P014,Sneakers,Clothing,1,15000,5,750.0,Debit Card,14250.0
ORD01785,2026-07-10,C0209,Dilini Gunawardena,Kandy,P020,Microwave Oven,Home Appliances,1,48000,0,0.0,Debit Card,48000.0
ORD02192,2026-07-10,C0280,Tharindu Perera,Ratnapura,P019,Rice Cooker,Home Appliances,4,18000,5,3600.0,Debit Card,68400.0
ORD01321,2026-07-11,C0461,Hasini Wijesinghe,Colombo,P025,Desk Organizer,Stationery,3,1800,0,0.0,Online Payment,5400.0
ORD02168,2026-07-11,C0394,Piumi Fernando,Batticaloa,P025,Desk Organizer,Stationery,2,1800,5,180.0,Cash,3420.0
ORD00388,2026-07-12,C0401,Ayesha Jayasinghe,Batticaloa,P017,Electric Kettle,Home Appliances,1,8500,5,425.0,Credit Card,8075.0
ORD02570,2026-07-12,C0165,Tharushi Fernando,Kurunegala,P021,Notebook,Stationery,4,800,15,480.0,Credit Card,2720.0
ORD00265,2026-07-12,C0218,Piumi Gunawardena,Jaffna,P008,Bookshelf,Furniture,1,28000,0,0.0,Debit Card,28000.0
ORD00506,2026-07-13,C0152,Tharindu Wijesinghe,Kurunegala,P001,Laptop,Electronics,2,180000,0,0.0,Cash,360000.0
ORD00710,2026-07-13,C0109,Chamod Rathnayake,Galle,P007,Office Desk,Furniture,2,55000,10,11000.0,Online Payment,99000.0
ORD02652,2026-07-13,C0227,Hiruni Wijesinghe,Batticaloa,P010,Computer Table,Furniture,1,42000,0,0.0,Credit Card,42000.0
ORD01304,2026-07-13,C0132,Ayesha Wijesinghe,Kurunegala,P015,Backpack,Clothing,1,6500,10,650.0,Debit Card,5850.0
ORD02589,2026-07-13,C0066,Sachini Silva,Kurunegala,P009,Dining Table,Furniture,3,85000,0,0.0,Debit Card,255000.0
ORD00041,2026-07-13,C0019,Dilini Karunaratne,Ratnapura,P005,Smart Watch,Electronics,1,25000,0,0.0,Debit Card,25000.0
ORD02236,2026-07-13,C0258,Tharindu Wijesinghe,Batticaloa,P008,Bookshelf,Furniture,1,28000,5,1400.0,Debit Card,26600.0
ORD00218,2026-07-13,C0149,Kavindu Rathnayake,Jaffna,P022,Pen Set,Stationery,1,1200,15,180.0,Cash,1020.0
ORD00865,2026-07-13,C0217,Ayesha Bandara,Negombo,P005,Smart Watch,Electronics,1,25000,10,2500.0,Debit Card,22500.0
ORD00284,2026-07-14,C0251,Chamod Samarasinghe,Colombo,P017,Electric Kettle,Home Appliances,1,8500,0,0.0,Cash,8500.0
ORD01664,2026-07-14,C0330,Isuru Wijesinghe,Kurunegala,P005,Smart Watch,Electronics,1,25000,5,1250.0,Debit Card,23750.0
ORD02057,2026-07-14,C0294,Dilini Gunawardena,Kandy,P007,Office Desk,Furniture,1,55000,0,0.0,Debit Card,55000.0
ORD00333,2026-07-14,C0112,Tharushi Fernando,Jaffna,P010,Computer Table,Furniture,3,42000,0,0.0,Online Payment,126000.0
ORD00715,2026-07-14,C0296,Dilini Perera,Colombo,P019,Rice Cooker,Home Appliances,1,18000,10,1800.0,Cash,16200.0
ORD00121,2026-07-14,C0081,Kasun Rathnayake,Kurunegala,P019,Rice Cooker,Home Appliances,1,18000,10,1800.0,Debit Card,16200.0
ORD01238,2026-07-14,C0397,Chamod Karunaratne,Matara,P007,Office Desk,Furniture,1,55000,5,2750.0,Cash,52250.0
ORD01440,2026-07-15,C0215,Sachini Perera,Negombo,P004,Wireless Headphones,Electronics,1,18000,5,900.0,Debit Card,17100.0
ORD00666,2026-07-15,C0143,Dinithi Samarasinghe,Jaffna,P002,Smartphone,Electronics,1,95000,0,0.0,Debit Card,95000.0
ORD00342,2026-07-15,C0296,Tharindu Karunaratne,Anuradhapura,P011,T-Shirt,Clothing,3,4500,0,0.0,Cash,13500.0
ORD01637,2026-07-16,C0080,Sahan Perera,Anuradhapura,P008,Bookshelf,Furniture,3,28000,5,4200.0,Credit Card,79800.0
ORD01696,2026-07-16,C0442,Tharushi Jayasinghe,Negombo,P007,Office Desk,Furniture,1,55000,15,8250.0,Cash,46750.0
ORD01872,2026-07-16,C0374,Hasini Samarasinghe,Kandy,P005,Smart Watch,Electronics,4,25000,10,10000.0,Debit Card,90000.0
ORD01105,2026-07-16,C0201,Sanduni Gunawardena,Anuradhapura,P012,Jeans,Clothing,3,7500,10,2250.0,Cash,20250.0
ORD00578,2026-07-16,C0028,Amal Gunawardena,Ratnapura,P025,Desk Organizer,Stationery,5,1800,0,0.0,Debit Card,9000.0
ORD00060,2026-07-16,C0229,Chamod Rathnayake,Anuradhapura,P009,Dining Table,Furniture,3,85000,5,12750.0,Online Payment,242250.0
ORD02205,2026-07-17,C0226,Kavindu Samarasinghe,Matara,P019,Rice Cooker,Home Appliances,1,18000,0,0.0,Debit Card,18000.0
ORD01979,2026-07-17,C0070,Chamod Perera,Matara,P016,Coffee Maker,Home Appliances,3,22000,5,3300.0,Credit Card,62700.0
ORD00550,2026-07-17,C0146,Piumi Karunaratne,Kurunegala,P012,Jeans,Clothing,4,7500,5,1500.0,Credit Card,28500.0
ORD02677,2026-07-17,C0188,Dilini Rathnayake,Ratnapura,P002,Smartphone,Electronics,1,95000,5,4750.0,Debit Card,90250.0
ORD00708,2026-07-17,C0496,Nimal Perera,Ratnapura,P012,Jeans,Clothing,1,7500,5,375.0,Cash,7125.0
ORD02011,2026-07-17,C0066,Dinithi Samarasinghe,Colombo,P008,Bookshelf,Furniture,2,28000,10,5600.0,Online Payment,50400.0
ORD00510,2026-07-17,C0038,Kavindu Fernando,Negombo,P004,Wireless Headphones,Electronics,1,18000,15,2700.0,Debit Card,15300.0
ORD00618,2026-07-18,C0475,Sahan Jayasinghe,Anuradhapura,P015,Backpack,Clothing,4,6500,0,0.0,Cash,26000.0
ORD01124,2026-07-18,C0131,Sahan Gunawardena,Galle,P013,Jacket,Clothing,1,12000,5,600.0,Online Payment,11400.0
ORD02997,2026-07-18,C0178,Sahan Samarasinghe,Jaffna,P019,Rice Cooker,Home Appliances,1,18000,10,1800.0,Cash,16200.0
ORD00310,2026-07-18,C0014,Nethmi Bandara,Anuradhapura,P010,Computer Table,Furniture,3,42000,0,0.0,Online Payment,126000.0
ORD01517,2026-07-18,C0210,Dilini Bandara,Matara,P020,Microwave Oven,Home Appliances,1,48000,10,4800.0,Cash,43200.0
ORD00215,2026-07-19,C0141,Tharindu Wijesinghe,Batticaloa,P018,Blender,Home Appliances,1,14000,0,0.0,Credit Card,14000.0
ORD00515,2026-07-19,C0056,Chamod Karunaratne,Kandy,P009,Dining Table,Furniture,3,85000,0,0.0,Credit Card,255000.0
ORD00906,2026-07-19,C0040,Nimal Samarasinghe,Kandy,P017,Electric Kettle,Home Appliances,1,8500,0,0.0,Online Payment,8500.0
ORD01698,2026-07-19,C0456,Chamod Gunawardena,Ratnapura,P014,Sneakers,Clothing,1,15000,15,2250.0,Cash,12750.0
ORD02914,2026-07-19,C0492,Ravindu Fernando,Colombo,P001,Laptop,Electronics,2,180000,10,36000.0,Debit Card,324000.0
ORD00006,2026-07-20,C0151,Dinithi Jayasinghe,Batticaloa,P007,Office Desk,Furniture,2,55000,0,0.0,Credit Card,110000.0
ORD01934,2026-07-20,C0337,Kavindu Fernando,Matara,P025,Desk Organizer,Stationery,4,1800,5,360.0,Online Payment,6840.0
ORD01717,2026-07-20,C0099,Ayesha Wijesinghe,Negombo,P003,Tablet,Electronics,4,65000,0,0.0,Debit Card,260000.0
ORD00867,2026-07-20,C0197,Kavindu Jayasinghe,Kandy,P018,Blender,Home Appliances,3,14000,15,6300.0,Online Payment,35700.0
ORD00092,2026-07-20,C0039,Chamod Perera,Matara,P015,Backpack,Clothing,2,6500,15,1950.0,Debit Card,11050.0
ORD01123,2026-07-20,C0111,Hasini Jayasinghe,Negombo,P005,Smart Watch,Electronics,2,25000,10,5000.0,Cash,45000.0
ORD00414,2026-07-21,C0032,Sachini Samarasinghe,Matara,P018,Blender,Home Appliances,2,14000,15,4200.0,Credit Card,23800.0
ORD00482,2026-07-21,C0324,Isuru Bandara,Jaffna,P020,Microwave Oven,Home Appliances,2,48000,10,9600.0,Credit Card,86400.0
ORD02584,2026-07-21,C0492,Piumi Fernando,Kandy,P025,Desk Organizer,Stationery,1,1800,5,90.0,Cash,1710.0
ORD01067,2026-07-21,C0373,Chamod Wijesinghe,Matara,P015,Backpack,Clothing,1,6500,5,325.0,Online Payment,6175.0
ORD00014,2026-07-21,C0441,Amal Fernando,Ratnapura,P025,Desk Organizer,Stationery,1,1800,10,180.0,Cash,1620.0
ORD02872,2026-07-21,C0174,Piumi Perera,Kurunegala,P006,Office Chair,Furniture,3,35000,5,5250.0,Credit Card,99750.0
ORD02490,2026-07-21,C0353,Chamod Gunawardena,Batticaloa,P006,Office Chair,Furniture,2,35000,0,0.0,Cash,70000.0
ORD01252,2026-07-21,C0082,Sanduni Bandara,Kandy,P003,Tablet,Electronics,1,65000,0,0.0,Credit Card,65000.0
ORD01371,2026-07-21,C0199,Kavindu Samarasinghe,Anuradhapura,P014,Sneakers,Clothing,2,15000,5,1500.0,Credit Card,28500.0
ORD01643,2026-07-22,C0421,Ravindu Rathnayake,Negombo,P019,Rice Cooker,Home Appliances,3,18000,15,8100.0,Online Payment,45900.0
ORD00052,2026-07-22,C0066,Isuru Gunawardena,Matara,P022,Pen Set,Stationery,2,1200,0,0.0,Debit Card,2400.0
ORD00745,2026-07-22,C0021,Sachini Bandara,Negombo,P023,Calculator,Stationery,1,2500,0,0.0,Debit Card,2500.0
ORD00037,2026-07-22,C0154,Dinesh Silva,Negombo,P004,Wireless Headphones,Electronics,3,18000,0,0.0,Debit Card,54000.0
ORD00967,2026-07-23,C0334,Tharindu Wijesinghe,Batticaloa,P014,Sneakers,Clothing,1,15000,5,750.0,Credit Card,14250.0
ORD00680,2026-07-23,C0275,Amal Bandara,Batticaloa,P022,Pen Set,Stationery,1,1200,10,120.0,Cash,1080.0
ORD02951,2026-07-23,C0138,Dinesh Bandara,Kurunegala,P013,Jacket,Clothing,2,12000,0,0.0,Debit Card,24000.0
ORD02543,2026-07-23,C0223,Chamod Jayasinghe,Kandy,P011,T-Shirt,Clothing,1,4500,15,675.0,Debit Card,3825.0
ORD02155,2026-07-23,C0031,Dinesh Samarasinghe,Kandy,P002,Smartphone,Electronics,1,95000,10,9500.0,Credit Card,85500.0
ORD02106,2026-07-23,C0378,Chamod Fernando,Negombo,P010,Computer Table,Furniture,1,42000,10,4200.0,Online Payment,37800.0
ORD01278,2026-07-24,C0397,Sanduni Rathnayake,Batticaloa,P002,Smartphone,Electronics,1,95000,15,14250.0,Online Payment,80750.0
ORD00972,2026-07-24,C0144,Tharushi Bandara,Batticaloa,P017,Electric Kettle,Home Appliances,4,8500,10,3400.0,Debit Card,30600.0
ORD01765,2026-07-24,C0192,Hiruni Gunawardena,Galle,P007,Office Desk,Furniture,3,55000,5,8250.0,Debit Card,156750.0
ORD01249,2026-07-24,C0499,Sachini Bandara,Batticaloa,P021,Notebook,Stationery,1,800,0,0.0,Online Payment,800.0
ORD02615,2026-07-24,C0220,Hiruni Gunawardena,Galle,P007,Office Desk,Furniture,1,55000,0,0.0,Cash,55000.0
ORD01376,2026-07-24,C0112,Tharushi Perera,Batticaloa,P003,Tablet,Electronics,1,65000,10,6500.0,Cash,58500.0
ORD01515,2026-07-24,C0381,Ayesha Bandara,Matara,P018,Blender,Home Appliances,1,14000,0,0.0,Cash,14000.0
ORD02617,2026-07-25,C0500,Kasun Karunaratne,Kandy,P019,Rice Cooker,Home Appliances,1,18000,5,900.0,Credit Card,17100.0
ORD02542,2026-07-25,C0035,Dilini Silva,Anuradhapura,P018,Blender,Home Appliances,1,14000,0,0.0,Debit Card,14000.0
ORD01924,2026-07-25,C0395,Nethmi Gunawardena,Kurunegala,P021,Notebook,Stationery,1,800,0,0.0,Cash,800.0
ORD02148,2026-07-25,C0254,Sahan Perera,Galle,P020,Microwave Oven,Home Appliances,2,48000,15,14400.0,Cash,81600.0
ORD01285,2026-07-26,C0428,Ravindu Bandara,Kandy,P003,Tablet,Electronics,5,65000,0,0.0,Credit Card,325000.0
ORD01455,2026-07-26,C0461,Tharushi Jayasinghe,Galle,P001,Laptop,Electronics,3,180000,15,81000.0,Debit Card,459000.0
ORD00502,2026-07-26,C0037,Hasini Bandara,Negombo,P014,Sneakers,Clothing,1,15000,10,1500.0,Online Payment,13500.0
ORD01561,2026-07-26,C0287,Isuru Bandara,Batticaloa,P017,Electric Kettle,Home Appliances,1,8500,5,425.0,Cash,8075.0
ORD01410,2026-07-26,C0339,Nimal Perera,Jaffna,P005,Smart Watch,Electronics,2,25000,5,2500.0,Credit Card,47500.0
ORD02972,2026-07-26,C0298,Kavindu Jayasinghe,Ratnapura,P020,Microwave Oven,Home Appliances,3,48000,10,14400.0,Credit Card,129600.0
ORD00440,2026-07-27,C0391,Chamod Jayasinghe,Kandy,P008,Bookshelf,Furniture,1,28000,5,1400.0,Online Payment,26600.0
ORD02223,2026-07-27,C0066,Isuru Fernando,Galle,P019,Rice Cooker,Home Appliances,2,18000,10,3600.0,Online Payment,32400.0
ORD02508,2026-07-27,C0181,Dinithi Karunaratne,Negombo,P013,Jacket,Clothing,1,12000,5,600.0,Debit Card,11400.0
ORD02781,2026-07-27,C0291,Nimal Wijesinghe,Anuradhapura,P006,Office Chair,Furniture,1,35000,10,3500.0,Debit Card,31500.0
ORD00630,2026-07-27,C0102,Ayesha Gunawardena,Batticaloa,P007,Office Desk,Furniture,2,55000,5,5500.0,Credit Card,104500.0
ORD00603,2026-07-27,C0151,Piumi Rathnayake,Jaffna,P019,Rice Cooker,Home Appliances,1,18000,10,1800.0,Debit Card,16200.0
ORD00043,2026-07-28,C0453,Tharushi Karunaratne,Galle,P008,Bookshelf,Furniture,3,28000,0,0.0,Online Payment,84000.0
ORD01167,2026-07-28,C0500,Dilini Jayasinghe,Anuradhapura,P021,Notebook,Stationery,2,800,10,160.0,Cash,1440.0
ORD02097,2026-07-29,C0031,Dinithi Silva,Anuradhapura,P001,Laptop,Electronics,1,180000,0,0.0,Credit Card,180000.0
ORD01666,2026-07-29,C0248,Dinithi Gunawardena,Negombo,P016,Coffee Maker,Home Appliances,5,22000,5,5500.0,Cash,104500.0
ORD01913,2026-07-29,C0372,Sanduni Silva,Ratnapura,P021,Notebook,Stationery,1,800,10,80.0,Cash,720.0
ORD00206,2026-07-30,C0061,Sahan Wijesinghe,Anuradhapura,P007,Office Desk,Furniture,5,55000,5,13750.0,Online Payment,261250.0
ORD02507,2026-07-30,C0002,Piumi Karunaratne,Anuradhapura,P010,Computer Table,Furniture,2,42000,15,12600.0,Debit Card,71400.0
ORD00841,2026-07-30,C0438,Chamod Samarasinghe,Colombo,P013,Jacket,Clothing,1,12000,10,1200.0,Debit Card,10800.0
ORD02394,2026-07-30,C0166,Tharindu Perera,Kandy,P008,Bookshelf,Furniture,3,28000,0,0.0,Online Payment,84000.0
ORD01068,2026-07-30,C0311,Ayesha Fernando,Kurunegala,P005,Smart Watch,Electronics,2,25000,5,2500.0,Credit Card,47500.0
ORD00673,2026-07-31,C0255,Hiruni Rathnayake,Anuradhapura,P006,Office Chair,Furniture,3,35000,5,5250.0,Debit Card,99750.0
ORD00420,2026-07-31,C0400,Dinesh Wijesinghe,Ratnapura,P012,Jeans,Clothing,3,7500,5,1125.0,Online Payment,21375.0
ORD02722,2026-07-31,C0017,Sachini Jayasinghe,Negombo,P002,Smartphone,Electronics,1,95000,10,9500.0,Debit Card,85500.0
ORD00582,2026-08-01,C0223,Hiruni Samarasinghe,Negombo,P012,Jeans,Clothing,1,7500,5,375.0,Cash,7125.0
ORD02152,2026-08-01,C0469,Nethmi Jayasinghe,Matara,P010,Computer Table,Furniture,2,42000,10,8400.0,Online Payment,75600.0
ORD00530,2026-08-01,C0327,Amal Wijesinghe,Kandy,P007,Office Desk,Furniture,1,55000,15,8250.0,Online Payment,46750.0
ORD01126,2026-08-01,C0337,Hiruni Karunaratne,Galle,P014,Sneakers,Clothing,3,15000,10,4500.0,Online Payment,40500.0
ORD02995,2026-08-02,C0425,Kasun Jayasinghe,Ratnapura,P012,Jeans,Clothing,4,7500,5,1500.0,Credit Card,28500.0
ORD00400,2026-08-03,C0054,Ayesha Silva,Kurunegala,P024,File Folder,Stationery,1,650,10,65.0,Debit Card,585.0
ORD02742,2026-08-03,C0105,Nethmi Jayasinghe,Batticaloa,P004,Wireless Headphones,Electronics,2,18000,0,0.0,Online Payment,36000.0
ORD02604,2026-08-03,C0022,Hiruni Rathnayake,Kandy,P021,Notebook,Stationery,1,800,0,0.0,Credit Card,800.0
ORD02807,2026-08-03,C0313,Tharushi Rathnayake,Colombo,P013,Jacket,Clothing,2,12000,0,0.0,Debit Card,24000.0
ORD01826,2026-08-03,C0098,Dilini Wijesinghe,Jaffna,P011,T-Shirt,Clothing,2,4500,10,900.0,Debit Card,8100.0
ORD02320,2026-08-03,C0441,Chamod Fernando,Galle,P019,Rice Cooker,Home Appliances,2,18000,10,3600.0,Debit Card,32400.0
ORD01688,2026-08-04,C0062,Ravindu Perera,Batticaloa,P018,Blender,Home Appliances,1,14000,15,2100.0,Online Payment,11900.0
ORD01883,2026-08-04,C0170,Kavindu Fernando,Jaffna,P006,Office Chair,Furniture,2,35000,0,0.0,Debit Card,70000.0
ORD00743,2026-08-04,C0275,Dilini Jayasinghe,Negombo,P013,Jacket,Clothing,1,12000,0,0.0,Debit Card,12000.0
ORD00364,2026-08-04,C0086,Dilini Silva,Negombo,P025,Desk Organizer,Stationery,1,1800,0,0.0,Credit Card,1800.0
ORD00701,2026-08-04,C0404,Sanduni Samarasinghe,Jaffna,P006,Office Chair,Furniture,2,35000,0,0.0,Online Payment,70000.0
ORD01081,2026-08-04,C0417,Isuru Silva,Jaffna,P002,Smartphone,Electronics,2,95000,5,9500.0,Debit Card,180500.0
ORD02569,2026-08-05,C0126,Isuru Jayasinghe,Jaffna,P020,Microwave Oven,Home Appliances,1,48000,0,0.0,Debit Card,48000.0
ORD02626,2026-08-05,C0386,Tharindu Bandara,Galle,P022,Pen Set,Stationery,1,1200,15,180.0,Online Payment,1020.0
ORD00375,2026-08-05,C0032,Tharushi Silva,Jaffna,P010,Computer Table,Furniture,1,42000,10,4200.0,Online Payment,37800.0
ORD02242,2026-08-05,C0297,Tharushi Karunaratne,Ratnapura,P017,Electric Kettle,Home Appliances,3,8500,0,0.0,Debit Card,25500.0
ORD02348,2026-08-05,C0214,Dilini Perera,Negombo,P021,Notebook,Stationery,2,800,0,0.0,Online Payment,1600.0
ORD00695,2026-08-05,C0068,Kasun Rathnayake,Kandy,P015,Backpack,Clothing,1,6500,15,975.0,Online Payment,5525.0
ORD00846,2026-08-05,C0264,Tharushi Wijesinghe,Colombo,P023,Calculator,Stationery,1,2500,0,0.0,Debit Card,2500.0
ORD02846,2026-08-06,C0482,Piumi Perera,Kurunegala,P013,Jacket,Clothing,2,12000,0,0.0,Cash,24000.0
ORD00907,2026-08-06,C0417,Sahan Jayasinghe,Negombo,P019,Rice Cooker,Home Appliances,1,18000,0,0.0,Cash,18000.0
ORD02834,2026-08-06,C0299,Tharushi Silva,Jaffna,P012,Jeans,Clothing,1,7500,0,0.0,Credit Card,7500.0
ORD01730,2026-08-06,C0135,Sanduni Rathnayake,Kurunegala,P024,File Folder,Stationery,3,650,10,195.0,Online Payment,1755.0
ORD02144,2026-08-06,C0306,Dilini Silva,Batticaloa,P016,Coffee Maker,Home Appliances,3,22000,0,0.0,Credit Card,66000.0
ORD00958,2026-08-07,C0268,Isuru Rathnayake,Ratnapura,P001,Laptop,Electronics,1,180000,0,0.0,Cash,180000.0
ORD02281,2026-08-07,C0070,Isuru Perera,Colombo,P015,Backpack,Clothing,1,6500,10,650.0,Debit Card,5850.0
ORD01648,2026-08-07,C0409,Hiruni Gunawardena,Galle,P025,Desk Organizer,Stationery,2,1800,10,360.0,Cash,3240.0
ORD01029,2026-08-07,C0493,Nethmi Wijesinghe,Kandy,P006,Office Chair,Furniture,1,35000,0,0.0,Cash,35000.0
ORD02309,2026-08-08,C0220,Piumi Perera,Kandy,P018,Blender,Home Appliances,1,14000,15,2100.0,Online Payment,11900.0
ORD02553,2026-08-08,C0179,Hiruni Silva,Ratnapura,P024,File Folder,Stationery,1,650,0,0.0,Credit Card,650.0
ORD00861,2026-08-08,C0377,Hiruni Fernando,Ratnapura,P022,Pen Set,Stationery,3,1200,5,180.0,Online Payment,3420.0
ORD01671,2026-08-08,C0328,Dinithi Perera,Colombo,P013,Jacket,Clothing,1,12000,0,0.0,Debit Card,12000.0
ORD02353,2026-08-08,C0350,Sachini Wijesinghe,Jaffna,P007,Office Desk,Furniture,2,55000,5,5500.0,Credit Card,104500.0
ORD02071,2026-08-08,C0072,Sanduni Karunaratne,Matara,P015,Backpack,Clothing,3,6500,0,0.0,Debit Card,19500.0
ORD02266,2026-08-09,C0189,Tharindu Fernando,Anuradhapura,P012,Jeans,Clothing,1,7500,10,750.0,Cash,6750.0
ORD01967,2026-08-09,C0011,Sahan Bandara,Galle,P006,Office Chair,Furniture,1,35000,0,0.0,Credit Card,35000.0
ORD00169,2026-08-09,C0334,Isuru Jayasinghe,Batticaloa,P016,Coffee Maker,Home Appliances,2,22000,0,0.0,Online Payment,44000.0
ORD01206,2026-08-09,C0257,Kavindu Bandara,Matara,P006,Office Chair,Furniture,1,35000,0,0.0,Online Payment,35000.0
ORD01015,2026-08-09,C0081,Dilini Wijesinghe,Ratnapura,P003,Tablet,Electronics,1,65000,0,0.0,Debit Card,65000.0
ORD00645,2026-08-10,C0079,Tharushi Wijesinghe,Batticaloa,P011,T-Shirt,Clothing,1,4500,0,0.0,Credit Card,4500.0
ORD00995,2026-08-10,C0065,Hiruni Wijesinghe,Kurunegala,P014,Sneakers,Clothing,1,15000,15,2250.0,Credit Card,12750.0
ORD00493,2026-08-10,C0282,Dilini Fernando,Kurunegala,P017,Electric Kettle,Home Appliances,1,8500,0,0.0,Cash,8500.0
ORD01853,2026-08-10,C0336,Chamod Wijesinghe,Ratnapura,P016,Coffee Maker,Home Appliances,4,22000,0,0.0,Credit Card,88000.0
ORD02900,2026-08-10,C0478,Kasun Samarasinghe,Batticaloa,P018,Blender,Home Appliances,1,14000,5,700.0,Online Payment,13300.0
ORD02030,2026-08-10,C0320,Tharushi Karunaratne,Batticaloa,P013,Jacket,Clothing,3,12000,5,1800.0,Online Payment,34200.0
ORD00332,2026-08-10,C0059,Sahan Samarasinghe,Kurunegala,P018,Blender,Home Appliances,3,14000,0,0.0,Online Payment,42000.0
ORD02923,2026-08-11,C0230,Sahan Jayasinghe,Batticaloa,P016,Coffee Maker,Home Appliances,2,22000,5,2200.0,Cash,41800.0
ORD00160,2026-08-11,C0208,Tharushi Wijesinghe,Kandy,P013,Jacket,Clothing,1,12000,10,1200.0,Credit Card,10800.0
ORD02432,2026-08-11,C0313,Isuru Fernando,Negombo,P023,Calculator,Stationery,1,2500,5,125.0,Credit Card,2375.0
ORD02633,2026-08-12,C0311,Dinithi Wijesinghe,Negombo,P019,Rice Cooker,Home Appliances,3,18000,5,2700.0,Online Payment,51300.0
ORD01700,2026-08-12,C0401,Isuru Silva,Matara,P011,T-Shirt,Clothing,1,4500,0,0.0,Online Payment,4500.0
ORD01577,2026-08-12,C0474,Dilini Karunaratne,Galle,P007,Office Desk,Furniture,3,55000,5,8250.0,Debit Card,156750.0
ORD00123,2026-08-12,C0152,Kavindu Perera,Matara,P009,Dining Table,Furniture,1,85000,0,0.0,Online Payment,85000.0
ORD02379,2026-08-13,C0372,Ayesha Bandara,Kurunegala,P005,Smart Watch,Electronics,2,25000,10,5000.0,Credit Card,45000.0
ORD01789,2026-08-13,C0003,Sahan Samarasinghe,Galle,P024,File Folder,Stationery,1,650,10,65.0,Online Payment,585.0
ORD01109,2026-08-13,C0053,Tharindu Gunawardena,Matara,P022,Pen Set,Stationery,3,1200,0,0.0,Cash,3600.0
ORD00064,2026-08-13,C0195,Ayesha Perera,Kurunegala,P010,Computer Table,Furniture,3,42000,10,12600.0,Credit Card,113400.0
ORD00391,2026-08-13,C0434,Sachini Jayasinghe,Galle,P006,Office Chair,Furniture,1,35000,10,3500.0,Debit Card,31500.0
ORD00615,2026-08-14,C0184,Nethmi Gunawardena,Kandy,P006,Office Chair,Furniture,3,35000,10,10500.0,Debit Card,94500.0
ORD02134,2026-08-14,C0213,Ayesha Fernando,Jaffna,P022,Pen Set,Stationery,2,1200,0,0.0,Cash,2400.0
ORD01275,2026-08-14,C0011,Kavindu Perera,Batticaloa,P001,Laptop,Electronics,4,180000,5,36000.0,Credit Card,684000.0
ORD00098,2026-08-14,C0021,Chamod Rathnayake,Ratnapura,P021,Notebook,Stationery,1,800,5,40.0,Credit Card,760.0
ORD02877,2026-08-14,C0140,Tharushi Rathnayake,Matara,P014,Sneakers,Clothing,1,15000,10,1500.0,Credit Card,13500.0
ORD01791,2026-08-14,C0180,Tharushi Fernando,Jaffna,P021,Notebook,Stationery,2,800,0,0.0,Credit Card,1600.0
ORD00919,2026-08-14,C0162,Piumi Fernando,Negombo,P021,Notebook,Stationery,1,800,15,120.0,Cash,680.0
ORD01939,2026-08-14,C0407,Isuru Rathnayake,Ratnapura,P008,Bookshelf,Furniture,1,28000,5,1400.0,Online Payment,26600.0
ORD00572,2026-08-14,C0295,Piumi Silva,Negombo,P012,Jeans,Clothing,1,7500,15,1125.0,Online Payment,6375.0
ORD02119,2026-08-14,C0490,Hasini Karunaratne,Jaffna,P024,File Folder,Stationery,1,650,0,0.0,Cash,650.0
ORD00669,2026-08-16,C0185,Nimal Fernando,Negombo,P011,T-Shirt,Clothing,1,4500,10,450.0,Cash,4050.0
ORD02422,2026-08-16,C0231,Kavindu Bandara,Batticaloa,P009,Dining Table,Furniture,3,85000,5,12750.0,Cash,242250.0
ORD01235,2026-08-16,C0316,Tharindu Jayasinghe,Kurunegala,P001,Laptop,Electronics,1,180000,15,27000.0,Credit Card,153000.0
ORD02653,2026-08-16,C0031,Isuru Jayasinghe,Colombo,P002,Smartphone,Electronics,1,95000,0,0.0,Debit Card,95000.0
ORD01777,2026-08-17,C0356,Piumi Wijesinghe,Negombo,P001,Laptop,Electronics,2,180000,15,54000.0,Cash,306000.0
ORD00749,2026-08-17,C0120,Kasun Perera,Galle,P016,Coffee Maker,Home Appliances,2,22000,15,6600.0,Cash,37400.0
ORD00764,2026-08-17,C0167,Tharushi Bandara,Kurunegala,P008,Bookshelf,Furniture,3,28000,10,8400.0,Credit Card,75600.0
ORD01624,2026-08-18,C0345,Dinithi Gunawardena,Matara,P023,Calculator,Stationery,2,2500,10,500.0,Online Payment,4500.0
ORD02901,2026-08-18,C0110,Tharushi Jayasinghe,Matara,P004,Wireless Headphones,Electronics,2,18000,5,1800.0,Debit Card,34200.0
ORD00048,2026-08-18,C0493,Sahan Perera,Kandy,P020,Microwave Oven,Home Appliances,1,48000,10,4800.0,Online Payment,43200.0
ORD00716,2026-08-18,C0247,Kasun Silva,Ratnapura,P025,Desk Organizer,Stationery,3,1800,15,810.0,Cash,4590.0
ORD02186,2026-08-18,C0217,Dinesh Jayasinghe,Matara,P002,Smartphone,Electronics,1,95000,5,4750.0,Credit Card,90250.0
ORD00886,2026-08-18,C0092,Sahan Silva,Ratnapura,P016,Coffee Maker,Home Appliances,4,22000,15,13200.0,Credit Card,74800.0
ORD00082,2026-08-19,C0189,Ayesha Samarasinghe,Ratnapura,P012,Jeans,Clothing,1,7500,10,750.0,Debit Card,6750.0
ORD00599,2026-08-19,C0402,Ayesha Karunaratne,Galle,P012,Jeans,Clothing,3,7500,5,1125.0,Credit Card,21375.0
ORD00707,2026-08-20,C0005,Dinithi Samarasinghe,Matara,P005,Smart Watch,Electronics,3,25000,0,0.0,Debit Card,75000.0
ORD02315,2026-08-20,C0032,Chamod Karunaratne,Galle,P008,Bookshelf,Furniture,3,28000,5,4200.0,Debit Card,79800.0
ORD02552,2026-08-20,C0190,Nethmi Silva,Ratnapura,P012,Jeans,Clothing,3,7500,15,3375.0,Debit Card,19125.0
ORD02048,2026-08-20,C0487,Nethmi Gunawardena,Galle,P002,Smartphone,Electronics,2,95000,5,9500.0,Debit Card,180500.0
ORD02993,2026-08-20,C0484,Ayesha Jayasinghe,Anuradhapura,P023,Calculator,Stationery,4,2500,0,0.0,Online Payment,10000.0
ORD00442,2026-08-21,C0298,Dinithi Fernando,Anuradhapura,P007,Office Desk,Furniture,2,55000,10,11000.0,Debit Card,99000.0
ORD00843,2026-08-21,C0014,Sanduni Gunawardena,Kandy,P014,Sneakers,Clothing,1,15000,10,1500.0,Online Payment,13500.0
ORD00012,2026-08-21,C0205,Dilini Bandara,Galle,P017,Electric Kettle,Home Appliances,1,8500,0,0.0,Cash,8500.0
ORD00997,2026-08-21,C0454,Piumi Silva,Galle,P016,Coffee Maker,Home Appliances,1,22000,10,2200.0,Debit Card,19800.0
ORD01537,2026-08-21,C0156,Tharindu Karunaratne,Colombo,P009,Dining Table,Furniture,1,85000,10,8500.0,Online Payment,76500.0
ORD01324,2026-08-22,C0346,Hiruni Perera,Jaffna,P017,Electric Kettle,Home Appliances,1,8500,15,1275.0,Credit Card,7225.0
ORD01283,2026-08-22,C0455,Tharushi Rathnayake,Kandy,P017,Electric Kettle,Home Appliances,2,8500,15,2550.0,Online Payment,14450.0
ORD01708,2026-08-22,C0293,Chamod Rathnayake,Colombo,P016,Coffee Maker,Home Appliances,4,22000,10,8800.0,Debit Card,79200.0
ORD00390,2026-08-22,C0120,Chamod Fernando,Jaffna,P022,Pen Set,Stationery,1,1200,0,0.0,Credit Card,1200.0
ORD01164,2026-08-22,C0197,Kasun Fernando,Galle,P021,Notebook,Stationery,2,800,0,0.0,Cash,1600.0
ORD02454,2026-08-22,C0401,Sanduni Gunawardena,Matara,P025,Desk Organizer,Stationery,2,1800,5,180.0,Credit Card,3420.0
ORD01514,2026-08-22,C0086,Dinithi Jayasinghe,Batticaloa,P014,Sneakers,Clothing,1,15000,0,0.0,Debit Card,15000.0
ORD00434,2026-08-22,C0053,Amal Samarasinghe,Kurunegala,P018,Blender,Home Appliances,2,14000,5,1400.0,Debit Card,26600.0
ORD00479,2026-08-23,C0248,Hiruni Silva,Batticaloa,P006,Office Chair,Furniture,2,35000,0,0.0,Cash,70000.0
ORD02679,2026-08-23,C0020,Sachini Karunaratne,Matara,P018,Blender,Home Appliances,1,14000,15,2100.0,Debit Card,11900.0
ORD01546,2026-08-23,C0390,Hasini Rathnayake,Anuradhapura,P004,Wireless Headphones,Electronics,2,18000,0,0.0,Debit Card,36000.0
ORD00099,2026-08-23,C0224,Ayesha Fernando,Anuradhapura,P012,Jeans,Clothing,1,7500,10,750.0,Cash,6750.0
ORD00540,2026-08-23,C0130,Sahan Samarasinghe,Matara,P019,Rice Cooker,Home Appliances,1,18000,5,900.0,Online Payment,17100.0
ORD01165,2026-08-24,C0496,Isuru Bandara,Anuradhapura,P004,Wireless Headphones,Electronics,1,18000,10,1800.0,Debit Card,16200.0
ORD02104,2026-08-24,C0332,Ravindu Fernando,Jaffna,P005,Smart Watch,Electronics,2,25000,0,0.0,Debit Card,50000.0
ORD02107,2026-08-24,C0318,Ayesha Silva,Anuradhapura,P023,Calculator,Stationery,5,2500,5,625.0,Online Payment,11875.0
ORD01114,2026-08-24,C0294,Hasini Rathnayake,Negombo,P023,Calculator,Stationery,2,2500,0,0.0,Online Payment,5000.0
ORD01268,2026-08-24,C0210,Kavindu Karunaratne,Ratnapura,P012,Jeans,Clothing,1,7500,0,0.0,Credit Card,7500.0
ORD01215,2026-08-24,C0445,Nimal Wijesinghe,Galle,P005,Smart Watch,Electronics,2,25000,0,0.0,Cash,50000.0
ORD01488,2026-08-24,C0014,Ravindu Karunaratne,Galle,P025,Desk Organizer,Stationery,1,1800,10,180.0,Debit Card,1620.0
ORD00909,2026-08-25,C0371,Nethmi Rathnayake,Batticaloa,P009,Dining Table,Furniture,1,85000,0,0.0,Credit Card,85000.0
ORD01034,2026-08-25,C0104,Hiruni Rathnayake,Negombo,P007,Office Desk,Furniture,1,55000,0,0.0,Online Payment,55000.0
ORD00133,2026-08-25,C0381,Tharindu Gunawardena,Kandy,P016,Coffee Maker,Home Appliances,2,22000,5,2200.0,Cash,41800.0
ORD01010,2026-08-25,C0097,Piumi Wijesinghe,Galle,P011,T-Shirt,Clothing,1,4500,5,225.0,Credit Card,4275.0
ORD00576,2026-08-25,C0267,Nethmi Gunawardena,Galle,P006,Office Chair,Furniture,3,35000,0,0.0,Credit Card,105000.0
ORD02609,2026-08-25,C0139,Kasun Silva,Colombo,P019,Rice Cooker,Home Appliances,1,18000,15,2700.0,Online Payment,15300.0
ORD02547,2026-08-26,C0478,Kasun Wijesinghe,Jaffna,P007,Office Desk,Furniture,3,55000,0,0.0,Debit Card,165000.0
ORD00982,2026-08-26,C0066,Kasun Silva,Negombo,P019,Rice Cooker,Home Appliances,3,18000,5,2700.0,Credit Card,51300.0
ORD02741,2026-08-26,C0191,Sahan Silva,Kandy,P001,Laptop,Electronics,1,180000,5,9000.0,Cash,171000.0
ORD02066,2026-08-26,C0279,Tharushi Gunawardena,Kandy,P015,Backpack,Clothing,1,6500,0,0.0,Online Payment,6500.0
ORD01428,2026-08-26,C0406,Sachini Bandara,Batticaloa,P010,Computer Table,Furniture,3,42000,10,12600.0,Cash,113400.0
ORD00960,2026-08-27,C0024,Ayesha Perera,Kurunegala,P014,Sneakers,Clothing,1,15000,0,0.0,Debit Card,15000.0
ORD00398,2026-08-27,C0418,Chamod Gunawardena,Negombo,P024,File Folder,Stationery,2,650,0,0.0,Credit Card,1300.0
ORD02752,2026-08-28,C0093,Amal Wijesinghe,Ratnapura,P016,Coffee Maker,Home Appliances,1,22000,10,2200.0,Online Payment,19800.0
ORD01287,2026-08-28,C0390,Hiruni Samarasinghe,Kurunegala,P025,Desk Organizer,Stationery,4,1800,15,1080.0,Credit Card,6120.0
ORD02784,2026-08-28,C0309,Amal Perera,Batticaloa,P025,Desk Organizer,Stationery,1,1800,0,0.0,Debit Card,1800.0
ORD02153,2026-08-28,C0347,Dilini Jayasinghe,Negombo,P014,Sneakers,Clothing,3,15000,5,2250.0,Debit Card,42750.0
